{"textures":{"0":"modelengine:entity/nocsy_drakonin_baby6"},"elements":[{"from":[6.5714283,4.345257,6.347703],"to":[9.428572,7.2023997,10.347703],"rotation":{"angle":0.0,"axis":"y","origin":[7.897143,5.4148626,8.267651]},"faces":{"east":{"uv":[2.5,5.0,3.375,5.625],"rotation":0,"texture":"#0","tintindex":0},"south":{"uv":[0.75,6.375,1.375,7.0],"rotation":0,"texture":"#0","tintindex":0},"north":{"uv":[0.0,6.375,0.625,7.0],"rotation":0,"texture":"#0","tintindex":0},"west":{"uv":[3.5,5.0,4.375,5.625],"rotation":0,"texture":"#0","tintindex":0},"up":{"uv":[5.125,5.875,4.5,5.0],"rotation":0,"texture":"#0","tintindex":0},"down":{"uv":[5.875,5.0,5.25,5.875],"rotation":0,"texture":"#0","tintindex":0}}},{"from":[6.857143,3.39039,9.497969],"to":[9.142858,6.247533,11.212254],"rotation":{"angle":22.5,"axis":"x","origin":[7.52,4.5400867,12.205719]},"faces":{"east":{"uv":[7.25,2.75,7.625,3.375],"rotation":0,"texture":"#0","tintindex":0},"south":{"uv":[7.0,6.0,7.5,6.625],"rotation":0,"texture":"#0","tintindex":0},"north":{"uv":[4.5,6.875,5.0,7.5],"rotation":0,"texture":"#0","tintindex":0},"west":{"uv":[7.25,3.5,7.625,4.125],"rotation":0,"texture":"#0","tintindex":0},"up":{"uv":[7.5,8.0,7.0,7.625],"rotation":0,"texture":"#0","tintindex":0},"down":{"uv":[8.125,7.625,7.625,8.0],"rotation":0,"texture":"#0","tintindex":0}}},{"from":[6.5657144,4.935337,5.24647],"to":[9.434286,7.803909,8.115042],"rotation":{"angle":45.0,"axis":"x","origin":[8.0,6.769623,6.5093274]},"faces":{"east":{"uv":[6.5,0.0,7.125,0.625],"rotation":0,"texture":"#0","tintindex":0},"south":{"uv":[6.5,0.75,7.125,1.375],"rotation":0,"texture":"#0","tintindex":0},"north":{"uv":[1.5,6.375,2.125,7.0],"rotation":0,"texture":"#0","tintindex":0},"west":{"uv":[6.5,1.5,7.125,2.125],"rotation":0,"texture":"#0","tintindex":0},"up":{"uv":[7.125,2.875,6.5,2.25],"rotation":0,"texture":"#0","tintindex":0},"down":{"uv":[7.125,3.0,6.5,3.625],"rotation":0,"texture":"#0","tintindex":0}}}],"display":{"head":{"translation":[0.0,-6.4,0.0],"scale":[4.0,4.0,4.0]}}}