{"textures":{"0":"modelengine:entity/nocsy_drakonin_baby6"},"elements":[{"from":[6.5714283,7.640972,6.392003],"to":[9.428572,10.498116,9.249146],"rotation":{"angle":0.0,"axis":"y","origin":[8.302857,8.898342,7.846291]},"faces":{"east":{"uv":[2.25,6.625,2.875,7.25],"rotation":0,"texture":"#0","tintindex":0},"south":{"uv":[3.0,6.625,3.625,7.25],"rotation":0,"texture":"#0","tintindex":0},"north":{"uv":[6.5,3.75,7.125,4.375],"rotation":0,"texture":"#0","tintindex":0},"west":{"uv":[6.75,4.5,7.375,5.125],"rotation":0,"texture":"#0","tintindex":0},"up":{"uv":[7.375,5.875,6.75,5.25],"rotation":0,"texture":"#0","tintindex":0},"down":{"uv":[4.375,6.875,3.75,7.5],"rotation":0,"texture":"#0","tintindex":0}}},{"from":[6.5148573,9.412401,5.8205748],"to":[6.5148573,10.555258,7.53486],"rotation":{"angle":22.5,"axis":"x","origin":[6.6574287,9.9838295,6.363432]},"faces":{"east":{"uv":[11.5,3.75,11.125,4.0],"rotation":0,"texture":"#0","tintindex":0},"south":{"uv":[2.875,6.625,2.25,7.25],"rotation":0,"texture":"#0","tintindex":0},"north":{"uv":[7.375,4.5,6.75,5.125],"rotation":0,"texture":"#0","tintindex":0},"west":{"uv":[11.125,3.75,11.5,4.0],"rotation":0,"texture":"#0","tintindex":0},"up":{"uv":[7.375,5.25,6.75,5.875],"rotation":90,"texture":"#0","tintindex":0},"down":{"uv":[4.375,7.5,3.75,6.875],"rotation":270,"texture":"#0","tintindex":0}}},{"from":[7.6577144,9.412401,5.8205748],"to":[7.6577144,10.555258,7.53486],"rotation":{"angle":22.5,"axis":"x","origin":[6.6574287,9.9838295,6.363432]},"faces":{"east":{"uv":[11.5,3.75,11.125,4.0],"rotation":0,"texture":"#0","tintindex":0},"south":{"uv":[2.875,6.625,2.25,7.25],"rotation":0,"texture":"#0","tintindex":0},"north":{"uv":[7.375,4.5,6.75,5.125],"rotation":0,"texture":"#0","tintindex":0},"west":{"uv":[11.125,3.75,11.5,4.0],"rotation":0,"texture":"#0","tintindex":0},"up":{"uv":[7.375,5.25,6.75,5.875],"rotation":90,"texture":"#0","tintindex":0},"down":{"uv":[4.375,7.5,3.75,6.875],"rotation":270,"texture":"#0","tintindex":0}}},{"from":[8.342286,9.412401,5.8205748],"to":[8.342286,10.555258,7.53486],"rotation":{"angle":22.5,"axis":"x","origin":[9.342571,9.9838295,6.363432]},"faces":{"east":{"uv":[11.5,3.75,11.125,4.0],"rotation":0,"texture":"#0","tintindex":0},"south":{"uv":[2.25,6.625,2.875,7.25],"rotation":0,"texture":"#0","tintindex":0},"north":{"uv":[6.75,4.5,7.375,5.125],"rotation":0,"texture":"#0","tintindex":0},"west":{"uv":[11.125,3.75,11.5,4.0],"rotation":0,"texture":"#0","tintindex":0},"up":{"uv":[7.375,5.875,6.75,5.25],"rotation":90,"texture":"#0","tintindex":0},"down":{"uv":[4.375,6.875,3.75,7.5],"rotation":270,"texture":"#0","tintindex":0}}},{"from":[5.942857,9.412401,6.392003],"to":[7.6571426,10.555258,6.392003],"rotation":{"angle":22.5,"axis":"x","origin":[6.6574287,9.9838295,6.363432]},"faces":{"east":{"uv":[7.375,4.5,6.75,5.125],"rotation":0,"texture":"#0","tintindex":0},"south":{"uv":[11.125,3.75,11.5,4.0],"rotation":0,"texture":"#0","tintindex":0},"north":{"uv":[11.5,3.75,11.125,4.0],"rotation":0,"texture":"#0","tintindex":0},"west":{"uv":[2.875,6.625,2.25,7.25],"rotation":0,"texture":"#0","tintindex":0},"up":{"uv":[6.75,5.875,7.375,5.25],"rotation":0,"texture":"#0","tintindex":0},"down":{"uv":[3.75,6.875,4.375,7.5],"rotation":0,"texture":"#0","tintindex":0}}},{"from":[8.342857,9.412401,6.392003],"to":[10.057143,10.555258,6.392003],"rotation":{"angle":22.5,"axis":"x","origin":[9.342571,9.9838295,6.363432]},"faces":{"east":{"uv":[2.25,6.625,2.875,7.25],"rotation":0,"texture":"#0","tintindex":0},"south":{"uv":[11.5,3.75,11.125,4.0],"rotation":0,"texture":"#0","tintindex":0},"north":{"uv":[11.125,3.75,11.5,4.0],"rotation":0,"texture":"#0","tintindex":0},"west":{"uv":[6.75,4.5,7.375,5.125],"rotation":0,"texture":"#0","tintindex":0},"up":{"uv":[7.375,5.875,6.75,5.25],"rotation":0,"texture":"#0","tintindex":0},"down":{"uv":[4.375,6.875,3.75,7.5],"rotation":0,"texture":"#0","tintindex":0}}},{"from":[9.485143,9.412401,5.8205748],"to":[9.485143,10.555258,7.53486],"rotation":{"angle":22.5,"axis":"x","origin":[9.342571,9.9838295,6.363432]},"faces":{"east":{"uv":[11.5,3.75,11.125,4.0],"rotation":0,"texture":"#0","tintindex":0},"south":{"uv":[2.25,6.625,2.875,7.25],"rotation":0,"texture":"#0","tintindex":0},"north":{"uv":[6.75,4.5,7.375,5.125],"rotation":0,"texture":"#0","tintindex":0},"west":{"uv":[11.125,3.75,11.5,4.0],"rotation":0,"texture":"#0","tintindex":0},"up":{"uv":[7.375,5.875,6.75,5.25],"rotation":90,"texture":"#0","tintindex":0},"down":{"uv":[4.375,6.875,3.75,7.5],"rotation":270,"texture":"#0","tintindex":0}}},{"from":[8.0,10.326687,6.392003],"to":[8.0,13.183829,10.392003],"rotation":{"angle":0.0,"axis":"y","origin":[8.0,11.755258,8.392003]},"faces":{"east":{"uv":[6.375,0.75,5.5,1.375],"rotation":0,"texture":"#0","tintindex":0},"south":{"uv":[7.625,10.25,7.625,10.875],"rotation":0,"texture":"#0","tintindex":0},"north":{"uv":[1.375,10.25,1.375,10.875],"rotation":0,"texture":"#0","tintindex":0},"west":{"uv":[5.5,0.75,6.375,1.375],"rotation":0,"texture":"#0","tintindex":0},"up":{"uv":[7.75,11.125,7.75,10.25],"rotation":0,"texture":"#0","tintindex":0},"down":{"uv":[5.75,10.5,5.75,11.375],"rotation":0,"texture":"#0","tintindex":0}}},{"from":[6.857143,9.755258,7.0205746],"to":[6.857143,12.612401,11.020575],"rotation":{"angle":-22.5,"axis":"y","origin":[8.0,11.755258,8.392003]},"faces":{"east":{"uv":[6.375,2.25,5.5,2.875],"rotation":0,"texture":"#0","tintindex":0},"south":{"uv":[8.0,10.5,8.0,11.125],"rotation":0,"texture":"#0","tintindex":0},"north":{"uv":[7.875,10.5,7.875,11.125],"rotation":0,"texture":"#0","tintindex":0},"west":{"uv":[5.5,2.25,6.375,2.875],"rotation":0,"texture":"#0","tintindex":0},"up":{"uv":[10.5,8.875,10.5,8.0],"rotation":0,"texture":"#0","tintindex":0},"down":{"uv":[8.125,10.5,8.125,11.375],"rotation":0,"texture":"#0","tintindex":0}}},{"from":[9.142858,9.755258,7.0205746],"to":[9.142858,12.612401,11.020575],"rotation":{"angle":22.5,"axis":"y","origin":[8.0,11.755258,8.392003]},"faces":{"east":{"uv":[6.375,2.25,5.5,2.875],"rotation":0,"texture":"#0","tintindex":0},"south":{"uv":[8.0,10.5,8.0,11.125],"rotation":0,"texture":"#0","tintindex":0},"north":{"uv":[7.875,10.5,7.875,11.125],"rotation":0,"texture":"#0","tintindex":0},"west":{"uv":[5.5,2.25,6.375,2.875],"rotation":0,"texture":"#0","tintindex":0},"up":{"uv":[10.5,8.875,10.5,8.0],"rotation":0,"texture":"#0","tintindex":0},"down":{"uv":[8.125,10.5,8.125,11.375],"rotation":0,"texture":"#0","tintindex":0}}},{"from":[6.5294285,8.040972,6.261146],"to":[6.5294285,10.098115,6.832575],"rotation":{"angle":0.0,"axis":"y","origin":[8.0,9.012628,7.846291]},"faces":{"east":{"uv":[2.125,10.25,2.25,10.75],"rotation":0,"texture":"#0","tintindex":0},"south":{"uv":[9.125,10.5,9.125,11.0],"rotation":0,"texture":"#0","tintindex":0},"north":{"uv":[9.0,10.5,9.0,11.0],"rotation":0,"texture":"#0","tintindex":0},"west":{"uv":[2.375,10.25,2.5,10.75],"rotation":0,"texture":"#0","tintindex":0},"up":{"uv":[5.375,7.0,5.375,6.875],"rotation":0,"texture":"#0","tintindex":0},"down":{"uv":[2.125,7.125,2.125,7.25],"rotation":0,"texture":"#0","tintindex":0}}},{"from":[6.8145714,8.269544,6.2325745],"to":[7.443143,9.412401,6.2325745],"rotation":{"angle":0.0,"axis":"y","origin":[6.0936537,9.012628,7.6702304]},"faces":{"east":{"uv":[8.375,9.75,8.375,10.0],"rotation":0,"texture":"#0","tintindex":0},"south":{"uv":[8.0,7.25,8.125,7.5],"rotation":0,"texture":"#0","tintindex":0},"north":{"uv":[8.125,7.25,8.0,7.5],"rotation":0,"texture":"#0","tintindex":0},"west":{"uv":[7.375,9.875,7.375,10.125],"rotation":0,"texture":"#0","tintindex":0},"up":{"uv":[5.0,7.625,4.875,7.625],"rotation":0,"texture":"#0","tintindex":0},"down":{"uv":[4.75,8.0,4.625,8.0],"rotation":0,"texture":"#0","tintindex":0}}},{"from":[6.528857,8.040972,6.261146],"to":[8.014571,10.098115,6.261146],"rotation":{"angle":0.0,"axis":"y","origin":[6.4365106,9.012628,7.6702304]},"faces":{"east":{"uv":[9.25,10.5,9.25,11.0],"rotation":0,"texture":"#0","tintindex":0},"south":{"uv":[0.5,8.125,0.875,8.625],"rotation":0,"texture":"#0","tintindex":0},"north":{"uv":[0.0,8.125,0.375,8.625],"rotation":0,"texture":"#0","tintindex":0},"west":{"uv":[9.375,10.5,9.375,11.0],"rotation":0,"texture":"#0","tintindex":0},"up":{"uv":[8.875,4.875,8.5,4.875],"rotation":0,"texture":"#0","tintindex":0},"down":{"uv":[5.0,8.625,4.625,8.625],"rotation":0,"texture":"#0","tintindex":0}}},{"from":[6.871714,9.169543,6.218289],"to":[7.043143,9.340972,6.218289],"rotation":{"angle":0.0,"axis":"y","origin":[6.0936537,9.012628,7.6702304]},"faces":{"east":{"uv":[7.125,8.75,7.125,8.875],"rotation":0,"texture":"#0","tintindex":0},"south":{"uv":[7.25,4.25,7.375,4.375],"rotation":0,"texture":"#0","tintindex":0},"north":{"uv":[1.875,7.125,2.0,7.25],"rotation":0,"texture":"#0","tintindex":0},"west":{"uv":[9.0,8.25,9.0,8.375],"rotation":0,"texture":"#0","tintindex":0},"up":{"uv":[8.5,2.625,8.375,2.625],"rotation":0,"texture":"#0","tintindex":0},"down":{"uv":[5.5,8.75,5.375,8.75],"rotation":0,"texture":"#0","tintindex":0}}},{"from":[8.842571,9.169543,6.218289],"to":[9.014,9.340972,6.218289],"rotation":{"angle":0.0,"axis":"y","origin":[9.906346,9.012628,7.6702304]},"faces":{"east":{"uv":[9.25,4.75,9.25,4.875],"rotation":0,"texture":"#0","tintindex":0},"south":{"uv":[8.25,7.875,8.375,8.0],"rotation":0,"texture":"#0","tintindex":0},"north":{"uv":[2.625,7.75,2.75,7.875],"rotation":0,"texture":"#0","tintindex":0},"west":{"uv":[9.375,8.75,9.375,8.875],"rotation":0,"texture":"#0","tintindex":0},"up":{"uv":[8.875,7.75,8.75,7.75],"rotation":0,"texture":"#0","tintindex":0},"down":{"uv":[7.75,9.0,7.625,9.0],"rotation":0,"texture":"#0","tintindex":0}}},{"from":[8.556857,8.269544,6.2325745],"to":[9.185429,9.412401,6.2325745],"rotation":{"angle":0.0,"axis":"y","origin":[9.906346,9.012628,7.6702304]},"faces":{"east":{"uv":[5.375,10.125,5.375,10.375],"rotation":0,"texture":"#0","tintindex":0},"south":{"uv":[4.375,9.25,4.5,9.5],"rotation":0,"texture":"#0","tintindex":0},"north":{"uv":[4.5,9.25,4.375,9.5],"rotation":0,"texture":"#0","tintindex":0},"west":{"uv":[9.5,10.5,9.5,10.75],"rotation":0,"texture":"#0","tintindex":0},"up":{"uv":[9.375,7.625,9.25,7.625],"rotation":0,"texture":"#0","tintindex":0},"down":{"uv":[9.625,4.625,9.5,4.625],"rotation":0,"texture":"#0","tintindex":0}}},{"from":[7.985429,8.040972,6.261146],"to":[9.471143,10.098115,6.261146],"rotation":{"angle":0.0,"axis":"y","origin":[9.56349,9.012628,7.6702304]},"faces":{"east":{"uv":[9.625,10.5,9.625,11.0],"rotation":0,"texture":"#0","tintindex":0},"south":{"uv":[1.5,8.125,1.875,8.625],"rotation":0,"texture":"#0","tintindex":0},"north":{"uv":[1.0,8.125,1.375,8.625],"rotation":0,"texture":"#0","tintindex":0},"west":{"uv":[9.75,10.5,9.75,11.0],"rotation":0,"texture":"#0","tintindex":0},"up":{"uv":[10.0,8.625,9.625,8.625],"rotation":0,"texture":"#0","tintindex":0},"down":{"uv":[10.375,1.75,10.0,1.75],"rotation":0,"texture":"#0","tintindex":0}}},{"from":[9.4705715,8.040972,6.261146],"to":[9.4705715,10.098115,6.832575],"rotation":{"angle":0.0,"axis":"y","origin":[8.0,9.012628,7.846291]},"faces":{"east":{"uv":[2.625,10.25,2.75,10.75],"rotation":0,"texture":"#0","tintindex":0},"south":{"uv":[10.0,10.5,10.0,11.0],"rotation":0,"texture":"#0","tintindex":0},"north":{"uv":[9.875,10.5,9.875,11.0],"rotation":0,"texture":"#0","tintindex":0},"west":{"uv":[2.875,10.25,3.0,10.75],"rotation":0,"texture":"#0","tintindex":0},"up":{"uv":[10.0,3.0,10.0,2.875],"rotation":0,"texture":"#0","tintindex":0},"down":{"uv":[10.5,9.5,10.5,9.625],"rotation":0,"texture":"#0","tintindex":0}}},{"from":[7.2,8.272677,5.515012],"to":[8.8,9.301249,6.543584],"rotation":{"angle":-22.5,"axis":"x","origin":[8.0,8.958391,5.9150124]},"faces":{"east":{"uv":[6.875,10.25,7.125,10.5],"rotation":0,"texture":"#0","tintindex":0},"south":{"uv":[9.875,2.125,10.25,2.375],"rotation":0,"texture":"#0","tintindex":0},"north":{"uv":[7.875,9.75,8.25,10.0],"rotation":0,"texture":"#0","tintindex":0},"west":{"uv":[7.25,10.25,7.5,10.5],"rotation":0,"texture":"#0","tintindex":0},"up":{"uv":[10.25,5.75,9.875,5.5],"rotation":0,"texture":"#0","tintindex":0},"down":{"uv":[10.25,6.25,9.875,6.5],"rotation":0,"texture":"#0","tintindex":0}}},{"from":[7.205714,8.177515,4.7850146],"to":[8.794286,9.194658,5.8021574],"rotation":{"angle":0.0,"axis":"y","origin":[8.0,8.914658,5.1793003]},"faces":{"east":{"uv":[10.375,2.125,10.625,2.375],"rotation":0,"texture":"#0","tintindex":0},"south":{"uv":[9.875,7.25,10.25,7.5],"rotation":0,"texture":"#0","tintindex":0},"north":{"uv":[6.875,9.875,7.25,10.125],"rotation":0,"texture":"#0","tintindex":0},"west":{"uv":[10.375,3.875,10.625,4.125],"rotation":0,"texture":"#0","tintindex":0},"up":{"uv":[10.25,7.875,9.875,7.625],"rotation":0,"texture":"#0","tintindex":0},"down":{"uv":[10.25,9.125,9.875,9.375],"rotation":0,"texture":"#0","tintindex":0}}},{"from":[7.1857142,8.754842,4.8829756],"to":[7.1857142,9.097699,5.225833],"rotation":{"angle":45.0,"axis":"x","origin":[8.0,8.9262705,5.0544043]},"faces":{"east":{"uv":[9.0,4.75,9.125,4.875],"rotation":0,"texture":"#0","tintindex":0},"south":{"uv":[1.0,10.625,1.0,10.75],"rotation":0,"texture":"#0","tintindex":0},"north":{"uv":[0.875,10.625,0.875,10.75],"rotation":0,"texture":"#0","tintindex":0},"west":{"uv":[5.125,9.125,5.25,9.25],"rotation":0,"texture":"#0","tintindex":0},"up":{"uv":[1.5,10.75,1.5,10.625],"rotation":0,"texture":"#0","tintindex":0},"down":{"uv":[1.625,10.625,1.625,10.75],"rotation":0,"texture":"#0","tintindex":0}}},{"from":[8.814285,8.754842,4.8829756],"to":[8.814285,9.097699,5.225833],"rotation":{"angle":45.0,"axis":"x","origin":[8.0,8.9262705,5.0544043]},"faces":{"east":{"uv":[9.125,8.75,9.25,8.875],"rotation":0,"texture":"#0","tintindex":0},"south":{"uv":[4.125,10.625,4.125,10.75],"rotation":0,"texture":"#0","tintindex":0},"north":{"uv":[1.75,10.625,1.75,10.75],"rotation":0,"texture":"#0","tintindex":0},"west":{"uv":[6.125,9.375,6.25,9.5],"rotation":0,"texture":"#0","tintindex":0},"up":{"uv":[4.25,10.75,4.25,10.625],"rotation":0,"texture":"#0","tintindex":0},"down":{"uv":[4.375,10.625,4.375,10.75],"rotation":0,"texture":"#0","tintindex":0}}},{"from":[8.721108,6.08796,4.967471],"to":[8.721108,7.8022456,6.681757],"rotation":{"angle":45.0,"axis":"x","origin":[8.0,8.030817,6.624614]},"faces":{"east":{"uv":[9.0,9.0,9.375,9.375],"rotation":0,"texture":"#0","tintindex":0},"south":{"uv":[4.625,10.625,4.625,11.0],"rotation":0,"texture":"#0","tintindex":0},"north":{"uv":[4.5,10.625,4.5,11.0],"rotation":0,"texture":"#0","tintindex":0},"west":{"uv":[0.0,9.125,0.375,9.5],"rotation":0,"texture":"#0","tintindex":0},"up":{"uv":[4.75,11.0,4.75,10.625],"rotation":0,"texture":"#0","tintindex":0},"down":{"uv":[4.875,10.625,4.875,11.0],"rotation":0,"texture":"#0","tintindex":0}}},{"from":[7.2788916,6.08796,4.967471],"to":[7.2788916,7.8022456,6.681757],"rotation":{"angle":45.0,"axis":"x","origin":[8.0,8.030817,6.624614]},"faces":{"east":{"uv":[0.5,9.125,0.875,9.5],"rotation":0,"texture":"#0","tintindex":0},"south":{"uv":[5.125,10.625,5.125,11.0],"rotation":0,"texture":"#0","tintindex":0},"north":{"uv":[5.0,10.625,5.0,11.0],"rotation":0,"texture":"#0","tintindex":0},"west":{"uv":[1.0,9.125,1.375,9.5],"rotation":0,"texture":"#0","tintindex":0},"up":{"uv":[5.25,11.0,5.25,10.625],"rotation":0,"texture":"#0","tintindex":0},"down":{"uv":[5.375,10.625,5.375,11.0],"rotation":0,"texture":"#0","tintindex":0}}},{"from":[7.428571,7.629334,5.1755586],"to":[8.571428,8.772191,6.8898444],"rotation":{"angle":0.0,"axis":"y","origin":[7.5942855,8.046704,6.193275]},"faces":{"east":{"uv":[10.0,1.375,10.375,1.625],"rotation":0,"texture":"#0","tintindex":0},"south":{"uv":[10.375,5.0,10.625,5.25],"rotation":0,"texture":"#0","tintindex":0},"north":{"uv":[10.375,4.625,10.625,4.875],"rotation":0,"texture":"#0","tintindex":0},"west":{"uv":[10.0,2.5,10.375,2.75],"rotation":0,"texture":"#0","tintindex":0},"up":{"uv":[10.25,5.0,10.0,4.625],"rotation":0,"texture":"#0","tintindex":0},"down":{"uv":[5.75,10.0,5.5,10.375],"rotation":0,"texture":"#0","tintindex":0}}}],"display":{"head":{"translation":[0.0,-6.4,0.0],"scale":[4.0,4.0,4.0]}}}