{"textures":{"0":"modelengine:entity/nocsy_drakonin_baby6"},"elements":[{"from":[6.888376,7.0705366,7.46578],"to":[8.031234,8.213394,9.751494],"rotation":{"angle":0.0,"axis":"y","origin":[7.682576,7.514231,9.191969]},"faces":{"east":{"uv":[9.5,4.25,10.0,4.5],"rotation":0,"texture":"#0","tintindex":0},"south":{"uv":[4.625,10.25,4.875,10.5],"rotation":0,"texture":"#0","tintindex":0},"north":{"uv":[4.25,10.25,4.5,10.5],"rotation":0,"texture":"#0","tintindex":0},"west":{"uv":[6.875,9.5,7.375,9.75],"rotation":0,"texture":"#0","tintindex":0},"up":{"uv":[9.75,8.125,9.5,7.625],"rotation":0,"texture":"#0","tintindex":0},"down":{"uv":[8.75,9.5,8.5,10.0],"rotation":0,"texture":"#0","tintindex":0}}},{"from":[6.6566586,6.8700714,8.328783],"to":[7.799516,8.012929,10.614498],"rotation":{"angle":22.5,"axis":"z","origin":[6.2508583,7.142337,9.483543]},"faces":{"east":{"uv":[9.5,6.875,10.0,7.125],"rotation":0,"texture":"#0","tintindex":0},"south":{"uv":[6.5,10.25,6.75,10.5],"rotation":0,"texture":"#0","tintindex":0},"north":{"uv":[6.125,10.25,6.375,10.5],"rotation":0,"texture":"#0","tintindex":0},"west":{"uv":[9.5,8.75,10.0,9.0],"rotation":0,"texture":"#0","tintindex":0},"up":{"uv":[9.125,10.0,8.875,9.5],"rotation":0,"texture":"#0","tintindex":0},"down":{"uv":[9.75,9.125,9.5,9.625],"rotation":0,"texture":"#0","tintindex":0}}},{"from":[6.777718,7.176711,10.1081],"to":[6.777718,8.719568,12.393814],"rotation":{"angle":-22.5,"axis":"x","origin":[6.794721,8.34044,11.262525]},"faces":{"east":{"uv":[7.25,8.125,7.75,8.5],"rotation":0,"texture":"#0","tintindex":0},"south":{"uv":[0.625,10.625,0.625,11.0],"rotation":0,"texture":"#0","tintindex":0},"north":{"uv":[10.625,0.25,10.625,0.625],"rotation":0,"texture":"#0","tintindex":0},"west":{"uv":[7.875,8.125,8.375,8.5],"rotation":0,"texture":"#0","tintindex":0},"up":{"uv":[0.75,11.125,0.75,10.625],"rotation":0,"texture":"#0","tintindex":0},"down":{"uv":[10.625,0.75,10.625,1.25],"rotation":0,"texture":"#0","tintindex":0}}},{"from":[6.0117245,7.9327397,10.016951],"to":[7.611725,7.9327397,12.302664],"rotation":{"angle":-22.5,"axis":"x","origin":[6.794721,8.34044,11.262525]},"faces":{"east":{"uv":[10.625,3.5,11.125,3.5],"rotation":0,"texture":"#0","tintindex":0},"south":{"uv":[3.625,10.625,4.0,10.625],"rotation":0,"texture":"#0","tintindex":0},"north":{"uv":[3.125,10.625,3.5,10.625],"rotation":0,"texture":"#0","tintindex":0},"west":{"uv":[10.625,3.625,11.125,3.625],"rotation":0,"texture":"#0","tintindex":0},"up":{"uv":[8.625,7.75,8.25,7.25],"rotation":0,"texture":"#0","tintindex":0},"down":{"uv":[8.75,1.5,8.375,2.0],"rotation":0,"texture":"#0","tintindex":0}}}],"display":{"head":{"translation":[0.0,-6.4,0.0],"scale":[4.0,4.0,4.0]}}}