{"textures":{"0":"modelengine:entity/nocsy_drakonin_baby6"},"elements":[{"from":[5.172887,7.5342283,6.4201617],"to":[8.944316,8.448514,7.3344474],"rotation":{"angle":22.5,"axis":"y","origin":[7.3443155,7.9913716,8.020162]},"faces":{"east":{"uv":[0.375,10.25,0.625,10.5],"rotation":0,"texture":"#0","tintindex":0},"south":{"uv":[2.875,7.625,3.75,7.875],"rotation":0,"texture":"#0","tintindex":0},"north":{"uv":[7.5,5.5,8.375,5.75],"rotation":0,"texture":"#0","tintindex":0},"west":{"uv":[10.25,0.375,10.5,0.625],"rotation":0,"texture":"#0","tintindex":0},"up":{"uv":[4.75,7.875,3.875,7.625],"rotation":0,"texture":"#0","tintindex":0},"down":{"uv":[8.5,5.875,7.625,6.125],"rotation":0,"texture":"#0","tintindex":0}}},{"from":[0.001458168,7.9342284,6.8773046],"to":[8.001458,7.9913716,17.734447],"rotation":{"angle":0.0,"axis":"y","origin":[7.3443155,7.9913716,8.020162]},"faces":{"east":{"uv":[7.25,1.0,9.625,1.125],"rotation":0,"texture":"#0","tintindex":0},"south":{"uv":[7.625,6.5,9.375,6.625],"rotation":0,"texture":"#0","tintindex":0},"north":{"uv":[7.625,6.25,9.375,6.375],"rotation":0,"texture":"#0","tintindex":0},"west":{"uv":[7.25,1.25,9.625,1.375],"rotation":0,"texture":"#0","tintindex":0},"up":{"uv":[1.75,4.875,0.0,2.5],"rotation":0,"texture":"#0","tintindex":0},"down":{"uv":[3.625,2.5,1.875,4.875],"rotation":0,"texture":"#0","tintindex":0}}},{"from":[2.6094384,7.5913715,8.740897],"to":[5.6951528,8.391372,9.540897],"rotation":{"angle":45.0,"axis":"y","origin":[3.5808668,7.9913716,9.140898]},"faces":{"east":{"uv":[0.75,10.25,1.0,10.5],"rotation":0,"texture":"#0","tintindex":0},"south":{"uv":[7.75,3.5,8.5,3.75],"rotation":0,"texture":"#0","tintindex":0},"north":{"uv":[7.75,3.125,8.5,3.375],"rotation":0,"texture":"#0","tintindex":0},"west":{"uv":[10.25,1.0,10.5,1.25],"rotation":0,"texture":"#0","tintindex":0},"up":{"uv":[8.5,4.125,7.75,3.875],"rotation":0,"texture":"#0","tintindex":0},"down":{"uv":[5.625,7.75,4.875,8.0],"rotation":0,"texture":"#0","tintindex":0}}},{"from":[2.9522953,7.6485143,9.712326],"to":[3.63801,8.3342285,12.112327],"rotation":{"angle":-22.5,"axis":"y","origin":[3.5808668,7.9913716,9.140898]},"faces":{"east":{"uv":[10.125,7.0,10.625,7.125],"rotation":0,"texture":"#0","tintindex":0},"south":{"uv":[5.125,6.875,5.25,7.0],"rotation":0,"texture":"#0","tintindex":0},"north":{"uv":[6.75,6.0,6.875,6.125],"rotation":0,"texture":"#0","tintindex":0},"west":{"uv":[10.125,9.75,10.625,9.875],"rotation":0,"texture":"#0","tintindex":0},"up":{"uv":[1.25,10.75,1.125,10.25],"rotation":0,"texture":"#0","tintindex":0},"down":{"uv":[2.0,10.25,1.875,10.75],"rotation":0,"texture":"#0","tintindex":0}}}],"display":{"head":{"translation":[0.0,-6.4,0.0],"scale":[4.0,4.0,4.0]}}}