{"textures":{"0":"modelengine:entity/nocsy_drakonin_baby6"},"elements":[{"from":[7.134258,6.3877306,6.5529633],"to":[8.277115,8.673445,8.838677],"rotation":{"angle":-22.5,"axis":"x","origin":[9.288544,7.759159,7.8786774]},"faces":{"east":{"uv":[5.75,7.125,6.25,7.625],"rotation":0,"texture":"#0","tintindex":0},"south":{"uv":[0.375,9.625,0.625,10.125],"rotation":0,"texture":"#0","tintindex":0},"north":{"uv":[0.0,9.625,0.25,10.125],"rotation":0,"texture":"#0","tintindex":0},"west":{"uv":[6.375,7.125,6.875,7.625],"rotation":0,"texture":"#0","tintindex":0},"up":{"uv":[1.0,10.125,0.75,9.625],"rotation":0,"texture":"#0","tintindex":0},"down":{"uv":[1.375,9.625,1.125,10.125],"rotation":0,"texture":"#0","tintindex":0}}}],"display":{"head":{"translation":[0.0,-6.4,0.0],"scale":[4.0,4.0,4.0]}}}