{"textures":{"0":"modelengine:entity/nocsy_drakonin_baby6"},"elements":[{"from":[7.7631717,7.3428574,7.3091574],"to":[9.248886,8.828571,8.794871],"rotation":{"angle":22.5,"axis":"y","origin":[7.2488856,8.2,9.252014]},"faces":{"east":{"uv":[9.0,2.0,9.375,2.375],"rotation":0,"texture":"#0","tintindex":0},"south":{"uv":[9.0,4.25,9.375,4.625],"rotation":0,"texture":"#0","tintindex":0},"north":{"uv":[5.875,8.875,6.25,9.25],"rotation":0,"texture":"#0","tintindex":0},"west":{"uv":[7.125,9.0,7.5,9.375],"rotation":0,"texture":"#0","tintindex":0},"up":{"uv":[9.375,8.125,9.0,7.75],"rotation":0,"texture":"#0","tintindex":0},"down":{"uv":[8.875,9.0,8.5,9.375],"rotation":0,"texture":"#0","tintindex":0}}},{"from":[6.448886,7.2285714,4.280586],"to":[9.306028,7.2285714,7.7091575],"rotation":{"angle":-22.5,"axis":"x","origin":[8.048885,7.9142857,6.0520144]},"faces":{"east":{"uv":[10.5,4.25,11.25,4.25],"rotation":0,"texture":"#0","tintindex":0},"south":{"uv":[10.5,4.375,11.125,4.375],"rotation":0,"texture":"#0","tintindex":0},"north":{"uv":[10.5,3.125,11.125,3.125],"rotation":0,"texture":"#0","tintindex":0},"west":{"uv":[10.5,4.5,11.25,4.5],"rotation":0,"texture":"#0","tintindex":0},"up":{"uv":[5.375,6.75,4.75,6.0],"rotation":0,"texture":"#0","tintindex":0},"down":{"uv":[6.625,5.375,6.0,6.125],"rotation":0,"texture":"#0","tintindex":0}}},{"from":[6.448886,8.771429,4.280586],"to":[9.306028,8.771429,7.7091575],"rotation":{"angle":22.5,"axis":"x","origin":[8.048885,7.9142857,6.0520144]},"faces":{"east":{"uv":[10.5,6.625,11.25,6.625],"rotation":0,"texture":"#0","tintindex":0},"south":{"uv":[10.5,6.75,11.125,6.75],"rotation":0,"texture":"#0","tintindex":0},"north":{"uv":[5.0,10.5,5.625,10.5],"rotation":0,"texture":"#0","tintindex":0},"west":{"uv":[10.5,6.875,11.25,6.875],"rotation":0,"texture":"#0","tintindex":0},"up":{"uv":[6.125,7.0,5.5,6.25],"rotation":0,"texture":"#0","tintindex":0},"down":{"uv":[6.875,6.25,6.25,7.0],"rotation":0,"texture":"#0","tintindex":0}}}],"display":{"head":{"translation":[0.0,-6.4,0.0],"scale":[4.0,4.0,4.0]}}}