{"textures":{"0":"modelengine:entity/nocsy_drakonin_baby6"},"elements":[{"from":[7.0556846,7.5342283,6.4201617],"to":[10.827113,8.448514,7.3344474],"rotation":{"angle":-22.5,"axis":"y","origin":[8.655684,7.9913716,8.020162]},"faces":{"east":{"uv":[5.0,10.125,5.25,10.375],"rotation":0,"texture":"#0","tintindex":0},"south":{"uv":[1.875,7.375,2.75,7.625],"rotation":0,"texture":"#0","tintindex":0},"north":{"uv":[7.0,7.25,7.875,7.5],"rotation":0,"texture":"#0","tintindex":0},"west":{"uv":[10.125,6.625,10.375,6.875],"rotation":0,"texture":"#0","tintindex":0},"up":{"uv":[8.375,4.5,7.5,4.25],"rotation":0,"texture":"#0","tintindex":0},"down":{"uv":[8.375,4.625,7.5,4.875],"rotation":0,"texture":"#0","tintindex":0}}},{"from":[7.998542,7.9342284,6.8773046],"to":[15.998542,7.9913716,17.734447],"rotation":{"angle":0.0,"axis":"y","origin":[8.655684,7.9913716,8.020162]},"faces":{"east":{"uv":[7.25,0.0,9.625,0.125],"rotation":0,"texture":"#0","tintindex":0},"south":{"uv":[7.5,5.25,9.25,5.375],"rotation":0,"texture":"#0","tintindex":0},"north":{"uv":[7.5,5.0,9.25,5.125],"rotation":0,"texture":"#0","tintindex":0},"west":{"uv":[7.25,0.25,9.625,0.375],"rotation":0,"texture":"#0","tintindex":0},"up":{"uv":[1.75,2.375,0.0,0.0],"rotation":0,"texture":"#0","tintindex":0},"down":{"uv":[3.625,0.0,1.875,2.375],"rotation":0,"texture":"#0","tintindex":0}}},{"from":[10.304848,7.5913715,8.740897],"to":[13.390562,8.391372,9.540897],"rotation":{"angle":-45.0,"axis":"y","origin":[12.419133,7.9913716,9.140898]},"faces":{"east":{"uv":[7.875,10.125,8.125,10.375],"rotation":0,"texture":"#0","tintindex":0},"south":{"uv":[0.875,7.75,1.625,8.0],"rotation":0,"texture":"#0","tintindex":0},"north":{"uv":[0.0,7.75,0.75,8.0],"rotation":0,"texture":"#0","tintindex":0},"west":{"uv":[10.125,8.0,10.375,8.25],"rotation":0,"texture":"#0","tintindex":0},"up":{"uv":[2.5,8.0,1.75,7.75],"rotation":0,"texture":"#0","tintindex":0},"down":{"uv":[8.5,2.75,7.75,3.0],"rotation":0,"texture":"#0","tintindex":0}}},{"from":[12.36199,7.6485143,9.712326],"to":[13.047705,8.3342285,12.112327],"rotation":{"angle":22.5,"axis":"y","origin":[12.419133,7.9913716,9.140898]},"faces":{"east":{"uv":[9.875,9.5,10.375,9.625],"rotation":0,"texture":"#0","tintindex":0},"south":{"uv":[3.75,6.625,3.875,6.75],"rotation":0,"texture":"#0","tintindex":0},"north":{"uv":[2.25,6.375,2.375,6.5],"rotation":0,"texture":"#0","tintindex":0},"west":{"uv":[10.125,3.25,10.625,3.375],"rotation":0,"texture":"#0","tintindex":0},"up":{"uv":[6.0,10.5,5.875,10.0],"rotation":0,"texture":"#0","tintindex":0},"down":{"uv":[8.375,10.125,8.25,10.625],"rotation":0,"texture":"#0","tintindex":0}}}],"display":{"head":{"translation":[0.0,-6.4,0.0],"scale":[4.0,4.0,4.0]}}}