{"textures":{"0":"modelengine:entity/nocsy_drakonin_baby6"},"elements":[{"from":[7.1885715,6.299968,7.12048],"to":[8.331429,8.585682,8.263337],"rotation":{"angle":22.5,"axis":"x","origin":[8.165714,8.222254,7.5844803]},"faces":{"east":{"uv":[6.125,9.625,6.375,10.125],"rotation":0,"texture":"#0","tintindex":0},"south":{"uv":[6.5,9.625,6.75,10.125],"rotation":0,"texture":"#0","tintindex":0},"north":{"uv":[4.625,9.625,4.875,10.125],"rotation":0,"texture":"#0","tintindex":0},"west":{"uv":[7.5,9.625,7.75,10.125],"rotation":0,"texture":"#0","tintindex":0},"up":{"uv":[10.625,6.375,10.375,6.125],"rotation":0,"texture":"#0","tintindex":0},"down":{"uv":[10.625,7.25,10.375,7.5],"rotation":0,"texture":"#0","tintindex":0}}}],"display":{"head":{"translation":[0.0,-6.4,0.0],"scale":[4.0,4.0,4.0]}}}