{"textures":{"0":"modelengine:entity/nocsy_drakonin_baby6"},"elements":[{"from":[6.7511144,7.3428574,7.3091574],"to":[8.236829,8.828571,8.794871],"rotation":{"angle":-22.5,"axis":"y","origin":[8.751114,8.2,9.252014]},"faces":{"east":{"uv":[8.0,8.625,8.375,9.0],"rotation":0,"texture":"#0","tintindex":0},"south":{"uv":[1.5,8.75,1.875,9.125],"rotation":0,"texture":"#0","tintindex":0},"north":{"uv":[5.5,4.5,5.875,4.875],"rotation":0,"texture":"#0","tintindex":0},"west":{"uv":[8.75,7.25,9.125,7.625],"rotation":0,"texture":"#0","tintindex":0},"up":{"uv":[9.25,1.875,8.875,1.5],"rotation":0,"texture":"#0","tintindex":0},"down":{"uv":[5.75,8.875,5.375,9.25],"rotation":0,"texture":"#0","tintindex":0}}},{"from":[6.693971,7.2285714,4.280586],"to":[9.551114,7.2285714,7.7091575],"rotation":{"angle":-22.5,"axis":"x","origin":[7.951114,7.9142857,6.0520144]},"faces":{"east":{"uv":[10.375,7.875,11.125,7.875],"rotation":0,"texture":"#0","tintindex":0},"south":{"uv":[10.375,9.375,11.0,9.375],"rotation":0,"texture":"#0","tintindex":0},"north":{"uv":[10.375,6.5,11.0,6.5],"rotation":0,"texture":"#0","tintindex":0},"west":{"uv":[10.5,2.5,11.25,2.5],"rotation":0,"texture":"#0","tintindex":0},"up":{"uv":[3.125,6.5,2.5,5.75],"rotation":0,"texture":"#0","tintindex":0},"down":{"uv":[3.875,5.75,3.25,6.5],"rotation":0,"texture":"#0","tintindex":0}}},{"from":[6.693971,8.771429,4.280586],"to":[9.551114,8.771429,7.7091575],"rotation":{"angle":22.5,"axis":"x","origin":[7.951114,7.9142857,6.0520144]},"faces":{"east":{"uv":[10.5,2.75,11.25,2.75],"rotation":0,"texture":"#0","tintindex":0},"south":{"uv":[10.5,2.875,11.125,2.875],"rotation":0,"texture":"#0","tintindex":0},"north":{"uv":[10.5,2.625,11.125,2.625],"rotation":0,"texture":"#0","tintindex":0},"west":{"uv":[10.5,3.0,11.25,3.0],"rotation":0,"texture":"#0","tintindex":0},"up":{"uv":[4.625,6.75,4.0,6.0],"rotation":0,"texture":"#0","tintindex":0},"down":{"uv":[6.625,4.5,6.0,5.25],"rotation":0,"texture":"#0","tintindex":0}}}],"display":{"head":{"translation":[0.0,-6.4,0.0],"scale":[4.0,4.0,4.0]}}}