{"textures":{"0":"modelengine:entity/nocsy_drakonin_baby6"},"elements":[{"from":[7.142857,5.3621054,7.38417],"to":[8.857143,7.6478195,9.098455],"rotation":{"angle":22.5,"axis":"x","origin":[7.805714,6.098183,9.431297]},"faces":{"east":{"uv":[8.625,3.25,9.0,3.75],"rotation":0,"texture":"#0","tintindex":0},"south":{"uv":[3.625,8.625,4.0,9.125],"rotation":0,"texture":"#0","tintindex":0},"north":{"uv":[3.125,8.625,3.5,9.125],"rotation":0,"texture":"#0","tintindex":0},"west":{"uv":[4.125,8.625,4.5,9.125],"rotation":0,"texture":"#0","tintindex":0},"up":{"uv":[6.75,9.5,6.375,9.125],"rotation":0,"texture":"#0","tintindex":0},"down":{"uv":[8.0,9.125,7.625,9.5],"rotation":0,"texture":"#0","tintindex":0}}},{"from":[7.428571,5.8287134,8.704541],"to":[8.571428,7.5429993,10.418827],"rotation":{"angle":0.0,"axis":"y","origin":[8.0,6.6858563,9.561684]},"faces":{"east":{"uv":[9.125,8.25,9.5,8.625],"rotation":0,"texture":"#0","tintindex":0},"south":{"uv":[9.625,10.0,9.875,10.375],"rotation":0,"texture":"#0","tintindex":0},"north":{"uv":[9.25,10.0,9.5,10.375],"rotation":0,"texture":"#0","tintindex":0},"west":{"uv":[1.5,9.25,1.875,9.625],"rotation":0,"texture":"#0","tintindex":0},"up":{"uv":[10.25,10.375,10.0,10.0],"rotation":0,"texture":"#0","tintindex":0},"down":{"uv":[1.75,10.125,1.5,10.5],"rotation":0,"texture":"#0","tintindex":0}}},{"from":[8.0,5.853545,8.466802],"to":[8.0,11.567831,13.609659],"rotation":{"angle":-22.5,"axis":"x","origin":[8.0,8.996403,10.523945]},"faces":{"east":{"uv":[0.0,5.0,1.125,6.25],"rotation":0,"texture":"#0","tintindex":0},"south":{"uv":[5.625,10.625,5.625,11.875],"rotation":0,"texture":"#0","tintindex":0},"north":{"uv":[5.5,10.625,5.5,11.875],"rotation":0,"texture":"#0","tintindex":0},"west":{"uv":[1.25,5.0,2.375,6.25],"rotation":0,"texture":"#0","tintindex":0},"up":{"uv":[5.875,11.75,5.875,10.625],"rotation":0,"texture":"#0","tintindex":0},"down":{"uv":[6.0,10.625,6.0,11.75],"rotation":0,"texture":"#0","tintindex":0}}}],"display":{"head":{"translation":[0.0,-6.4,0.0],"scale":[4.0,4.0,4.0]}}}