{"textures":{"0":"modelengine:entity/spider"},"elements":[{"from":[6.077794,7.7761145,3.6604795],"to":[7.005097,8.007932,7.1117716],"rotation":{"angle":-22.5,"axis":"y","origin":[8.611405,8.007932,7.3746285]},"faces":{"east":{"uv":[8.125,3.625,8.875,3.75],"rotation":0,"texture":"#0","tintindex":0},"south":{"uv":[9.875,4.25,10.125,4.375],"rotation":0,"texture":"#0","tintindex":0},"north":{"uv":[9.875,4.0,10.125,4.125],"rotation":0,"texture":"#0","tintindex":0},"west":{"uv":[8.125,3.875,8.875,4.0],"rotation":0,"texture":"#0","tintindex":0},"up":{"uv":[2.875,8.875,2.625,8.125],"rotation":0,"texture":"#0","tintindex":0},"down":{"uv":[3.25,8.125,3.0,8.875],"rotation":0,"texture":"#0","tintindex":0}}},{"from":[6.2950172,7.8655086,4.194994],"to":[6.758674,8.23976,6.9508],"rotation":{"angle":-22.5,"axis":"y","origin":[8.611405,8.007932,7.3746285]},"faces":{"east":{"uv":[8.625,3.0,9.25,3.125],"rotation":0,"texture":"#0","tintindex":0},"south":{"uv":[1.0,10.375,1.125,10.5],"rotation":0,"texture":"#0","tintindex":0},"north":{"uv":[0.75,10.375,0.875,10.5],"rotation":0,"texture":"#0","tintindex":0},"west":{"uv":[8.625,3.25,9.25,3.375],"rotation":0,"texture":"#0","tintindex":0},"up":{"uv":[8.75,8.375,8.625,7.75],"rotation":0,"texture":"#0","tintindex":0},"down":{"uv":[8.875,0.0,8.75,0.625],"rotation":0,"texture":"#0","tintindex":0}}},{"from":[6.1700573,7.6370173,6.96832],"to":[8.951988,8.007932,8.101337],"rotation":{"angle":-45.0,"axis":"y","origin":[8.611405,8.007932,7.3746285]},"faces":{"east":{"uv":[9.875,5.0,10.125,5.125],"rotation":0,"texture":"#0","tintindex":0},"south":{"uv":[8.625,5.25,9.25,5.375],"rotation":0,"texture":"#0","tintindex":0},"north":{"uv":[8.625,5.0,9.25,5.125],"rotation":0,"texture":"#0","tintindex":0},"west":{"uv":[9.875,5.25,10.125,5.375],"rotation":0,"texture":"#0","tintindex":0},"up":{"uv":[6.625,1.125,6.0,0.875],"rotation":0,"texture":"#0","tintindex":0},"down":{"uv":[6.5,8.125,5.875,8.375],"rotation":0,"texture":"#0","tintindex":0}}},{"from":[6.309154,7.7297373,7.200137],"to":[8.951988,8.23976,7.8695087],"rotation":{"angle":-45.0,"axis":"y","origin":[8.611405,8.007932,7.3746285]},"faces":{"east":{"uv":[1.75,10.375,1.875,10.5],"rotation":0,"texture":"#0","tintindex":0},"south":{"uv":[8.875,2.25,9.5,2.375],"rotation":0,"texture":"#0","tintindex":0},"north":{"uv":[8.875,2.0,9.5,2.125],"rotation":0,"texture":"#0","tintindex":0},"west":{"uv":[2.0,10.375,2.125,10.5],"rotation":0,"texture":"#0","tintindex":0},"up":{"uv":[9.5,5.625,8.875,5.5],"rotation":0,"texture":"#0","tintindex":0},"down":{"uv":[9.5,5.75,8.875,5.875],"rotation":0,"texture":"#0","tintindex":0}}},{"from":[9.080217,7.1971884,5.6848803],"to":[9.26568,7.429017,6.400617],"rotation":{"angle":0.0,"axis":"y","origin":[10.285714,3.4285712,16.0]},"faces":{"east":{"uv":[6.375,10.375,6.5,10.5],"rotation":0,"texture":"#0","tintindex":0},"south":{"uv":[6.625,10.375,6.75,10.5],"rotation":0,"texture":"#0","tintindex":0},"north":{"uv":[6.125,10.375,6.25,10.5],"rotation":0,"texture":"#0","tintindex":0},"west":{"uv":[6.875,10.375,7.0,10.5],"rotation":0,"texture":"#0","tintindex":0},"up":{"uv":[7.25,10.5,7.125,10.375],"rotation":0,"texture":"#0","tintindex":0},"down":{"uv":[7.5,10.375,7.375,10.5],"rotation":0,"texture":"#0","tintindex":0}}},{"from":[8.94112,7.3442287,5.7776227],"to":[9.404778,8.286138,6.215154],"rotation":{"angle":0.0,"axis":"y","origin":[10.285714,3.4285712,16.0]},"faces":{"east":{"uv":[0.0,10.0,0.125,10.25],"rotation":0,"texture":"#0","tintindex":0},"south":{"uv":[0.25,10.0,0.375,10.25],"rotation":0,"texture":"#0","tintindex":0},"north":{"uv":[9.875,7.75,10.0,8.0],"rotation":0,"texture":"#0","tintindex":0},"west":{"uv":[0.5,10.0,0.625,10.25],"rotation":0,"texture":"#0","tintindex":0},"up":{"uv":[10.5,10.5,10.375,10.375],"rotation":0,"texture":"#0","tintindex":0},"down":{"uv":[10.5,0.75,10.375,0.875],"rotation":0,"texture":"#0","tintindex":0}}}],"display":{"head":{"translation":[0.0,-6.4,0.0],"scale":[4.0,4.0,4.0]}}}