{"textures":{"0":"modelengine:entity/spider"},"elements":[{"from":[0.07240009,3.2885256,7.873703],"to":[0.46942806,7.3740797,8.428606],"rotation":{"angle":0.0,"axis":"y","origin":[10.719303,3.1929483,13.794868]},"faces":{"east":{"uv":[9.0,9.125,8.875,9.625],"rotation":0,"texture":"#0","tintindex":0},"south":{"uv":[8.75,9.125,8.625,9.625],"rotation":0,"texture":"#0","tintindex":0},"north":{"uv":[2.125,6.875,2.0,7.375],"rotation":0,"texture":"#0","tintindex":0},"west":{"uv":[7.75,9.125,7.625,9.625],"rotation":0,"texture":"#0","tintindex":0},"up":{"uv":[10.375,1.125,10.5,1.0],"rotation":0,"texture":"#0","tintindex":0},"down":{"uv":[10.375,1.25,10.5,1.375],"rotation":0,"texture":"#0","tintindex":0}}},{"from":[2.0898166,4.0157256,7.7744455],"to":[2.5860796,6.7948,8.527851],"rotation":{"angle":-45.0,"axis":"z","origin":[7.469246,8.130126,8.108377]},"faces":{"east":{"uv":[9.75,6.75,9.625,7.125],"rotation":0,"texture":"#0","tintindex":0},"south":{"uv":[9.75,6.25,9.625,6.625],"rotation":0,"texture":"#0","tintindex":0},"north":{"uv":[5.625,2.625,5.5,3.0],"rotation":0,"texture":"#0","tintindex":0},"west":{"uv":[5.875,2.625,5.75,3.0],"rotation":0,"texture":"#0","tintindex":0},"up":{"uv":[10.375,1.625,10.5,1.5],"rotation":0,"texture":"#0","tintindex":0},"down":{"uv":[10.375,1.75,10.5,1.875],"rotation":0,"texture":"#0","tintindex":0}}},{"from":[0.924788,4.6009827,7.873703],"to":[1.321794,6.3875313,8.428606],"rotation":{"angle":-22.5,"axis":"z","origin":[7.469246,8.130126,8.108377]},"faces":{"east":{"uv":[5.25,10.0,5.125,10.25],"rotation":0,"texture":"#0","tintindex":0},"south":{"uv":[4.5,10.0,4.375,10.25],"rotation":0,"texture":"#0","tintindex":0},"north":{"uv":[0.875,10.0,0.75,10.25],"rotation":0,"texture":"#0","tintindex":0},"west":{"uv":[4.25,10.0,4.125,10.25],"rotation":0,"texture":"#0","tintindex":0},"up":{"uv":[10.375,2.125,10.5,2.0],"rotation":0,"texture":"#0","tintindex":0},"down":{"uv":[10.375,6.0,10.5,6.125],"rotation":0,"texture":"#0","tintindex":0}}},{"from":[4.1769485,12.192058,7.6752],"to":[7.2041597,12.589075,8.627109],"rotation":{"angle":22.5,"axis":"z","origin":[7.469246,8.130126,8.108377]},"faces":{"east":{"uv":[10.5,6.5,10.375,6.625],"rotation":0,"texture":"#0","tintindex":0},"south":{"uv":[9.875,8.5,9.5,8.625],"rotation":0,"texture":"#0","tintindex":0},"north":{"uv":[8.125,0.625,7.75,0.75],"rotation":0,"texture":"#0","tintindex":0},"west":{"uv":[10.5,6.25,10.375,6.375],"rotation":0,"texture":"#0","tintindex":0},"up":{"uv":[9.625,7.375,10.0,7.25],"rotation":0,"texture":"#0","tintindex":0},"down":{"uv":[9.625,7.5,10.0,7.625],"rotation":0,"texture":"#0","tintindex":0}}},{"from":[7.2041597,7.577646,7.575943],"to":[7.7996798,12.589075,8.726355],"rotation":{"angle":22.5,"axis":"z","origin":[7.469246,8.130126,8.108377]},"faces":{"east":{"uv":[1.25,9.25,1.125,9.75],"rotation":0,"texture":"#0","tintindex":0},"south":{"uv":[9.25,7.625,9.125,8.125],"rotation":0,"texture":"#0","tintindex":0},"north":{"uv":[9.25,9.125,9.125,9.625],"rotation":0,"texture":"#0","tintindex":0},"west":{"uv":[9.25,7.0,9.125,7.5],"rotation":0,"texture":"#0","tintindex":0},"up":{"uv":[10.375,6.875,10.5,6.75],"rotation":0,"texture":"#0","tintindex":0},"down":{"uv":[10.375,7.0,10.5,7.125],"rotation":0,"texture":"#0","tintindex":0}}}],"display":{"head":{"translation":[0.0,-6.4,0.0],"scale":[4.0,4.0,4.0]}}}