{"textures":{"0":"modelengine:entity/spider"},"elements":[{"from":[-3.342183,4.050971,7.8826284],"to":[-2.7783775,8.086228,8.254057],"rotation":{"angle":0.0,"axis":"y","origin":[10.857143,4.0,12.0]},"faces":{"east":{"uv":[4.0,9.75,3.875,10.125],"rotation":0,"texture":"#0","tintindex":0},"south":{"uv":[3.0,9.75,2.875,10.125],"rotation":0,"texture":"#0","tintindex":0},"north":{"uv":[9.75,7.75,9.625,8.125],"rotation":0,"texture":"#0","tintindex":0},"west":{"uv":[2.75,9.75,2.625,10.125],"rotation":0,"texture":"#0","tintindex":0},"up":{"uv":[10.375,7.375,10.5,7.25],"rotation":0,"texture":"#0","tintindex":0},"down":{"uv":[10.375,7.5,10.5,7.625],"rotation":0,"texture":"#0","tintindex":0}}},{"from":[-1.0285835,2.9731197,7.74168],"to":[-0.3238287,6.919737,8.395006],"rotation":{"angle":-45.0,"axis":"z","origin":[7.301577,8.322434,8.0464115]},"faces":{"east":{"uv":[2.25,9.25,2.125,9.75],"rotation":0,"texture":"#0","tintindex":0},"south":{"uv":[2.0,9.25,1.875,9.75],"rotation":0,"texture":"#0","tintindex":0},"north":{"uv":[1.5,9.25,1.375,9.75],"rotation":0,"texture":"#0","tintindex":0},"west":{"uv":[1.75,9.25,1.625,9.75],"rotation":0,"texture":"#0","tintindex":0},"up":{"uv":[10.375,7.875,10.5,7.75],"rotation":0,"texture":"#0","tintindex":0},"down":{"uv":[10.375,8.0,10.5,8.125],"rotation":0,"texture":"#0","tintindex":0}}},{"from":[-2.4415884,4.031017,7.8826284],"to":[-1.8777723,6.568137,8.254057],"rotation":{"angle":-22.5,"axis":"z","origin":[7.301577,8.322434,8.0464115]},"faces":{"east":{"uv":[10.125,3.25,10.0,3.5],"rotation":0,"texture":"#0","tintindex":0},"south":{"uv":[10.125,0.0,10.0,0.25],"rotation":0,"texture":"#0","tintindex":0},"north":{"uv":[6.75,10.0,6.625,10.25],"rotation":0,"texture":"#0","tintindex":0},"west":{"uv":[9.5,10.0,9.375,10.25],"rotation":0,"texture":"#0","tintindex":0},"up":{"uv":[10.375,10.25,10.5,10.125],"rotation":0,"texture":"#0","tintindex":0},"down":{"uv":[2.5,10.5,2.625,10.625],"rotation":0,"texture":"#0","tintindex":0}}},{"from":[2.817851,14.917921,7.6007314],"to":[7.425417,15.481714,8.535954],"rotation":{"angle":22.5,"axis":"z","origin":[7.301577,8.322434,8.0464115]},"faces":{"east":{"uv":[3.125,10.5,3.0,10.625],"rotation":0,"texture":"#0","tintindex":0},"south":{"uv":[7.0,6.0,6.5,6.125],"rotation":0,"texture":"#0","tintindex":0},"north":{"uv":[1.625,5.375,1.125,5.5],"rotation":0,"texture":"#0","tintindex":0},"west":{"uv":[2.875,10.5,2.75,10.625],"rotation":0,"texture":"#0","tintindex":0},"up":{"uv":[9.125,8.375,9.625,8.25],"rotation":0,"texture":"#0","tintindex":0},"down":{"uv":[3.125,9.25,3.625,9.375],"rotation":0,"texture":"#0","tintindex":0}}},{"from":[7.425417,7.36656,7.459771],"to":[7.96256,15.481714,8.676903],"rotation":{"angle":22.5,"axis":"z","origin":[7.301577,8.322434,8.0464115]},"faces":{"east":{"uv":[8.25,8.5,8.125,9.375],"rotation":0,"texture":"#0","tintindex":0},"south":{"uv":[8.0,8.5,7.875,9.375],"rotation":0,"texture":"#0","tintindex":0},"north":{"uv":[6.25,8.5,6.125,9.375],"rotation":0,"texture":"#0","tintindex":0},"west":{"uv":[6.5,8.5,6.375,9.375],"rotation":0,"texture":"#0","tintindex":0},"up":{"uv":[3.25,10.625,3.375,10.5],"rotation":0,"texture":"#0","tintindex":0},"down":{"uv":[3.5,10.5,3.625,10.625],"rotation":0,"texture":"#0","tintindex":0}}}],"display":{"head":{"translation":[0.0,-6.4,0.0],"scale":[4.0,4.0,4.0]}}}