{"textures":{"0":"modelengine:entity/spider"},"elements":[{"from":[-0.8694172,2.7881942,7.4231544],"to":[-0.096663475,7.1156344,8.226194],"rotation":{"angle":-45.0,"axis":"z","origin":[7.785497,8.793006,7.63888]},"faces":{"east":{"uv":[7.0,9.25,6.875,9.75],"rotation":0,"texture":"#0","tintindex":0},"south":{"uv":[5.75,9.25,5.625,9.75],"rotation":0,"texture":"#0","tintindex":0},"north":{"uv":[2.5,9.25,2.375,9.75],"rotation":0,"texture":"#0","tintindex":0},"west":{"uv":[5.5,9.25,5.375,9.75],"rotation":0,"texture":"#0","tintindex":0},"up":{"uv":[3.75,10.625,3.875,10.5],"rotation":0,"texture":"#0","tintindex":0},"down":{"uv":[4.625,10.5,4.75,10.625],"rotation":0,"texture":"#0","tintindex":0}}},{"from":[2.9237142,15.529006,7.2686057],"to":[7.63752,16.147213,8.380743],"rotation":{"angle":22.5,"axis":"z","origin":[7.785497,8.793006,7.63888]},"faces":{"east":{"uv":[6.0,10.5,5.875,10.625],"rotation":0,"texture":"#0","tintindex":0},"south":{"uv":[9.5,6.25,8.875,6.375],"rotation":0,"texture":"#0","tintindex":0},"north":{"uv":[9.5,6.0,8.875,6.125],"rotation":0,"texture":"#0","tintindex":0},"west":{"uv":[5.0,10.5,4.875,10.625],"rotation":0,"texture":"#0","tintindex":0},"up":{"uv":[8.875,6.625,9.5,6.5],"rotation":0,"texture":"#0","tintindex":0},"down":{"uv":[8.875,6.75,9.5,6.875],"rotation":0,"texture":"#0","tintindex":0}}},{"from":[7.63752,6.290823,7.1140456],"to":[8.564835,16.147213,8.535303],"rotation":{"angle":22.5,"axis":"z","origin":[7.785497,8.793006,7.63888]},"faces":{"east":{"uv":[1.75,8.125,1.5,9.125],"rotation":0,"texture":"#0","tintindex":0},"south":{"uv":[8.375,0.625,8.25,1.625],"rotation":0,"texture":"#0","tintindex":0},"north":{"uv":[7.0,8.125,6.875,9.125],"rotation":0,"texture":"#0","tintindex":0},"west":{"uv":[1.375,8.125,1.125,9.125],"rotation":0,"texture":"#0","tintindex":0},"up":{"uv":[10.0,8.75,10.125,8.5],"rotation":0,"texture":"#0","tintindex":0},"down":{"uv":[10.0,8.875,10.125,9.125],"rotation":0,"texture":"#0","tintindex":0}}},{"from":[-2.5085487,3.7754626,7.577703],"to":[-1.8903427,6.557371,8.071634],"rotation":{"angle":-22.5,"axis":"z","origin":[7.785497,8.793006,7.63888]},"faces":{"east":{"uv":[8.5,9.75,8.375,10.125],"rotation":0,"texture":"#0","tintindex":0},"south":{"uv":[8.25,9.75,8.125,10.125],"rotation":0,"texture":"#0","tintindex":0},"north":{"uv":[7.75,9.75,7.625,10.125],"rotation":0,"texture":"#0","tintindex":0},"west":{"uv":[8.0,9.75,7.875,10.125],"rotation":0,"texture":"#0","tintindex":0},"up":{"uv":[7.625,10.625,7.75,10.5],"rotation":0,"texture":"#0","tintindex":0},"down":{"uv":[7.875,10.5,8.0,10.625],"rotation":0,"texture":"#0","tintindex":0}}},{"from":[-3.6450977,2.9552002,7.7728457],"to":[-3.0268917,8.096754,7.876503],"rotation":{"angle":0.0,"axis":"y","origin":[11.428572,2.8571424,9.714286]},"faces":{"east":{"uv":[0.625,9.375,0.5,9.875],"rotation":0,"texture":"#0","tintindex":0},"south":{"uv":[0.375,9.375,0.25,9.875],"rotation":0,"texture":"#0","tintindex":0},"north":{"uv":[9.375,3.5,9.25,4.0],"rotation":0,"texture":"#0","tintindex":0},"west":{"uv":[0.125,9.375,0.0,9.875],"rotation":0,"texture":"#0","tintindex":0},"up":{"uv":[8.125,10.625,8.25,10.5],"rotation":0,"texture":"#0","tintindex":0},"down":{"uv":[8.375,10.5,8.5,10.625],"rotation":0,"texture":"#0","tintindex":0}}}],"display":{"head":{"translation":[0.0,-6.4,0.0],"scale":[4.0,4.0,4.0]}}}