{"textures":{"0":"modelengine:entity/spider"},"elements":[{"from":[6.504034,6.7496686,7.243897],"to":[7.67488,18.68785,8.516149],"rotation":{"angle":22.5,"axis":"z","origin":[6.8207655,10.7901945,7.940834]},"faces":{"east":{"uv":[0.25,8.125,0.0,9.25],"rotation":0,"texture":"#0","tintindex":0},"south":{"uv":[4.25,8.125,4.125,9.25],"rotation":0,"texture":"#0","tintindex":0},"north":{"uv":[4.25,1.5,4.125,2.625],"rotation":0,"texture":"#0","tintindex":0},"west":{"uv":[5.75,8.0,5.5,9.125],"rotation":0,"texture":"#0","tintindex":0},"up":{"uv":[3.125,10.375,3.25,10.125],"rotation":0,"texture":"#0","tintindex":0},"down":{"uv":[3.375,10.125,3.5,10.375],"rotation":0,"texture":"#0","tintindex":0}}},{"from":[0.55225134,17.907291,7.4390287],"to":[6.504034,18.68785,8.321017],"rotation":{"angle":22.5,"axis":"z","origin":[6.8207655,10.7901945,7.940834]},"faces":{"east":{"uv":[6.375,10.125,6.125,10.25],"rotation":0,"texture":"#0","tintindex":0},"south":{"uv":[9.25,1.5,8.5,1.625],"rotation":0,"texture":"#0","tintindex":0},"north":{"uv":[9.25,1.25,8.5,1.375],"rotation":0,"texture":"#0","tintindex":0},"west":{"uv":[10.125,9.625,9.875,9.75],"rotation":0,"texture":"#0","tintindex":0},"up":{"uv":[0.0,6.75,0.75,6.5],"rotation":0,"texture":"#0","tintindex":0},"down":{"uv":[7.125,6.625,7.875,6.875],"rotation":0,"texture":"#0","tintindex":0}}},{"from":[-5.2871895,3.3816228,7.675029],"to":[-4.506629,6.89416,8.033588],"rotation":{"angle":-22.5,"axis":"z","origin":[6.8207655,10.7901945,8.043692]},"faces":{"east":{"uv":[9.875,0.0,9.75,0.375],"rotation":0,"texture":"#0","tintindex":0},"south":{"uv":[9.25,9.75,9.125,10.125],"rotation":0,"texture":"#0","tintindex":0},"north":{"uv":[8.75,9.75,8.625,10.125],"rotation":0,"texture":"#0","tintindex":0},"west":{"uv":[9.0,9.75,8.875,10.125],"rotation":0,"texture":"#0","tintindex":0},"up":{"uv":[8.625,10.625,8.75,10.5],"rotation":0,"texture":"#0","tintindex":0},"down":{"uv":[8.875,10.5,9.0,10.625],"rotation":0,"texture":"#0","tintindex":0}}},{"from":[-7.2006636,3.5194168,7.7355886],"to":[-6.4200926,8.579074,7.9927316],"rotation":{"angle":0.0,"axis":"y","origin":[10.285714,3.4285712,7.428571]},"faces":{"east":{"uv":[5.25,9.375,5.125,9.875],"rotation":0,"texture":"#0","tintindex":0},"south":{"uv":[4.5,9.375,4.375,9.875],"rotation":0,"texture":"#0","tintindex":0},"north":{"uv":[0.875,9.375,0.75,9.875],"rotation":0,"texture":"#0","tintindex":0},"west":{"uv":[4.25,9.375,4.125,9.875],"rotation":0,"texture":"#0","tintindex":0},"up":{"uv":[9.125,10.625,9.25,10.5],"rotation":0,"texture":"#0","tintindex":0},"down":{"uv":[9.625,10.5,9.75,10.625],"rotation":0,"texture":"#0","tintindex":0}}},{"from":[-2.8745832,2.5571995,7.6341715],"to":[-1.89888,8.021143,8.1258745],"rotation":{"angle":-45.0,"axis":"z","origin":[6.8207655,10.7901945,7.940834]},"faces":{"east":{"uv":[3.0,9.0,2.875,9.625],"rotation":0,"texture":"#0","tintindex":0},"south":{"uv":[2.75,9.0,2.625,9.625],"rotation":0,"texture":"#0","tintindex":0},"north":{"uv":[9.0,7.0,8.875,7.625],"rotation":0,"texture":"#0","tintindex":0},"west":{"uv":[9.0,7.75,8.875,8.375],"rotation":0,"texture":"#0","tintindex":0},"up":{"uv":[10.125,10.625,10.25,10.5],"rotation":0,"texture":"#0","tintindex":0},"down":{"uv":[10.5,0.0,10.625,0.125],"rotation":0,"texture":"#0","tintindex":0}}}],"display":{"head":{"translation":[0.0,-6.4,0.0],"scale":[4.0,4.0,4.0]}}}