{"textures":{"0":"modelengine:entity/spider"},"elements":[{"from":[8.507086,8.347543,-6.049429],"to":[9.434389,8.57936,-2.598137],"rotation":{"angle":22.5,"axis":"y","origin":[6.8479543,8.3847885,-2.1272802]},"faces":{"east":{"uv":[8.875,3.875,8.125,4.0],"rotation":0,"texture":"#0","tintindex":0},"south":{"uv":[10.125,4.25,9.875,4.375],"rotation":0,"texture":"#0","tintindex":0},"north":{"uv":[10.125,4.0,9.875,4.125],"rotation":0,"texture":"#0","tintindex":0},"west":{"uv":[8.875,3.625,8.125,3.75],"rotation":0,"texture":"#0","tintindex":0},"up":{"uv":[2.625,8.875,2.875,8.125],"rotation":0,"texture":"#0","tintindex":0},"down":{"uv":[3.0,8.125,3.25,8.875],"rotation":0,"texture":"#0","tintindex":0}}},{"from":[8.753509,8.436937,-5.514903],"to":[9.217166,8.811189,-2.759098],"rotation":{"angle":22.5,"axis":"y","origin":[6.8479543,8.3847885,-2.1272802]},"faces":{"east":{"uv":[9.25,3.25,8.625,3.375],"rotation":0,"texture":"#0","tintindex":0},"south":{"uv":[1.125,10.375,1.0,10.5],"rotation":0,"texture":"#0","tintindex":0},"north":{"uv":[0.875,10.375,0.75,10.5],"rotation":0,"texture":"#0","tintindex":0},"west":{"uv":[9.25,3.0,8.625,3.125],"rotation":0,"texture":"#0","tintindex":0},"up":{"uv":[8.625,8.375,8.75,7.75],"rotation":0,"texture":"#0","tintindex":0},"down":{"uv":[8.75,0.0,8.875,0.625],"rotation":0,"texture":"#0","tintindex":0}}},{"from":[6.6357713,8.208446,-2.705532],"to":[9.417703,8.57936,-1.5725145],"rotation":{"angle":45.0,"axis":"y","origin":[6.8479543,8.3847885,-2.1272802]},"faces":{"east":{"uv":[10.125,5.25,9.875,5.375],"rotation":0,"texture":"#0","tintindex":0},"south":{"uv":[9.25,5.25,8.625,5.375],"rotation":0,"texture":"#0","tintindex":0},"north":{"uv":[9.25,5.0,8.625,5.125],"rotation":0,"texture":"#0","tintindex":0},"west":{"uv":[10.125,5.0,9.875,5.125],"rotation":0,"texture":"#0","tintindex":0},"up":{"uv":[6.0,1.125,6.625,0.875],"rotation":0,"texture":"#0","tintindex":0},"down":{"uv":[5.875,8.125,6.5,8.375],"rotation":0,"texture":"#0","tintindex":0}}},{"from":[6.6357713,8.301166,-2.4737148],"to":[9.278605,8.811189,-1.8043432],"rotation":{"angle":45.0,"axis":"y","origin":[6.8479543,8.3847885,-2.1272802]},"faces":{"east":{"uv":[2.125,10.375,2.0,10.5],"rotation":0,"texture":"#0","tintindex":0},"south":{"uv":[9.5,2.25,8.875,2.375],"rotation":0,"texture":"#0","tintindex":0},"north":{"uv":[9.5,2.0,8.875,2.125],"rotation":0,"texture":"#0","tintindex":0},"west":{"uv":[1.875,10.375,1.75,10.5],"rotation":0,"texture":"#0","tintindex":0},"up":{"uv":[8.875,5.625,9.5,5.5],"rotation":0,"texture":"#0","tintindex":0},"down":{"uv":[8.875,5.75,9.5,5.875],"rotation":0,"texture":"#0","tintindex":0}}},{"from":[6.1628914,7.768617,-4.0294065],"to":[6.3483543,8.000445,-3.3136692],"rotation":{"angle":0.0,"axis":"y","origin":[5.142857,4.0,6.285714]},"faces":{"east":{"uv":[7.0,10.375,6.875,10.5],"rotation":0,"texture":"#0","tintindex":0},"south":{"uv":[6.75,10.375,6.625,10.5],"rotation":0,"texture":"#0","tintindex":0},"north":{"uv":[6.25,10.375,6.125,10.5],"rotation":0,"texture":"#0","tintindex":0},"west":{"uv":[6.5,10.375,6.375,10.5],"rotation":0,"texture":"#0","tintindex":0},"up":{"uv":[7.125,10.5,7.25,10.375],"rotation":0,"texture":"#0","tintindex":0},"down":{"uv":[7.375,10.375,7.5,10.5],"rotation":0,"texture":"#0","tintindex":0}}},{"from":[6.023794,7.915657,-3.9366636],"to":[6.4874516,8.857566,-3.4991322],"rotation":{"angle":0.0,"axis":"y","origin":[5.142857,4.0,6.285714]},"faces":{"east":{"uv":[0.625,10.0,0.5,10.25],"rotation":0,"texture":"#0","tintindex":0},"south":{"uv":[0.375,10.0,0.25,10.25],"rotation":0,"texture":"#0","tintindex":0},"north":{"uv":[10.0,7.75,9.875,8.0],"rotation":0,"texture":"#0","tintindex":0},"west":{"uv":[0.125,10.0,0.0,10.25],"rotation":0,"texture":"#0","tintindex":0},"up":{"uv":[10.375,10.5,10.5,10.375],"rotation":0,"texture":"#0","tintindex":0},"down":{"uv":[10.375,0.75,10.5,0.875],"rotation":0,"texture":"#0","tintindex":0}}}],"display":{"head":{"translation":[0.0,-6.4,0.0],"scale":[4.0,4.0,4.0]}}}