{"textures":{"0":"modelengine:entity/spider"},"elements":[{"from":[7.753691,6.17824,7.8153257],"to":[8.924538,18.116423,9.087577],"rotation":{"angle":-22.5,"axis":"z","origin":[8.607805,10.218765,8.512263]},"faces":{"east":{"uv":[5.5,8.0,5.75,9.125],"rotation":0,"texture":"#0","tintindex":0},"south":{"uv":[4.125,8.125,4.25,9.25],"rotation":0,"texture":"#0","tintindex":0},"north":{"uv":[4.125,1.5,4.25,2.625],"rotation":0,"texture":"#0","tintindex":0},"west":{"uv":[0.0,8.125,0.25,9.25],"rotation":0,"texture":"#0","tintindex":0},"up":{"uv":[3.25,10.375,3.125,10.125],"rotation":0,"texture":"#0","tintindex":0},"down":{"uv":[3.5,10.125,3.375,10.375],"rotation":0,"texture":"#0","tintindex":0}}},{"from":[8.924538,17.335865,8.010457],"to":[14.87632,18.116423,8.892446],"rotation":{"angle":-22.5,"axis":"z","origin":[8.607805,10.218765,8.512263]},"faces":{"east":{"uv":[9.875,9.625,10.125,9.75],"rotation":0,"texture":"#0","tintindex":0},"south":{"uv":[8.5,1.5,9.25,1.625],"rotation":0,"texture":"#0","tintindex":0},"north":{"uv":[8.5,1.25,9.25,1.375],"rotation":0,"texture":"#0","tintindex":0},"west":{"uv":[6.125,10.125,6.375,10.25],"rotation":0,"texture":"#0","tintindex":0},"up":{"uv":[0.75,6.75,0.0,6.5],"rotation":0,"texture":"#0","tintindex":0},"down":{"uv":[7.875,6.625,7.125,6.875],"rotation":0,"texture":"#0","tintindex":0}}},{"from":[19.9352,2.810194,8.246457],"to":[20.715761,6.3227315,8.605017],"rotation":{"angle":22.5,"axis":"z","origin":[8.607805,10.218765,8.61512]},"faces":{"east":{"uv":[8.875,9.75,9.0,10.125],"rotation":0,"texture":"#0","tintindex":0},"south":{"uv":[9.125,9.75,9.25,10.125],"rotation":0,"texture":"#0","tintindex":0},"north":{"uv":[8.625,9.75,8.75,10.125],"rotation":0,"texture":"#0","tintindex":0},"west":{"uv":[9.75,0.0,9.875,0.375],"rotation":0,"texture":"#0","tintindex":0},"up":{"uv":[8.75,10.625,8.625,10.5],"rotation":0,"texture":"#0","tintindex":0},"down":{"uv":[9.0,10.5,8.875,10.625],"rotation":0,"texture":"#0","tintindex":0}}},{"from":[21.848663,2.9479885,8.307017],"to":[22.629234,8.007646,8.56416],"rotation":{"angle":0.0,"axis":"y","origin":[5.142857,2.8571424,8.0]},"faces":{"east":{"uv":[4.125,9.375,4.25,9.875],"rotation":0,"texture":"#0","tintindex":0},"south":{"uv":[4.375,9.375,4.5,9.875],"rotation":0,"texture":"#0","tintindex":0},"north":{"uv":[0.75,9.375,0.875,9.875],"rotation":0,"texture":"#0","tintindex":0},"west":{"uv":[5.125,9.375,5.25,9.875],"rotation":0,"texture":"#0","tintindex":0},"up":{"uv":[9.25,10.625,9.125,10.5],"rotation":0,"texture":"#0","tintindex":0},"down":{"uv":[9.75,10.5,9.625,10.625],"rotation":0,"texture":"#0","tintindex":0}}},{"from":[17.327452,1.9857707,8.2056],"to":[18.303154,7.449714,8.697303],"rotation":{"angle":45.0,"axis":"z","origin":[8.607805,10.218765,8.512263]},"faces":{"east":{"uv":[8.875,7.75,9.0,8.375],"rotation":0,"texture":"#0","tintindex":0},"south":{"uv":[2.625,9.0,2.75,9.625],"rotation":0,"texture":"#0","tintindex":0},"north":{"uv":[8.875,7.0,9.0,7.625],"rotation":0,"texture":"#0","tintindex":0},"west":{"uv":[2.875,9.0,3.0,9.625],"rotation":0,"texture":"#0","tintindex":0},"up":{"uv":[10.25,10.625,10.125,10.5],"rotation":0,"texture":"#0","tintindex":0},"down":{"uv":[10.625,0.0,10.5,0.125],"rotation":0,"texture":"#0","tintindex":0}}}],"display":{"head":{"translation":[0.0,-6.4,0.0],"scale":[4.0,4.0,4.0]}}}