{"textures":{"0":"modelengine:entity/spider"},"elements":[{"from":[15.254892,3.2885256,7.873703],"to":[15.65192,7.3740797,8.428606],"rotation":{"angle":0.0,"axis":"y","origin":[5.0050173,3.1929483,13.794868]},"faces":{"east":{"uv":[7.625,9.125,7.75,9.625],"rotation":0,"texture":"#0","tintindex":0},"south":{"uv":[8.625,9.125,8.75,9.625],"rotation":0,"texture":"#0","tintindex":0},"north":{"uv":[2.0,6.875,2.125,7.375],"rotation":0,"texture":"#0","tintindex":0},"west":{"uv":[8.875,9.125,9.0,9.625],"rotation":0,"texture":"#0","tintindex":0},"up":{"uv":[10.5,1.125,10.375,1.0],"rotation":0,"texture":"#0","tintindex":0},"down":{"uv":[10.5,1.25,10.375,1.375],"rotation":0,"texture":"#0","tintindex":0}}},{"from":[13.138241,4.0157256,7.7744455],"to":[13.634503,6.7948,8.527851],"rotation":{"angle":45.0,"axis":"z","origin":[8.2550745,8.130126,8.108377]},"faces":{"east":{"uv":[5.75,2.625,5.875,3.0],"rotation":0,"texture":"#0","tintindex":0},"south":{"uv":[9.625,6.25,9.75,6.625],"rotation":0,"texture":"#0","tintindex":0},"north":{"uv":[5.5,2.625,5.625,3.0],"rotation":0,"texture":"#0","tintindex":0},"west":{"uv":[9.625,6.75,9.75,7.125],"rotation":0,"texture":"#0","tintindex":0},"up":{"uv":[10.5,1.625,10.375,1.5],"rotation":0,"texture":"#0","tintindex":0},"down":{"uv":[10.5,1.75,10.375,1.875],"rotation":0,"texture":"#0","tintindex":0}}},{"from":[14.402526,4.6009827,7.873703],"to":[14.799543,6.3875313,8.428606],"rotation":{"angle":22.5,"axis":"z","origin":[8.2550745,8.130126,8.108377]},"faces":{"east":{"uv":[4.125,10.0,4.25,10.25],"rotation":0,"texture":"#0","tintindex":0},"south":{"uv":[4.375,10.0,4.5,10.25],"rotation":0,"texture":"#0","tintindex":0},"north":{"uv":[0.75,10.0,0.875,10.25],"rotation":0,"texture":"#0","tintindex":0},"west":{"uv":[5.125,10.0,5.25,10.25],"rotation":0,"texture":"#0","tintindex":0},"up":{"uv":[10.5,2.125,10.375,2.0],"rotation":0,"texture":"#0","tintindex":0},"down":{"uv":[10.5,6.0,10.375,6.125],"rotation":0,"texture":"#0","tintindex":0}}},{"from":[8.52016,12.192058,7.6752],"to":[11.547372,12.589075,8.627109],"rotation":{"angle":-22.5,"axis":"z","origin":[8.2550745,8.130126,8.108377]},"faces":{"east":{"uv":[10.375,6.25,10.5,6.375],"rotation":0,"texture":"#0","tintindex":0},"south":{"uv":[9.5,8.5,9.875,8.625],"rotation":0,"texture":"#0","tintindex":0},"north":{"uv":[7.75,0.625,8.125,0.75],"rotation":0,"texture":"#0","tintindex":0},"west":{"uv":[10.375,6.5,10.5,6.625],"rotation":0,"texture":"#0","tintindex":0},"up":{"uv":[10.0,7.375,9.625,7.25],"rotation":0,"texture":"#0","tintindex":0},"down":{"uv":[10.0,7.5,9.625,7.625],"rotation":0,"texture":"#0","tintindex":0}}},{"from":[7.92464,7.577646,7.575943],"to":[8.52016,12.589075,8.726355],"rotation":{"angle":-22.5,"axis":"z","origin":[8.2550745,8.130126,8.108377]},"faces":{"east":{"uv":[9.125,7.0,9.25,7.5],"rotation":0,"texture":"#0","tintindex":0},"south":{"uv":[9.125,7.625,9.25,8.125],"rotation":0,"texture":"#0","tintindex":0},"north":{"uv":[9.125,9.125,9.25,9.625],"rotation":0,"texture":"#0","tintindex":0},"west":{"uv":[1.125,9.25,1.25,9.75],"rotation":0,"texture":"#0","tintindex":0},"up":{"uv":[10.5,6.875,10.375,6.75],"rotation":0,"texture":"#0","tintindex":0},"down":{"uv":[10.5,7.0,10.375,7.125],"rotation":0,"texture":"#0","tintindex":0}}}],"display":{"head":{"translation":[0.0,-6.4,0.0],"scale":[4.0,4.0,4.0]}}}