{"textures":{"0":"modelengine:entity/spider"},"elements":[{"from":[19.349806,4.1081142,7.8826284],"to":[19.913612,8.086228,8.254057],"rotation":{"angle":0.0,"axis":"y","origin":[5.714286,4.0,12.0]},"faces":{"east":{"uv":[2.625,9.75,2.75,10.125],"rotation":0,"texture":"#0","tintindex":0},"south":{"uv":[2.875,9.75,3.0,10.125],"rotation":0,"texture":"#0","tintindex":0},"north":{"uv":[9.625,7.75,9.75,8.125],"rotation":0,"texture":"#0","tintindex":0},"west":{"uv":[3.875,9.75,4.0,10.125],"rotation":0,"texture":"#0","tintindex":0},"up":{"uv":[10.5,7.375,10.375,7.25],"rotation":0,"texture":"#0","tintindex":0},"down":{"uv":[10.5,7.5,10.375,7.625],"rotation":0,"texture":"#0","tintindex":0}}},{"from":[16.895258,2.9731197,7.74168],"to":[17.600012,6.919737,8.395006],"rotation":{"angle":45.0,"axis":"z","origin":[9.269852,8.322434,8.0464115]},"faces":{"east":{"uv":[1.625,9.25,1.75,9.75],"rotation":0,"texture":"#0","tintindex":0},"south":{"uv":[1.875,9.25,2.0,9.75],"rotation":0,"texture":"#0","tintindex":0},"north":{"uv":[1.375,9.25,1.5,9.75],"rotation":0,"texture":"#0","tintindex":0},"west":{"uv":[2.125,9.25,2.25,9.75],"rotation":0,"texture":"#0","tintindex":0},"up":{"uv":[10.5,7.875,10.375,7.75],"rotation":0,"texture":"#0","tintindex":0},"down":{"uv":[10.5,8.0,10.375,8.125],"rotation":0,"texture":"#0","tintindex":0}}},{"from":[18.4492,4.031017,7.8826284],"to":[19.013018,6.568137,8.254057],"rotation":{"angle":22.5,"axis":"z","origin":[9.269852,8.322434,8.0464115]},"faces":{"east":{"uv":[9.375,10.0,9.5,10.25],"rotation":0,"texture":"#0","tintindex":0},"south":{"uv":[10.0,0.0,10.125,0.25],"rotation":0,"texture":"#0","tintindex":0},"north":{"uv":[6.625,10.0,6.75,10.25],"rotation":0,"texture":"#0","tintindex":0},"west":{"uv":[10.0,3.25,10.125,3.5],"rotation":0,"texture":"#0","tintindex":0},"up":{"uv":[10.5,10.25,10.375,10.125],"rotation":0,"texture":"#0","tintindex":0},"down":{"uv":[2.625,10.5,2.5,10.625],"rotation":0,"texture":"#0","tintindex":0}}},{"from":[9.146011,14.917921,7.6007314],"to":[13.753577,15.481714,8.535954],"rotation":{"angle":-22.5,"axis":"z","origin":[9.269852,8.322434,8.0464115]},"faces":{"east":{"uv":[2.75,10.5,2.875,10.625],"rotation":0,"texture":"#0","tintindex":0},"south":{"uv":[6.5,6.0,7.0,6.125],"rotation":0,"texture":"#0","tintindex":0},"north":{"uv":[1.125,5.375,1.625,5.5],"rotation":0,"texture":"#0","tintindex":0},"west":{"uv":[3.0,10.5,3.125,10.625],"rotation":0,"texture":"#0","tintindex":0},"up":{"uv":[9.625,8.375,9.125,8.25],"rotation":0,"texture":"#0","tintindex":0},"down":{"uv":[3.625,9.25,3.125,9.375],"rotation":0,"texture":"#0","tintindex":0}}},{"from":[8.608869,7.36656,7.459771],"to":[9.146011,15.481714,8.676903],"rotation":{"angle":-22.5,"axis":"z","origin":[9.269852,8.322434,8.0464115]},"faces":{"east":{"uv":[6.375,8.5,6.5,9.375],"rotation":0,"texture":"#0","tintindex":0},"south":{"uv":[7.875,8.5,8.0,9.375],"rotation":0,"texture":"#0","tintindex":0},"north":{"uv":[6.125,8.5,6.25,9.375],"rotation":0,"texture":"#0","tintindex":0},"west":{"uv":[8.125,8.5,8.25,9.375],"rotation":0,"texture":"#0","tintindex":0},"up":{"uv":[3.375,10.625,3.25,10.5],"rotation":0,"texture":"#0","tintindex":0},"down":{"uv":[3.625,10.5,3.5,10.625],"rotation":0,"texture":"#0","tintindex":0}}}],"display":{"head":{"translation":[0.0,-6.4,0.0],"scale":[4.0,4.0,4.0]}}}