{"textures":{"0":"modelengine:entity/spider"},"elements":[{"from":[17.239521,2.7881942,7.4231544],"to":[18.012276,7.1156344,8.226194],"rotation":{"angle":45.0,"axis":"z","origin":[9.35736,8.793006,7.63888]},"faces":{"east":{"uv":[5.375,9.25,5.5,9.75],"rotation":0,"texture":"#0","tintindex":0},"south":{"uv":[5.625,9.25,5.75,9.75],"rotation":0,"texture":"#0","tintindex":0},"north":{"uv":[2.375,9.25,2.5,9.75],"rotation":0,"texture":"#0","tintindex":0},"west":{"uv":[6.875,9.25,7.0,9.75],"rotation":0,"texture":"#0","tintindex":0},"up":{"uv":[3.875,10.625,3.75,10.5],"rotation":0,"texture":"#0","tintindex":0},"down":{"uv":[4.75,10.5,4.625,10.625],"rotation":0,"texture":"#0","tintindex":0}}},{"from":[9.505337,15.529006,7.2686057],"to":[14.219143,16.147213,8.380743],"rotation":{"angle":-22.5,"axis":"z","origin":[9.35736,8.793006,7.63888]},"faces":{"east":{"uv":[4.875,10.5,5.0,10.625],"rotation":0,"texture":"#0","tintindex":0},"south":{"uv":[8.875,6.25,9.5,6.375],"rotation":0,"texture":"#0","tintindex":0},"north":{"uv":[8.875,6.0,9.5,6.125],"rotation":0,"texture":"#0","tintindex":0},"west":{"uv":[5.875,10.5,6.0,10.625],"rotation":0,"texture":"#0","tintindex":0},"up":{"uv":[9.5,6.625,8.875,6.5],"rotation":0,"texture":"#0","tintindex":0},"down":{"uv":[9.5,6.75,8.875,6.875],"rotation":0,"texture":"#0","tintindex":0}}},{"from":[8.578023,6.290823,7.1140456],"to":[9.505337,16.147213,8.535303],"rotation":{"angle":-22.5,"axis":"z","origin":[9.35736,8.793006,7.63888]},"faces":{"east":{"uv":[1.125,8.125,1.375,9.125],"rotation":0,"texture":"#0","tintindex":0},"south":{"uv":[8.25,0.625,8.375,1.625],"rotation":0,"texture":"#0","tintindex":0},"north":{"uv":[6.875,8.125,7.0,9.125],"rotation":0,"texture":"#0","tintindex":0},"west":{"uv":[1.5,8.125,1.75,9.125],"rotation":0,"texture":"#0","tintindex":0},"up":{"uv":[10.125,8.75,10.0,8.5],"rotation":0,"texture":"#0","tintindex":0},"down":{"uv":[10.125,8.875,10.0,9.125],"rotation":0,"texture":"#0","tintindex":0}}},{"from":[19.033213,3.7754626,7.577703],"to":[19.651405,6.557371,8.071634],"rotation":{"angle":22.5,"axis":"z","origin":[9.35736,8.793006,7.63888]},"faces":{"east":{"uv":[7.875,9.75,8.0,10.125],"rotation":0,"texture":"#0","tintindex":0},"south":{"uv":[8.125,9.75,8.25,10.125],"rotation":0,"texture":"#0","tintindex":0},"north":{"uv":[7.625,9.75,7.75,10.125],"rotation":0,"texture":"#0","tintindex":0},"west":{"uv":[8.375,9.75,8.5,10.125],"rotation":0,"texture":"#0","tintindex":0},"up":{"uv":[7.75,10.625,7.625,10.5],"rotation":0,"texture":"#0","tintindex":0},"down":{"uv":[8.0,10.5,7.875,10.625],"rotation":0,"texture":"#0","tintindex":0}}},{"from":[20.16975,2.9552002,7.7728457],"to":[20.787954,8.096754,7.876503],"rotation":{"angle":0.0,"axis":"y","origin":[5.714286,2.8571424,9.714286]},"faces":{"east":{"uv":[0.0,9.375,0.125,9.875],"rotation":0,"texture":"#0","tintindex":0},"south":{"uv":[0.25,9.375,0.375,9.875],"rotation":0,"texture":"#0","tintindex":0},"north":{"uv":[9.25,3.5,9.375,4.0],"rotation":0,"texture":"#0","tintindex":0},"west":{"uv":[0.5,9.375,0.625,9.875],"rotation":0,"texture":"#0","tintindex":0},"up":{"uv":[8.25,10.625,8.125,10.5],"rotation":0,"texture":"#0","tintindex":0},"down":{"uv":[8.5,10.5,8.375,10.625],"rotation":0,"texture":"#0","tintindex":0}}}],"display":{"head":{"translation":[0.0,-6.4,0.0],"scale":[4.0,4.0,4.0]}}}