{"textures":{"0":"modelengine:entity/spider"},"elements":[{"from":[6.0526514,7.819303,-3.5696125],"to":[6.423566,8.190228,-2.900241],"rotation":{"angle":22.5,"axis":"x","origin":[4.9862514,6.3396344,-0.4703436]},"faces":{"east":{"uv":[9.125,10.25,9.25,10.375],"rotation":0,"texture":"#0","tintindex":0},"south":{"uv":[9.125,10.25,9.25,10.375],"rotation":0,"texture":"#0","tintindex":0},"north":{"uv":[9.125,10.25,9.25,10.375],"rotation":0,"texture":"#0","tintindex":0},"west":{"uv":[9.125,10.25,9.25,10.375],"rotation":0,"texture":"#0","tintindex":0},"up":{"uv":[9.125,10.25,9.25,10.375],"rotation":0,"texture":"#0","tintindex":0},"down":{"uv":[9.125,10.25,9.25,10.375],"rotation":0,"texture":"#0","tintindex":0}}},{"from":[3.4278512,6.216263,9.710674],"to":[12.572149,10.080046,16.665041],"rotation":{"angle":-22.5,"axis":"x","origin":[7.928526,7.067897,9.396252]},"faces":{"east":{"uv":[6.75,1.75,8.0,2.5],"rotation":0,"texture":"#0","tintindex":0},"south":{"uv":[6.0,0.0,7.625,0.75],"rotation":0,"texture":"#0","tintindex":0},"north":{"uv":[2.375,5.625,4.0,6.375],"rotation":0,"texture":"#0","tintindex":0},"west":{"uv":[6.75,3.5,8.0,4.25],"rotation":0,"texture":"#0","tintindex":0},"up":{"uv":[1.625,4.625,0.0,3.375],"rotation":0,"texture":"#0","tintindex":0},"down":{"uv":[3.375,4.25,1.75,5.5],"rotation":0,"texture":"#0","tintindex":0}}},{"from":[3.81424,5.572297,9.388686],"to":[11.863783,10.659612,16.72943],"rotation":{"angle":-22.5,"axis":"x","origin":[7.928526,7.067897,9.396252]},"faces":{"east":{"uv":[5.75,6.375,7.0,7.25],"rotation":0,"texture":"#0","tintindex":0},"south":{"uv":[5.125,4.125,6.625,5.0],"rotation":0,"texture":"#0","tintindex":0},"north":{"uv":[4.375,3.125,5.875,4.0],"rotation":0,"texture":"#0","tintindex":0},"west":{"uv":[2.375,6.5,3.625,7.375],"rotation":0,"texture":"#0","tintindex":0},"up":{"uv":[5.0,5.5,3.5,4.25],"rotation":0,"texture":"#0","tintindex":0},"down":{"uv":[5.875,0.0,4.375,1.25],"rotation":0,"texture":"#0","tintindex":0}}},{"from":[4.458194,5.2503195,10.032652],"to":[11.219817,11.303577,16.407452],"rotation":{"angle":-22.5,"axis":"x","origin":[7.928526,7.067897,9.396252]},"faces":{"east":{"uv":[5.5,1.375,6.625,2.5],"rotation":0,"texture":"#0","tintindex":0},"south":{"uv":[0.0,2.0,1.25,3.125],"rotation":0,"texture":"#0","tintindex":0},"north":{"uv":[1.375,0.0,2.625,1.125],"rotation":0,"texture":"#0","tintindex":0},"west":{"uv":[1.125,5.625,2.25,6.75],"rotation":0,"texture":"#0","tintindex":0},"up":{"uv":[4.0,2.625,2.75,1.5],"rotation":0,"texture":"#0","tintindex":0},"down":{"uv":[6.375,5.125,5.125,6.25],"rotation":0,"texture":"#0","tintindex":0}}},{"from":[4.780183,6.226423,0.7880454],"to":[11.230286,8.759452,10.945097],"rotation":{"angle":0.0,"axis":"y","origin":[8.0,2.8571424,6.857143]},"faces":{"east":{"uv":[6.75,4.375,8.625,4.875],"rotation":0,"texture":"#0","tintindex":0},"south":{"uv":[0.0,7.5,1.25,8.0],"rotation":0,"texture":"#0","tintindex":0},"north":{"uv":[4.75,7.375,6.0,7.875],"rotation":0,"texture":"#0","tintindex":0},"west":{"uv":[0.0,6.875,1.875,7.375],"rotation":0,"texture":"#0","tintindex":0},"up":{"uv":[1.25,1.875,0.0,0.0],"rotation":0,"texture":"#0","tintindex":0},"down":{"uv":[2.625,1.375,1.375,3.25],"rotation":0,"texture":"#0","tintindex":0}}},{"from":[5.4415884,6.0836687,1.110034],"to":[10.575851,9.08144,10.402012],"rotation":{"angle":0.0,"axis":"y","origin":[8.0,2.8571424,6.857143]},"faces":{"east":{"uv":[7.125,7.125,8.75,7.625],"rotation":0,"texture":"#0","tintindex":0},"south":{"uv":[2.5,7.5,3.5,8.0],"rotation":0,"texture":"#0","tintindex":0},"north":{"uv":[1.375,7.5,2.375,8.0],"rotation":0,"texture":"#0","tintindex":0},"west":{"uv":[7.125,6.0,8.75,6.5],"rotation":0,"texture":"#0","tintindex":0},"up":{"uv":[5.375,3.0,4.375,1.375],"rotation":0,"texture":"#0","tintindex":0},"down":{"uv":[1.0,4.75,0.0,6.375],"rotation":0,"texture":"#0","tintindex":0}}},{"from":[9.326263,7.5169773,1.5332341],"to":[9.844069,9.32864,2.4064226],"rotation":{"angle":0.0,"axis":"y","origin":[8.525714,2.445714,2.2994285]},"faces":{"east":{"uv":[5.375,3.0,4.375,1.375],"rotation":0,"texture":"#0","tintindex":0},"south":{"uv":[5.375,3.0,4.375,1.375],"rotation":0,"texture":"#0","tintindex":0},"north":{"uv":[5.375,3.0,4.375,1.375],"rotation":0,"texture":"#0","tintindex":0},"west":{"uv":[5.375,3.0,4.375,1.375],"rotation":0,"texture":"#0","tintindex":0},"up":{"uv":[5.375,3.0,4.375,1.375],"rotation":0,"texture":"#0","tintindex":0},"down":{"uv":[5.375,3.0,4.375,1.375],"rotation":0,"texture":"#0","tintindex":0}}},{"from":[6.171977,7.5169773,1.5332341],"to":[6.6897826,9.32864,2.4064226],"rotation":{"angle":0.0,"axis":"y","origin":[5.3714285,2.445714,2.2994285]},"faces":{"east":{"uv":[5.375,3.0,4.375,1.375],"rotation":0,"texture":"#0","tintindex":0},"south":{"uv":[5.375,3.0,4.375,1.375],"rotation":0,"texture":"#0","tintindex":0},"north":{"uv":[5.375,3.0,4.375,1.375],"rotation":0,"texture":"#0","tintindex":0},"west":{"uv":[5.375,3.0,4.375,1.375],"rotation":0,"texture":"#0","tintindex":0},"up":{"uv":[5.375,3.0,4.375,1.375],"rotation":0,"texture":"#0","tintindex":0},"down":{"uv":[5.375,3.0,4.375,1.375],"rotation":0,"texture":"#0","tintindex":0}}},{"from":[6.013017,7.797954,3.852891],"to":[6.5758514,9.767155,4.8020115],"rotation":{"angle":0.0,"axis":"y","origin":[5.142857,2.2857141,4.685714]},"faces":{"east":{"uv":[5.375,3.0,4.375,1.375],"rotation":0,"texture":"#0","tintindex":0},"south":{"uv":[5.375,3.0,4.375,1.375],"rotation":0,"texture":"#0","tintindex":0},"north":{"uv":[5.375,3.0,4.375,1.375],"rotation":0,"texture":"#0","tintindex":0},"west":{"uv":[5.375,3.0,4.375,1.375],"rotation":0,"texture":"#0","tintindex":0},"up":{"uv":[5.375,3.0,4.375,1.375],"rotation":0,"texture":"#0","tintindex":0},"down":{"uv":[5.375,3.0,4.375,1.375],"rotation":0,"texture":"#0","tintindex":0}}},{"from":[5.73484,8.489669,6.0380116],"to":[6.3764687,10.734554,7.1200056],"rotation":{"angle":0.0,"axis":"y","origin":[4.742857,2.2057137,6.9874287]},"faces":{"east":{"uv":[5.375,3.0,4.375,1.375],"rotation":0,"texture":"#0","tintindex":0},"south":{"uv":[5.375,3.0,4.375,1.375],"rotation":0,"texture":"#0","tintindex":0},"north":{"uv":[5.375,3.0,4.375,1.375],"rotation":0,"texture":"#0","tintindex":0},"west":{"uv":[5.375,3.0,4.375,1.375],"rotation":0,"texture":"#0","tintindex":0},"up":{"uv":[5.375,3.0,4.375,1.375],"rotation":0,"texture":"#0","tintindex":0},"down":{"uv":[5.375,3.0,4.375,1.375],"rotation":0,"texture":"#0","tintindex":0}}},{"from":[9.643412,8.489669,6.0380116],"to":[10.28504,10.734554,7.1200056],"rotation":{"angle":0.0,"axis":"y","origin":[8.651428,2.2057137,6.9874287]},"faces":{"east":{"uv":[5.375,3.0,4.375,1.375],"rotation":0,"texture":"#0","tintindex":0},"south":{"uv":[5.375,3.0,4.375,1.375],"rotation":0,"texture":"#0","tintindex":0},"north":{"uv":[5.375,3.0,4.375,1.375],"rotation":0,"texture":"#0","tintindex":0},"west":{"uv":[5.375,3.0,4.375,1.375],"rotation":0,"texture":"#0","tintindex":0},"up":{"uv":[5.375,3.0,4.375,1.375],"rotation":0,"texture":"#0","tintindex":0},"down":{"uv":[5.375,3.0,4.375,1.375],"rotation":0,"texture":"#0","tintindex":0}}},{"from":[9.441588,7.797954,3.852891],"to":[10.004423,9.767155,4.8020115],"rotation":{"angle":0.0,"axis":"y","origin":[8.571428,2.2857141,4.685714]},"faces":{"east":{"uv":[5.375,3.0,4.375,1.375],"rotation":0,"texture":"#0","tintindex":0},"south":{"uv":[5.375,3.0,4.375,1.375],"rotation":0,"texture":"#0","tintindex":0},"north":{"uv":[5.375,3.0,4.375,1.375],"rotation":0,"texture":"#0","tintindex":0},"west":{"uv":[5.375,3.0,4.375,1.375],"rotation":0,"texture":"#0","tintindex":0},"up":{"uv":[5.375,3.0,4.375,1.375],"rotation":0,"texture":"#0","tintindex":0},"down":{"uv":[5.375,3.0,4.375,1.375],"rotation":0,"texture":"#0","tintindex":0}}},{"from":[9.431406,11.743669,-1.4137602],"to":[9.738926,13.6604805,-1.0662861],"rotation":{"angle":45.0,"axis":"x","origin":[8.525714,6.6724114,-0.857852]},"faces":{"east":{"uv":[5.375,3.0,4.375,1.375],"rotation":0,"texture":"#0","tintindex":0},"south":{"uv":[5.375,3.0,4.375,1.375],"rotation":0,"texture":"#0","tintindex":0},"north":{"uv":[5.375,3.0,4.375,1.375],"rotation":0,"texture":"#0","tintindex":0},"west":{"uv":[5.375,3.0,4.375,1.375],"rotation":0,"texture":"#0","tintindex":0},"up":{"uv":[5.375,3.0,4.375,1.375],"rotation":0,"texture":"#0","tintindex":0},"down":{"uv":[5.375,3.0,4.375,1.375],"rotation":0,"texture":"#0","tintindex":0}}},{"from":[6.27712,11.743669,-1.4137602],"to":[6.58464,13.6604805,-1.0662861],"rotation":{"angle":45.0,"axis":"x","origin":[5.3714285,6.6724114,-0.857852]},"faces":{"east":{"uv":[5.375,3.0,4.375,1.375],"rotation":0,"texture":"#0","tintindex":0},"south":{"uv":[5.375,3.0,4.375,1.375],"rotation":0,"texture":"#0","tintindex":0},"north":{"uv":[5.375,3.0,4.375,1.375],"rotation":0,"texture":"#0","tintindex":0},"west":{"uv":[5.375,3.0,4.375,1.375],"rotation":0,"texture":"#0","tintindex":0},"up":{"uv":[5.375,3.0,4.375,1.375],"rotation":0,"texture":"#0","tintindex":0},"down":{"uv":[5.375,3.0,4.375,1.375],"rotation":0,"texture":"#0","tintindex":0}}},{"from":[6.1273026,12.392189,0.6496401],"to":[6.4615655,14.475675,1.0273309],"rotation":{"angle":45.0,"axis":"x","origin":[5.142857,6.8799486,1.2538915]},"faces":{"east":{"uv":[5.375,3.0,4.375,1.375],"rotation":0,"texture":"#0","tintindex":0},"south":{"uv":[5.375,3.0,4.375,1.375],"rotation":0,"texture":"#0","tintindex":0},"north":{"uv":[5.375,3.0,4.375,1.375],"rotation":0,"texture":"#0","tintindex":0},"west":{"uv":[5.375,3.0,4.375,1.375],"rotation":0,"texture":"#0","tintindex":0},"up":{"uv":[5.375,3.0,4.375,1.375],"rotation":0,"texture":"#0","tintindex":0},"down":{"uv":[5.375,3.0,4.375,1.375],"rotation":0,"texture":"#0","tintindex":0}}},{"from":[5.8651257,13.7270975,2.3863025],"to":[6.246183,16.102268,2.8168683],"rotation":{"angle":45.0,"axis":"x","origin":[4.742857,7.443143,3.075148]},"faces":{"east":{"uv":[5.375,3.0,4.375,1.375],"rotation":0,"texture":"#0","tintindex":0},"south":{"uv":[5.375,3.0,4.375,1.375],"rotation":0,"texture":"#0","tintindex":0},"north":{"uv":[5.375,3.0,4.375,1.375],"rotation":0,"texture":"#0","tintindex":0},"west":{"uv":[5.375,3.0,4.375,1.375],"rotation":0,"texture":"#0","tintindex":0},"up":{"uv":[5.375,3.0,4.375,1.375],"rotation":0,"texture":"#0","tintindex":0},"down":{"uv":[5.375,3.0,4.375,1.375],"rotation":0,"texture":"#0","tintindex":0}}},{"from":[9.773697,13.7270975,2.3863025],"to":[10.154755,16.102268,2.8168683],"rotation":{"angle":45.0,"axis":"x","origin":[8.651428,7.443143,3.075148]},"faces":{"east":{"uv":[5.375,3.0,4.375,1.375],"rotation":0,"texture":"#0","tintindex":0},"south":{"uv":[5.375,3.0,4.375,1.375],"rotation":0,"texture":"#0","tintindex":0},"north":{"uv":[5.375,3.0,4.375,1.375],"rotation":0,"texture":"#0","tintindex":0},"west":{"uv":[5.375,3.0,4.375,1.375],"rotation":0,"texture":"#0","tintindex":0},"up":{"uv":[5.375,3.0,4.375,1.375],"rotation":0,"texture":"#0","tintindex":0},"down":{"uv":[5.375,3.0,4.375,1.375],"rotation":0,"texture":"#0","tintindex":0}}},{"from":[9.555874,12.392189,0.6496401],"to":[9.890137,14.475675,1.0273309],"rotation":{"angle":45.0,"axis":"x","origin":[8.571428,6.8799486,1.2538915]},"faces":{"east":{"uv":[5.375,3.0,4.375,1.375],"rotation":0,"texture":"#0","tintindex":0},"south":{"uv":[5.375,3.0,4.375,1.375],"rotation":0,"texture":"#0","tintindex":0},"north":{"uv":[5.375,3.0,4.375,1.375],"rotation":0,"texture":"#0","tintindex":0},"west":{"uv":[5.375,3.0,4.375,1.375],"rotation":0,"texture":"#0","tintindex":0},"up":{"uv":[5.375,3.0,4.375,1.375],"rotation":0,"texture":"#0","tintindex":0},"down":{"uv":[5.375,3.0,4.375,1.375],"rotation":0,"texture":"#0","tintindex":0}}},{"from":[9.431406,9.316315,-0.3606348],"to":[9.738926,11.127977,0.30226803],"rotation":{"angle":22.5,"axis":"x","origin":[8.525714,4.2450514,0.30041695]},"faces":{"east":{"uv":[5.375,3.0,4.375,1.375],"rotation":0,"texture":"#0","tintindex":0},"south":{"uv":[5.375,3.0,4.375,1.375],"rotation":0,"texture":"#0","tintindex":0},"north":{"uv":[5.375,3.0,4.375,1.375],"rotation":0,"texture":"#0","tintindex":0},"west":{"uv":[5.375,3.0,4.375,1.375],"rotation":0,"texture":"#0","tintindex":0},"up":{"uv":[5.375,3.0,4.375,1.375],"rotation":0,"texture":"#0","tintindex":0},"down":{"uv":[5.375,3.0,4.375,1.375],"rotation":0,"texture":"#0","tintindex":0}}},{"from":[6.27712,9.316315,-0.3606348],"to":[6.58464,11.127977,0.30226803],"rotation":{"angle":22.5,"axis":"x","origin":[5.3714285,4.2450514,0.30041695]},"faces":{"east":{"uv":[5.375,3.0,4.375,1.375],"rotation":0,"texture":"#0","tintindex":0},"south":{"uv":[5.375,3.0,4.375,1.375],"rotation":0,"texture":"#0","tintindex":0},"north":{"uv":[5.375,3.0,4.375,1.375],"rotation":0,"texture":"#0","tintindex":0},"west":{"uv":[5.375,3.0,4.375,1.375],"rotation":0,"texture":"#0","tintindex":0},"up":{"uv":[5.375,3.0,4.375,1.375],"rotation":0,"texture":"#0","tintindex":0},"down":{"uv":[5.375,3.0,4.375,1.375],"rotation":0,"texture":"#0","tintindex":0}}},{"from":[6.1273026,9.753755,1.7943368],"to":[6.4615655,11.722955,2.5148854],"rotation":{"angle":22.5,"axis":"x","origin":[5.142857,4.241514,2.5128736]},"faces":{"east":{"uv":[5.375,3.0,4.375,1.375],"rotation":0,"texture":"#0","tintindex":0},"south":{"uv":[5.375,3.0,4.375,1.375],"rotation":0,"texture":"#0","tintindex":0},"north":{"uv":[5.375,3.0,4.375,1.375],"rotation":0,"texture":"#0","tintindex":0},"west":{"uv":[5.375,3.0,4.375,1.375],"rotation":0,"texture":"#0","tintindex":0},"up":{"uv":[5.375,3.0,4.375,1.375],"rotation":0,"texture":"#0","tintindex":0},"down":{"uv":[5.375,3.0,4.375,1.375],"rotation":0,"texture":"#0","tintindex":0}}},{"from":[5.8651257,10.71928,3.6912627],"to":[6.246183,12.964171,4.512686],"rotation":{"angle":22.5,"axis":"x","origin":[4.742857,4.4353256,4.510394]},"faces":{"east":{"uv":[5.375,3.0,4.375,1.375],"rotation":0,"texture":"#0","tintindex":0},"south":{"uv":[5.375,3.0,4.375,1.375],"rotation":0,"texture":"#0","tintindex":0},"north":{"uv":[5.375,3.0,4.375,1.375],"rotation":0,"texture":"#0","tintindex":0},"west":{"uv":[5.375,3.0,4.375,1.375],"rotation":0,"texture":"#0","tintindex":0},"up":{"uv":[5.375,3.0,4.375,1.375],"rotation":0,"texture":"#0","tintindex":0},"down":{"uv":[5.375,3.0,4.375,1.375],"rotation":0,"texture":"#0","tintindex":0}}},{"from":[9.773697,10.71928,3.6912627],"to":[10.154755,12.964171,4.512686],"rotation":{"angle":22.5,"axis":"x","origin":[8.651428,4.4353256,4.510394]},"faces":{"east":{"uv":[5.375,3.0,4.375,1.375],"rotation":0,"texture":"#0","tintindex":0},"south":{"uv":[5.375,3.0,4.375,1.375],"rotation":0,"texture":"#0","tintindex":0},"north":{"uv":[5.375,3.0,4.375,1.375],"rotation":0,"texture":"#0","tintindex":0},"west":{"uv":[5.375,3.0,4.375,1.375],"rotation":0,"texture":"#0","tintindex":0},"up":{"uv":[5.375,3.0,4.375,1.375],"rotation":0,"texture":"#0","tintindex":0},"down":{"uv":[5.375,3.0,4.375,1.375],"rotation":0,"texture":"#0","tintindex":0}}},{"from":[9.555874,9.753755,1.7943368],"to":[9.890137,11.722955,2.5148854],"rotation":{"angle":22.5,"axis":"x","origin":[8.571428,4.241514,2.5128736]},"faces":{"east":{"uv":[5.375,3.0,4.375,1.375],"rotation":0,"texture":"#0","tintindex":0},"south":{"uv":[5.375,3.0,4.375,1.375],"rotation":0,"texture":"#0","tintindex":0},"north":{"uv":[5.375,3.0,4.375,1.375],"rotation":0,"texture":"#0","tintindex":0},"west":{"uv":[5.375,3.0,4.375,1.375],"rotation":0,"texture":"#0","tintindex":0},"up":{"uv":[5.375,3.0,4.375,1.375],"rotation":0,"texture":"#0","tintindex":0},"down":{"uv":[5.375,3.0,4.375,1.375],"rotation":0,"texture":"#0","tintindex":0}}},{"from":[6.5844455,6.0836687,2.252891],"to":[9.432995,9.367154,9.259154],"rotation":{"angle":0.0,"axis":"y","origin":[8.0,2.8571424,6.857143]},"faces":{"east":{"uv":[7.125,7.125,8.75,7.625],"rotation":0,"texture":"#0","tintindex":0},"south":{"uv":[2.5,7.5,3.5,8.0],"rotation":0,"texture":"#0","tintindex":0},"north":{"uv":[1.375,7.5,2.375,8.0],"rotation":0,"texture":"#0","tintindex":0},"west":{"uv":[7.125,6.0,8.75,6.5],"rotation":0,"texture":"#0","tintindex":0},"up":{"uv":[5.375,3.0,4.375,1.375],"rotation":0,"texture":"#0","tintindex":0},"down":{"uv":[1.0,4.75,0.0,6.375],"rotation":0,"texture":"#0","tintindex":0}}},{"from":[6.145383,5.883794,-2.9106178],"to":[9.854617,9.3612,0.077028275],"rotation":{"angle":22.5,"axis":"x","origin":[8.0,7.6193943,0.06891394]},"faces":{"east":{"uv":[7.625,2.625,8.25,3.375],"rotation":0,"texture":"#0","tintindex":0},"south":{"uv":[3.75,7.25,4.625,8.0],"rotation":0,"texture":"#0","tintindex":0},"north":{"uv":[1.75,3.375,2.625,4.125],"rotation":0,"texture":"#0","tintindex":0},"west":{"uv":[7.125,7.75,7.75,8.5],"rotation":0,"texture":"#0","tintindex":0},"up":{"uv":[5.0,6.25,4.125,5.625],"rotation":0,"texture":"#0","tintindex":0},"down":{"uv":[7.0,7.375,6.125,8.0],"rotation":0,"texture":"#0","tintindex":0}}},{"from":[6.7176456,8.9293375,-3.5757036],"to":[7.181303,9.3929825,-3.277258],"rotation":{"angle":22.5,"axis":"x","origin":[5.0948687,6.393943,-0.4703436]},"faces":{"east":{"uv":[9.125,10.25,9.25,10.375],"rotation":0,"texture":"#0","tintindex":0},"south":{"uv":[9.125,10.25,9.25,10.375],"rotation":0,"texture":"#0","tintindex":0},"north":{"uv":[9.125,10.25,9.25,10.375],"rotation":0,"texture":"#0","tintindex":0},"west":{"uv":[9.125,10.25,9.25,10.375],"rotation":0,"texture":"#0","tintindex":0},"up":{"uv":[9.125,10.25,9.25,10.375],"rotation":0,"texture":"#0","tintindex":0},"down":{"uv":[9.125,10.25,9.25,10.375],"rotation":0,"texture":"#0","tintindex":0}}},{"from":[7.2356114,8.375691,-3.5696125],"to":[7.6992683,8.839349,-3.1784344],"rotation":{"angle":22.5,"axis":"x","origin":[5.149177,6.3396344,-0.4703436]},"faces":{"east":{"uv":[9.125,10.25,9.25,10.375],"rotation":0,"texture":"#0","tintindex":0},"south":{"uv":[9.125,10.25,9.25,10.375],"rotation":0,"texture":"#0","tintindex":0},"north":{"uv":[9.125,10.25,9.25,10.375],"rotation":0,"texture":"#0","tintindex":0},"west":{"uv":[9.125,10.25,9.25,10.375],"rotation":0,"texture":"#0","tintindex":0},"up":{"uv":[9.125,10.25,9.25,10.375],"rotation":0,"texture":"#0","tintindex":0},"down":{"uv":[9.125,10.25,9.25,10.375],"rotation":0,"texture":"#0","tintindex":0}}},{"from":[8.818697,8.9293375,-3.5757036],"to":[9.282354,9.3929825,-3.277258],"rotation":{"angle":22.5,"axis":"x","origin":[4.877634,6.393943,-0.4703436]},"faces":{"east":{"uv":[9.125,10.25,9.25,10.375],"rotation":0,"texture":"#0","tintindex":0},"south":{"uv":[9.125,10.25,9.25,10.375],"rotation":0,"texture":"#0","tintindex":0},"north":{"uv":[9.125,10.25,9.25,10.375],"rotation":0,"texture":"#0","tintindex":0},"west":{"uv":[9.125,10.25,9.25,10.375],"rotation":0,"texture":"#0","tintindex":0},"up":{"uv":[9.125,10.25,9.25,10.375],"rotation":0,"texture":"#0","tintindex":0},"down":{"uv":[9.125,10.25,9.25,10.375],"rotation":0,"texture":"#0","tintindex":0}}},{"from":[8.300732,8.375691,-3.5696125],"to":[8.764389,8.839349,-3.2711668],"rotation":{"angle":22.5,"axis":"x","origin":[4.8233256,6.3396344,-0.4703436]},"faces":{"east":{"uv":[9.125,10.25,9.25,10.375],"rotation":0,"texture":"#0","tintindex":0},"south":{"uv":[9.125,10.25,9.25,10.375],"rotation":0,"texture":"#0","tintindex":0},"north":{"uv":[9.125,10.25,9.25,10.375],"rotation":0,"texture":"#0","tintindex":0},"west":{"uv":[9.125,10.25,9.25,10.375],"rotation":0,"texture":"#0","tintindex":0},"up":{"uv":[9.125,10.25,9.25,10.375],"rotation":0,"texture":"#0","tintindex":0},"down":{"uv":[9.125,10.25,9.25,10.375],"rotation":0,"texture":"#0","tintindex":0}}},{"from":[7.3293257,7.2068343,-3.5913725],"to":[8.670674,7.670491,-3.1074638],"rotation":{"angle":22.5,"axis":"x","origin":[4.9862514,6.1767087,-0.4703436]},"faces":{"east":{"uv":[9.125,10.25,9.25,10.375],"rotation":0,"texture":"#0","tintindex":0},"south":{"uv":[9.125,10.25,9.25,10.375],"rotation":0,"texture":"#0","tintindex":0},"north":{"uv":[9.125,10.25,9.25,10.375],"rotation":0,"texture":"#0","tintindex":0},"west":{"uv":[9.125,10.25,9.25,10.375],"rotation":0,"texture":"#0","tintindex":0},"up":{"uv":[9.125,10.25,9.25,10.375],"rotation":0,"texture":"#0","tintindex":0},"down":{"uv":[9.125,10.25,9.25,10.375],"rotation":0,"texture":"#0","tintindex":0}}},{"from":[6.3900914,6.2184916,-0.75746346],"to":[9.609909,8.794343,2.0111308],"rotation":{"angle":0.0,"axis":"y","origin":[8.0,2.8571424,6.857143]},"faces":{"east":{"uv":[1.125,4.75,1.625,5.25],"rotation":0,"texture":"#0","tintindex":0},"south":{"uv":[7.75,0.0,8.375,0.5],"rotation":0,"texture":"#0","tintindex":0},"north":{"uv":[6.0,3.5,6.625,4.0],"rotation":0,"texture":"#0","tintindex":0},"west":{"uv":[8.0,5.0,8.5,5.5],"rotation":0,"texture":"#0","tintindex":0},"up":{"uv":[8.5,8.375,7.875,7.875],"rotation":0,"texture":"#0","tintindex":0},"down":{"uv":[5.375,8.0,4.75,8.5],"rotation":0,"texture":"#0","tintindex":0}}},{"from":[9.522125,7.819303,-3.5696125],"to":[9.89304,8.190228,-2.900241],"rotation":{"angle":22.5,"axis":"x","origin":[4.931943,6.3396344,-0.4703436]},"faces":{"east":{"uv":[9.125,10.25,9.25,10.375],"rotation":0,"texture":"#0","tintindex":0},"south":{"uv":[9.125,10.25,9.25,10.375],"rotation":0,"texture":"#0","tintindex":0},"north":{"uv":[9.125,10.25,9.25,10.375],"rotation":0,"texture":"#0","tintindex":0},"west":{"uv":[9.125,10.25,9.25,10.375],"rotation":0,"texture":"#0","tintindex":0},"up":{"uv":[9.125,10.25,9.25,10.375],"rotation":0,"texture":"#0","tintindex":0},"down":{"uv":[9.125,10.25,9.25,10.375],"rotation":0,"texture":"#0","tintindex":0}}},{"from":[3.81424,6.216263,8.838138],"to":[12.056972,10.080046,17.051418],"rotation":{"angle":-22.5,"axis":"x","origin":[7.928526,7.067897,9.396252]},"faces":{"east":{"uv":[6.5,5.125,7.875,5.875],"rotation":0,"texture":"#0","tintindex":0},"south":{"uv":[4.125,6.375,5.625,7.125],"rotation":0,"texture":"#0","tintindex":0},"north":{"uv":[6.0,2.625,7.5,3.375],"rotation":0,"texture":"#0","tintindex":0},"west":{"uv":[6.75,0.875,8.125,1.625],"rotation":0,"texture":"#0","tintindex":0},"up":{"uv":[4.25,4.125,2.75,2.75],"rotation":0,"texture":"#0","tintindex":0},"down":{"uv":[4.25,0.0,2.75,1.375],"rotation":0,"texture":"#0","tintindex":0}}}],"display":{"head":{"translation":[0.0,-6.4,0.0],"scale":[4.0,4.0,4.0]}}}