{"textures":{"0":"modelengine:entity/nocsy_drakonin_baby8"},"elements":[{"from":[8.371913,7.370675,7.9965286],"to":[9.51477,8.513533,10.282243],"rotation":{"angle":0.0,"axis":"y","origin":[8.943341,7.942104,9.139385]},"faces":{"east":{"uv":[9.625,0.0,10.125,0.25],"rotation":0,"texture":"#0","tintindex":0},"south":{"uv":[5.125,10.5,5.375,10.75],"rotation":0,"texture":"#0","tintindex":0},"north":{"uv":[4.75,10.5,5.0,10.75],"rotation":0,"texture":"#0","tintindex":0},"west":{"uv":[0.5,9.625,1.0,9.875],"rotation":0,"texture":"#0","tintindex":0},"up":{"uv":[5.875,10.0,5.625,9.5],"rotation":0,"texture":"#0","tintindex":0},"down":{"uv":[1.375,9.625,1.125,10.125],"rotation":0,"texture":"#0","tintindex":0}}},{"from":[9.222282,6.9763436,10.290036],"to":[9.222282,8.5192,12.57575],"rotation":{"angle":0.0,"axis":"y","origin":[9.383481,7.3279924,10.024725]},"faces":{"east":{"uv":[4.375,8.375,4.875,8.75],"rotation":0,"texture":"#0","tintindex":0},"south":{"uv":[8.875,10.75,8.875,11.125],"rotation":0,"texture":"#0","tintindex":0},"north":{"uv":[8.75,10.75,8.75,11.125],"rotation":0,"texture":"#0","tintindex":0},"west":{"uv":[5.0,8.375,5.5,8.75],"rotation":0,"texture":"#0","tintindex":0},"up":{"uv":[9.0,11.25,9.0,10.75],"rotation":0,"texture":"#0","tintindex":0},"down":{"uv":[9.125,10.75,9.125,11.25],"rotation":0,"texture":"#0","tintindex":0}}},{"from":[8.388275,7.7323723,10.198887],"to":[9.988276,7.7323723,12.4846],"rotation":{"angle":0.0,"axis":"y","origin":[9.383481,7.3279924,10.024725]},"faces":{"east":{"uv":[0.75,10.875,1.25,10.875],"rotation":0,"texture":"#0","tintindex":0},"south":{"uv":[10.875,1.75,11.25,1.75],"rotation":0,"texture":"#0","tintindex":0},"north":{"uv":[10.625,10.75,11.0,10.75],"rotation":0,"texture":"#0","tintindex":0},"west":{"uv":[10.875,1.875,11.375,1.875],"rotation":0,"texture":"#0","tintindex":0},"up":{"uv":[0.875,9.0,0.5,8.5],"rotation":0,"texture":"#0","tintindex":0},"down":{"uv":[1.375,8.5,1.0,9.0],"rotation":0,"texture":"#0","tintindex":0}}},{"from":[7.8316965,6.405363,6.721321],"to":[8.974554,7.54822,8.435607],"rotation":{"angle":22.5,"axis":"x","origin":[8.314024,6.536769,8.210932]},"faces":{"east":{"uv":[9.625,0.0,10.125,0.25],"rotation":0,"texture":"#0","tintindex":0},"south":{"uv":[5.125,10.5,5.375,10.75],"rotation":0,"texture":"#0","tintindex":0},"north":{"uv":[4.75,10.5,5.0,10.75],"rotation":0,"texture":"#0","tintindex":0},"west":{"uv":[0.5,9.625,1.0,9.875],"rotation":0,"texture":"#0","tintindex":0},"up":{"uv":[5.875,10.0,5.625,9.5],"rotation":0,"texture":"#0","tintindex":0},"down":{"uv":[1.375,9.625,1.125,10.125],"rotation":0,"texture":"#0","tintindex":0}}},{"from":[8.682066,6.0110316,8.443399],"to":[8.682066,7.553889,10.729115],"rotation":{"angle":22.5,"axis":"x","origin":[8.314024,6.536769,8.210932]},"faces":{"east":{"uv":[4.375,8.375,4.875,8.75],"rotation":0,"texture":"#0","tintindex":0},"south":{"uv":[8.875,10.75,8.875,11.125],"rotation":0,"texture":"#0","tintindex":0},"north":{"uv":[8.75,10.75,8.75,11.125],"rotation":0,"texture":"#0","tintindex":0},"west":{"uv":[5.0,8.375,5.5,8.75],"rotation":0,"texture":"#0","tintindex":0},"up":{"uv":[9.0,11.25,9.0,10.75],"rotation":0,"texture":"#0","tintindex":0},"down":{"uv":[9.125,10.75,9.125,11.25],"rotation":0,"texture":"#0","tintindex":0}}},{"from":[7.848059,6.7670603,8.35225],"to":[9.448059,6.7670603,10.637964],"rotation":{"angle":22.5,"axis":"x","origin":[8.314024,6.536769,8.210932]},"faces":{"east":{"uv":[0.75,10.875,1.25,10.875],"rotation":0,"texture":"#0","tintindex":0},"south":{"uv":[10.875,1.75,11.25,1.75],"rotation":0,"texture":"#0","tintindex":0},"north":{"uv":[10.625,10.75,11.0,10.75],"rotation":0,"texture":"#0","tintindex":0},"west":{"uv":[10.875,1.875,11.375,1.875],"rotation":0,"texture":"#0","tintindex":0},"up":{"uv":[0.875,9.0,0.5,8.5],"rotation":0,"texture":"#0","tintindex":0},"down":{"uv":[1.375,8.5,1.0,9.0],"rotation":0,"texture":"#0","tintindex":0}}}],"display":{"head":{"translation":[0.0,-6.4,0.0],"scale":[4.0,4.0,4.0]}}}