{"textures":{"0":"modelengine:entity/nocsy_drakonin_baby8"},"elements":[{"from":[7.6685715,6.299968,7.12048],"to":[8.811429,8.585682,8.263337],"rotation":{"angle":22.5,"axis":"x","origin":[7.8342857,8.222254,7.5844803]},"faces":{"east":{"uv":[7.125,9.75,7.375,10.25],"rotation":0,"texture":"#0","tintindex":0},"south":{"uv":[7.5,9.75,7.75,10.25],"rotation":0,"texture":"#0","tintindex":0},"north":{"uv":[9.75,6.125,10.0,6.625],"rotation":0,"texture":"#0","tintindex":0},"west":{"uv":[9.75,7.75,10.0,8.25],"rotation":0,"texture":"#0","tintindex":0},"up":{"uv":[10.125,10.75,9.875,10.5],"rotation":0,"texture":"#0","tintindex":0},"down":{"uv":[10.5,10.5,10.25,10.75],"rotation":0,"texture":"#0","tintindex":0}}}],"display":{"head":{"translation":[0.0,-6.4,0.0],"scale":[4.0,4.0,4.0]}}}