{"textures":{"0":"modelengine:entity/nocsy_drakonin_baby8"},"elements":[{"from":[7.142857,5.3621054,7.38417],"to":[8.857143,7.6478195,9.098455],"rotation":{"angle":22.5,"axis":"x","origin":[7.805714,6.098183,9.431297]},"faces":{"east":{"uv":[7.875,8.75,8.25,9.25],"rotation":0,"texture":"#0","tintindex":0},"south":{"uv":[8.75,8.125,9.125,8.625],"rotation":0,"texture":"#0","tintindex":0},"north":{"uv":[7.375,8.75,7.75,9.25],"rotation":0,"texture":"#0","tintindex":0},"west":{"uv":[8.375,8.75,8.75,9.25],"rotation":0,"texture":"#0","tintindex":0},"up":{"uv":[3.375,9.75,3.0,9.375],"rotation":0,"texture":"#0","tintindex":0},"down":{"uv":[5.5,9.375,5.125,9.75],"rotation":0,"texture":"#0","tintindex":0}}},{"from":[7.428571,5.8287134,8.704541],"to":[8.571428,7.5429993,10.418827],"rotation":{"angle":0.0,"axis":"y","origin":[8.0,6.6858563,9.561684]},"faces":{"east":{"uv":[9.375,5.25,9.75,5.625],"rotation":0,"texture":"#0","tintindex":0},"south":{"uv":[10.125,6.25,10.375,6.625],"rotation":0,"texture":"#0","tintindex":0},"north":{"uv":[10.125,5.75,10.375,6.125],"rotation":0,"texture":"#0","tintindex":0},"west":{"uv":[6.625,9.375,7.0,9.75],"rotation":0,"texture":"#0","tintindex":0},"up":{"uv":[10.375,8.125,10.125,7.75],"rotation":0,"texture":"#0","tintindex":0},"down":{"uv":[9.375,10.125,9.125,10.5],"rotation":0,"texture":"#0","tintindex":0}}}],"display":{"head":{"translation":[0.0,-6.4,0.0],"scale":[4.0,4.0,4.0]}}}