{"textures":{"0":"modelengine:entity/ghoulfish"},"elements":[{"from":[7.4528,6.192914,3.084343],"to":[8.7392,9.974355,7.221943],"rotation":{"angle":-45.0,"axis":"x","origin":[8.0,8.299634,5.153143]},"faces":{"east":{"uv":[11.625,5.25,10.25,6.5],"rotation":0,"texture":"#0","tintindex":0},"south":{"uv":[6.0,5.375,7.75,6.625],"rotation":0,"texture":"#0","tintindex":0},"north":{"uv":[7.5,1.125,8.125,2.5],"rotation":0,"texture":"#0","tintindex":0},"west":{"uv":[10.25,5.25,11.625,6.5],"rotation":0,"texture":"#0","tintindex":0},"up":{"uv":[4.0,7.25,4.625,8.625],"rotation":0,"texture":"#0","tintindex":0},"down":{"uv":[5.5,6.875,6.5,9.0],"rotation":0,"texture":"#0","tintindex":0}}},{"from":[7.3087997,5.520914,2.940343],"to":[8.8832,8.246354,5.8299427],"rotation":{"angle":-45.0,"axis":"x","origin":[8.0,8.299634,5.201143]},"faces":{"east":{"uv":[8.5,0.0,9.875,1.375],"rotation":0,"texture":"#0","tintindex":0},"south":{"uv":[8.5,0.0,9.625,1.375],"rotation":0,"texture":"#0","tintindex":0},"north":{"uv":[8.5,0.0,9.625,1.375],"rotation":0,"texture":"#0","tintindex":0},"west":{"uv":[8.5,0.0,9.875,1.375],"rotation":0,"texture":"#0","tintindex":0},"up":{"uv":[8.5,0.0,9.625,1.375],"rotation":0,"texture":"#0","tintindex":0},"down":{"uv":[8.5,0.0,9.625,1.375],"rotation":0,"texture":"#0","tintindex":0}}},{"from":[7.448,7.152914,1.8843427],"to":[8.744,8.966354,4.0059423],"rotation":{"angle":-45.0,"axis":"x","origin":[8.0,9.067635,3.3771424]},"faces":{"east":{"uv":[11.875,5.5,11.0,6.375],"rotation":0,"texture":"#0","tintindex":0},"south":{"uv":[3.75,9.25,4.875,7.875],"rotation":0,"texture":"#0","tintindex":0},"north":{"uv":[5.875,6.875,6.75,8.25],"rotation":0,"texture":"#0","tintindex":0},"west":{"uv":[11.0,5.5,11.875,6.375],"rotation":0,"texture":"#0","tintindex":0},"up":{"uv":[3.75,9.25,4.875,7.875],"rotation":0,"texture":"#0","tintindex":0},"down":{"uv":[5.5,6.875,6.5,8.5],"rotation":0,"texture":"#0","tintindex":0}}},{"from":[7.5488,9.171981,4.637177],"to":[8.6432,10.745421,6.470777],"rotation":{"angle":45.0,"axis":"x","origin":[8.096,9.958701,5.745977]},"faces":{"east":{"uv":[3.75,7.75,4.75,8.375],"rotation":0,"texture":"#0","tintindex":0},"south":{"uv":[4.0,7.25,4.625,8.125],"rotation":0,"texture":"#0","tintindex":0},"north":{"uv":[4.0,7.25,4.625,8.125],"rotation":0,"texture":"#0","tintindex":0},"west":{"uv":[3.75,7.75,4.75,8.375],"rotation":0,"texture":"#0","tintindex":0},"up":{"uv":[4.0,7.25,4.625,8.125],"rotation":0,"texture":"#0","tintindex":0},"down":{"uv":[4.0,7.25,4.625,8.125],"rotation":0,"texture":"#0","tintindex":0}}},{"from":[7.5488,7.587981,4.637177],"to":[8.6432,9.161421,6.470777],"rotation":{"angle":45.0,"axis":"x","origin":[8.096,9.958701,5.745977]},"faces":{"east":{"uv":[3.75,7.75,4.75,8.375],"rotation":0,"texture":"#0","tintindex":0},"south":{"uv":[4.0,7.25,4.625,8.125],"rotation":0,"texture":"#0","tintindex":0},"north":{"uv":[4.0,7.375,4.625,8.0],"rotation":0,"texture":"#0","tintindex":0},"west":{"uv":[3.75,7.75,4.75,8.375],"rotation":0,"texture":"#0","tintindex":0},"up":{"uv":[4.0,7.25,4.625,8.125],"rotation":0,"texture":"#0","tintindex":0},"down":{"uv":[4.0,7.25,4.625,8.125],"rotation":0,"texture":"#0","tintindex":0}}},{"from":[8.096,10.589714,4.217143],"to":[8.096,12.365715,6.665143],"rotation":{"angle":-22.5,"axis":"x","origin":[8.096,11.477715,5.4411426]},"faces":{"east":{"uv":[2.0,3.875,0.5,4.875],"rotation":0,"texture":"#0","tintindex":0},"south":{"uv":[0.0,0.0,0.0,0.4625],"rotation":0,"texture":"#0","tintindex":0},"north":{"uv":[0.0,0.0,0.0,0.4625],"rotation":0,"texture":"#0","tintindex":0},"west":{"uv":[0.5,3.875,2.0,4.875],"rotation":0,"texture":"#0","tintindex":0},"up":{"uv":[0.0,0.0,0.0,0.6375],"rotation":0,"texture":"#0","tintindex":0},"down":{"uv":[0.0,0.0,0.0,0.6375],"rotation":0,"texture":"#0","tintindex":0}}},{"from":[8.096,2.813714,4.601143],"to":[8.096,5.837714,9.641143],"rotation":{"angle":0.0,"axis":"y","origin":[8.096,4.469714,6.5451427]},"faces":{"east":{"uv":[15.0,0.375,11.875,2.5],"rotation":0,"texture":"#0","tintindex":0},"south":{"uv":[0.0,0.0,0.0,0.4625],"rotation":0,"texture":"#0","tintindex":0},"north":{"uv":[0.0,0.0,0.0,0.4625],"rotation":0,"texture":"#0","tintindex":0},"west":{"uv":[11.875,0.375,15.0,2.5],"rotation":0,"texture":"#0","tintindex":0},"up":{"uv":[0.0,0.0,0.0,0.6375],"rotation":0,"texture":"#0","tintindex":0},"down":{"uv":[0.0,0.0,0.0,0.6375],"rotation":0,"texture":"#0","tintindex":0}}},{"from":[7.3568,7.4889145,2.460343],"to":[8.8352,8.534354,3.4299426],"rotation":{"angle":22.5,"axis":"x","origin":[8.096,8.059634,3.4491425]},"faces":{"east":{"uv":[3.5,8.75,4.125,9.5],"rotation":0,"texture":"#0","tintindex":0},"south":{"uv":[6.0,5.375,7.75,6.625],"rotation":0,"texture":"#0","tintindex":0},"north":{"uv":[3.5,8.75,4.5,9.25],"rotation":0,"texture":"#0","tintindex":0},"west":{"uv":[3.5,8.75,4.125,9.5],"rotation":0,"texture":"#0","tintindex":0},"up":{"uv":[4.0,7.25,4.625,8.625],"rotation":0,"texture":"#0","tintindex":0},"down":{"uv":[5.5,6.875,6.5,9.0],"rotation":0,"texture":"#0","tintindex":0}}},{"from":[7.3544,8.160914,2.8923426],"to":[8.8376,9.302355,4.0059423],"rotation":{"angle":-22.5,"axis":"x","origin":[8.096,8.635634,3.8811426]},"faces":{"east":{"uv":[3.5,8.75,4.125,9.5],"rotation":0,"texture":"#0","tintindex":0},"south":{"uv":[6.0,5.375,7.75,6.625],"rotation":0,"texture":"#0","tintindex":0},"north":{"uv":[7.5,1.125,8.125,2.5],"rotation":0,"texture":"#0","tintindex":0},"west":{"uv":[3.5,8.75,4.125,9.5],"rotation":0,"texture":"#0","tintindex":0},"up":{"uv":[2.75,6.125,3.75,5.25],"rotation":0,"texture":"#0","tintindex":0},"down":{"uv":[5.5,6.875,6.5,9.0],"rotation":0,"texture":"#0","tintindex":0}}},{"from":[7.2608,8.024358,2.6614919],"to":[8.8832,8.312358,2.9494915],"rotation":{"angle":22.5,"axis":"x","origin":[8.072,8.139077,2.8582916]},"faces":{"east":{"uv":[2.8333333,3.8333333,3.3333333,4.3333335],"rotation":0,"texture":"#0","tintindex":0},"south":{"uv":[3.0,3.8333333,3.1666667,4.0],"rotation":0,"texture":"#0","tintindex":0},"north":{"uv":[3.0,3.8333333,3.1666667,4.0],"rotation":0,"texture":"#0","tintindex":0},"west":{"uv":[2.8333333,3.8333333,3.3333333,4.3333335],"rotation":0,"texture":"#0","tintindex":0},"up":{"uv":[3.0,3.8333333,3.1666667,4.0],"rotation":0,"texture":"#0","tintindex":0},"down":{"uv":[3.0,3.8333333,3.1666667,4.0],"rotation":0,"texture":"#0","tintindex":0}}}],"display":{"head":{"translation":[0.0,-6.4,0.0],"scale":[4.0,4.0,4.0]}}}