{"textures":{"0":"modelengine:entity/ghoulfish"},"elements":[{"from":[8.096,5.945787,7.8696036],"to":[8.096,9.008187,11.010724],"rotation":{"angle":22.5,"axis":"x","origin":[8.0,7.308987,9.272163]},"faces":{"east":{"uv":[1.875,1.875,0.0,0.0],"rotation":0,"texture":"#0","tintindex":0},"south":{"uv":[0.0,0.0,0.0,0.125],"rotation":0,"texture":"#0","tintindex":0},"north":{"uv":[0.0,0.0,0.0,0.125],"rotation":0,"texture":"#0","tintindex":0},"west":{"uv":[0.0,1.875,1.875,0.0],"rotation":0,"texture":"#0","tintindex":0},"up":{"uv":[0.0,0.0,0.0,1.4625],"rotation":0,"texture":"#0","tintindex":0},"down":{"uv":[0.0,0.0,0.0,1.4625],"rotation":0,"texture":"#0","tintindex":0}}}],"display":{"head":{"translation":[0.0,-6.4,0.0],"scale":[4.0,4.0,4.0]}}}