{"textures":{"0":"modelengine:entity/ghoulfish"},"elements":[{"from":[7.4528,6.7426286,7.938057],"to":[8.4992,8.220069,10.733943],"rotation":{"angle":-22.5,"axis":"x","origin":[8.096,6.4493484,8.665143]},"faces":{"east":{"uv":[9.125,5.875,10.875,6.5],"rotation":0,"texture":"#0","tintindex":0},"south":{"uv":[12.75,6.375,13.5,6.75],"rotation":0,"texture":"#0","tintindex":0},"north":{"uv":[3.875,3.875,5.75,5.125],"rotation":0,"texture":"#0","tintindex":0},"west":{"uv":[10.875,5.875,9.125,6.5],"rotation":0,"texture":"#0","tintindex":0},"up":{"uv":[4.0,7.25,4.625,8.625],"rotation":0,"texture":"#0","tintindex":0},"down":{"uv":[5.5,6.875,6.125,8.25],"rotation":0,"texture":"#0","tintindex":0}}},{"from":[7.4048,8.422628,7.0763426],"to":[8.5952,9.900068,10.301943],"rotation":{"angle":22.5,"axis":"x","origin":[8.096,8.273349,7.993143]},"faces":{"east":{"uv":[11.25,5.875,12.75,6.5],"rotation":0,"texture":"#0","tintindex":0},"south":{"uv":[12.75,6.0,13.5,6.875],"rotation":0,"texture":"#0","tintindex":0},"north":{"uv":[3.875,3.875,5.75,5.125],"rotation":0,"texture":"#0","tintindex":0},"west":{"uv":[12.75,5.875,11.25,6.5],"rotation":0,"texture":"#0","tintindex":0},"up":{"uv":[4.0,7.25,4.625,8.625],"rotation":0,"texture":"#0","tintindex":0},"down":{"uv":[5.875,0.0,7.875,3.875],"rotation":0,"texture":"#0","tintindex":0}}},{"from":[8.0,8.067429,8.5931425],"to":[8.0,10.419429,11.329144],"rotation":{"angle":-45.0,"axis":"x","origin":[8.0,9.1474285,9.8171425]},"faces":{"east":{"uv":[3.75,2.0,2.125,3.375],"rotation":0,"texture":"#0","tintindex":0},"south":{"uv":[0.0,0.0,0.0,0.4625],"rotation":0,"texture":"#0","tintindex":0},"north":{"uv":[0.0,0.0,0.0,0.4625],"rotation":0,"texture":"#0","tintindex":0},"west":{"uv":[2.125,2.0,3.75,3.375],"rotation":0,"texture":"#0","tintindex":0},"up":{"uv":[0.0,0.0,0.0,0.6375],"rotation":0,"texture":"#0","tintindex":0},"down":{"uv":[0.0,0.0,0.0,0.6375],"rotation":0,"texture":"#0","tintindex":0}}},{"from":[8.0,5.0914283,7.633143],"to":[8.0,7.4434285,10.369143],"rotation":{"angle":22.5,"axis":"x","origin":[8.0,6.1714287,8.857143]},"faces":{"east":{"uv":[3.75,2.0,2.125,3.375],"rotation":0,"texture":"#0","tintindex":0},"south":{"uv":[0.0,0.0,0.0,0.4625],"rotation":0,"texture":"#0","tintindex":0},"north":{"uv":[0.0,0.0,0.0,0.4625],"rotation":0,"texture":"#0","tintindex":0},"west":{"uv":[2.125,2.0,3.75,3.375],"rotation":0,"texture":"#0","tintindex":0},"up":{"uv":[0.0,0.0,0.0,0.6375],"rotation":0,"texture":"#0","tintindex":0},"down":{"uv":[0.0,0.0,0.0,0.6375],"rotation":0,"texture":"#0","tintindex":0}}}],"display":{"head":{"translation":[0.0,-6.4,0.0],"scale":[4.0,4.0,4.0]}}}