{"textures":{"0":"modelengine:entity/ghoulfish"},"elements":[{"from":[7.5968,7.7814856,7.162057],"to":[9.0752,8.202926,8.131658],"rotation":{"angle":0.0,"axis":"y","origin":[8.336,7.7282057,8.294857]},"faces":{"east":{"uv":[7.25,7.5,6.5,7.875],"rotation":0,"texture":"#0","tintindex":0},"south":{"uv":[6.0,5.375,7.75,6.625],"rotation":0,"texture":"#0","tintindex":0},"north":{"uv":[6.0,7.5,7.0,8.0],"rotation":0,"texture":"#0","tintindex":0},"west":{"uv":[6.5,7.5,7.25,7.875],"rotation":0,"texture":"#0","tintindex":0},"up":{"uv":[4.0,7.25,4.625,8.625],"rotation":0,"texture":"#0","tintindex":0},"down":{"uv":[5.5,6.875,6.5,9.0],"rotation":0,"texture":"#0","tintindex":0}}},{"from":[7.712,8.002286,7.3828573],"to":[9.008,8.4822855,7.3828573],"rotation":{"angle":0.0,"axis":"y","origin":[8.0,8.914286,13.142858]},"faces":{"east":{"uv":[0.0,0.0,0.0,0.125],"rotation":0,"texture":"#0","tintindex":0},"south":{"uv":[0.0,0.0,0.25,0.125],"rotation":0,"texture":"#0","tintindex":0},"north":{"uv":[3.625,4.25,4.75,4.5],"rotation":0,"texture":"#0","tintindex":0},"west":{"uv":[3.5,8.75,3.5,8.875],"rotation":0,"texture":"#0","tintindex":0},"up":{"uv":[0.0,0.0,0.25,0.0],"rotation":0,"texture":"#0","tintindex":0},"down":{"uv":[0.0,0.0,0.25,0.0],"rotation":0,"texture":"#0","tintindex":0}}}],"display":{"head":{"translation":[0.0,-6.4,0.0],"scale":[4.0,4.0,4.0]}}}