{"textures":{"0":"modelengine:entity/grayscale_celestial"},"elements":[{"from":[2.760686,6.6991634,6.9162874],"to":[11.033144,8.35265,8.912173],"rotation":{"angle":0.0,"axis":"y","origin":[9.892115,6.6420207,6.7105727]},"faces":{"east":{"uv":[6.375,5.375,4.5,5.875],"rotation":0,"texture":"#0","tintindex":0},"south":{"uv":[6.375,5.375,4.5,5.875],"rotation":0,"texture":"#0","tintindex":0},"north":{"uv":[6.375,5.375,4.5,5.875],"rotation":0,"texture":"#0","tintindex":0},"west":{"uv":[6.375,5.375,4.5,5.875],"rotation":0,"texture":"#0","tintindex":0},"up":{"uv":[6.375,5.375,4.5,5.875],"rotation":0,"texture":"#0","tintindex":0},"down":{"uv":[6.375,5.375,4.5,5.875],"rotation":0,"texture":"#0","tintindex":0}}},{"from":[7.3942866,6.984421,6.140973],"to":[15.026744,8.067392,7.8516016],"rotation":{"angle":45.0,"axis":"y","origin":[10.177372,6.6420207,4.4285154]},"faces":{"east":{"uv":[6.375,5.375,4.5,5.875],"rotation":0,"texture":"#0","tintindex":0},"south":{"uv":[6.375,5.375,4.5,5.875],"rotation":0,"texture":"#0","tintindex":0},"north":{"uv":[6.375,5.375,4.5,5.875],"rotation":0,"texture":"#0","tintindex":0},"west":{"uv":[6.375,5.375,4.5,5.875],"rotation":0,"texture":"#0","tintindex":0},"up":{"uv":[6.375,5.375,4.5,5.875],"rotation":0,"texture":"#0","tintindex":0},"down":{"uv":[6.375,5.375,4.5,5.875],"rotation":0,"texture":"#0","tintindex":0}}},{"from":[4.867284,7.7255297,0.8920584],"to":[18.559628,7.7255297,13.72863],"rotation":{"angle":0.0,"axis":"y","origin":[17.023544,7.783049,-4.8130846]},"faces":{"east":{"uv":[7.875,8.25,3.875,12.625],"rotation":0,"texture":"#0","tintindex":0},"south":{"uv":[7.875,8.25,3.875,12.625],"rotation":0,"texture":"#0","tintindex":0},"north":{"uv":[7.875,8.25,3.875,12.625],"rotation":0,"texture":"#0","tintindex":0},"west":{"uv":[7.875,8.25,3.875,12.625],"rotation":0,"texture":"#0","tintindex":0},"up":{"uv":[7.875,8.25,3.875,12.625],"rotation":0,"texture":"#0","tintindex":0},"down":{"uv":[7.875,12.625,3.875,8.25],"rotation":0,"texture":"#0","tintindex":0}}},{"from":[18.307657,7.5616474,1.6052012],"to":[32.0,7.5616474,14.441773],"rotation":{"angle":0.0,"axis":"y","origin":[17.023544,7.783049,-4.8130846]},"faces":{"east":{"uv":[7.875,8.25,3.875,12.625],"rotation":0,"texture":"#0","tintindex":0},"south":{"uv":[7.875,8.25,3.875,12.625],"rotation":0,"texture":"#0","tintindex":0},"north":{"uv":[7.875,8.25,3.875,12.625],"rotation":0,"texture":"#0","tintindex":0},"west":{"uv":[7.875,8.25,3.875,12.625],"rotation":0,"texture":"#0","tintindex":0},"up":{"uv":[4.0,8.375,0.0,12.75],"rotation":0,"texture":"#0","tintindex":0},"down":{"uv":[4.0,12.75,0.0,8.375],"rotation":0,"texture":"#0","tintindex":0}}},{"from":[14.170973,7.2696776,2.1473722],"to":[18.44983,7.782135,3.5727444],"rotation":{"angle":0.0,"axis":"y","origin":[19.876116,6.6420207,0.7201724]},"faces":{"east":{"uv":[6.375,5.375,4.5,5.875],"rotation":0,"texture":"#0","tintindex":0},"south":{"uv":[6.375,5.375,4.5,5.875],"rotation":0,"texture":"#0","tintindex":0},"north":{"uv":[6.375,5.375,4.5,5.875],"rotation":0,"texture":"#0","tintindex":0},"west":{"uv":[6.375,5.375,4.5,5.875],"rotation":0,"texture":"#0","tintindex":0},"up":{"uv":[6.375,5.375,4.5,5.875],"rotation":0,"texture":"#0","tintindex":0},"down":{"uv":[6.375,5.375,4.5,5.875],"rotation":0,"texture":"#0","tintindex":0}}}],"display":{"head":{"translation":[11.02652,-6.4,0.0],"scale":[4.0,4.0,4.0]}}}