{"textures":{"0":"modelengine:entity/grayscale_celestial"},"elements":[{"from":[7.0857143,5.885714,2.7999997],"to":[9.085714,10.571428,5.2],"rotation":{"angle":22.5,"axis":"x","origin":[9.6,0.39999962,1.6571422]},"faces":{"east":{"uv":[8.375,5.375,7.75,6.75],"rotation":0,"texture":"#0","tintindex":0},"south":{"uv":[1.25,5.5,1.875,7.0],"rotation":0,"texture":"#0","tintindex":0},"north":{"uv":[1.875,5.5,1.125,7.0],"rotation":0,"texture":"#0","tintindex":0},"west":{"uv":[8.5,5.375,7.75,6.75],"rotation":0,"texture":"#0","tintindex":0},"up":{"uv":[6.0,5.25,6.5,5.875],"rotation":0,"texture":"#0","tintindex":0},"down":{"uv":[8.875,4.375,9.375,5.0],"rotation":0,"texture":"#0","tintindex":0}}},{"from":[5.3142858,3.7999997,3.0857139],"to":[5.6571426,4.485714,3.771428],"rotation":{"angle":22.5,"axis":"y","origin":[6.5142856,3.7999997,0.742857]},"faces":{"east":{"uv":[1.0,6.75,0.875,7.0],"rotation":0,"texture":"#0","tintindex":0},"south":{"uv":[1.0,6.75,0.875,7.0],"rotation":0,"texture":"#0","tintindex":0},"north":{"uv":[1.0,6.75,0.875,7.0],"rotation":0,"texture":"#0","tintindex":0},"west":{"uv":[1.0,6.75,0.875,7.0],"rotation":0,"texture":"#0","tintindex":0},"up":{"uv":[1.0,6.75,0.875,7.0],"rotation":0,"texture":"#0","tintindex":0},"down":{"uv":[1.0,6.75,0.875,7.0],"rotation":0,"texture":"#0","tintindex":0}}},{"from":[5.8285713,3.9428568,3.1999998],"to":[7.2,5.2,4.9142857],"rotation":{"angle":22.5,"axis":"y","origin":[7.2,3.9428568,3.1999998]},"faces":{"east":{"uv":[0.375,5.375,0.75,5.75],"rotation":0,"texture":"#0","tintindex":0},"south":{"uv":[0.375,5.375,0.75,5.75],"rotation":0,"texture":"#0","tintindex":0},"north":{"uv":[0.375,5.375,0.75,5.75],"rotation":0,"texture":"#0","tintindex":0},"west":{"uv":[0.375,5.375,0.75,5.75],"rotation":0,"texture":"#0","tintindex":0},"up":{"uv":[0.375,5.375,0.75,5.75],"rotation":0,"texture":"#0","tintindex":0},"down":{"uv":[0.375,5.375,0.75,5.75],"rotation":0,"texture":"#0","tintindex":0}}},{"from":[10.971429,3.7999997,3.0857139],"to":[11.314286,4.485714,3.771428],"rotation":{"angle":-22.5,"axis":"y","origin":[10.285714,3.7999997,0.742857]},"faces":{"east":{"uv":[1.0,6.75,0.875,7.0],"rotation":0,"texture":"#0","tintindex":0},"south":{"uv":[1.0,6.75,0.875,7.0],"rotation":0,"texture":"#0","tintindex":0},"north":{"uv":[1.0,6.75,0.875,7.0],"rotation":0,"texture":"#0","tintindex":0},"west":{"uv":[1.0,6.75,0.875,7.0],"rotation":0,"texture":"#0","tintindex":0},"up":{"uv":[1.0,6.75,0.875,7.0],"rotation":0,"texture":"#0","tintindex":0},"down":{"uv":[1.0,6.75,0.875,7.0],"rotation":0,"texture":"#0","tintindex":0}}},{"from":[9.6,3.9428568,3.1999998],"to":[10.742857,5.2,4.9142857],"rotation":{"angle":-22.5,"axis":"y","origin":[9.6,3.9428568,3.1999998]},"faces":{"east":{"uv":[0.375,5.375,0.75,5.75],"rotation":0,"texture":"#0","tintindex":0},"south":{"uv":[0.375,5.375,0.75,5.75],"rotation":0,"texture":"#0","tintindex":0},"north":{"uv":[0.375,5.375,0.75,5.75],"rotation":0,"texture":"#0","tintindex":0},"west":{"uv":[0.375,5.375,0.75,5.75],"rotation":0,"texture":"#0","tintindex":0},"up":{"uv":[0.375,5.375,0.75,5.75],"rotation":0,"texture":"#0","tintindex":0},"down":{"uv":[0.375,5.375,0.75,5.75],"rotation":0,"texture":"#0","tintindex":0}}},{"from":[7.714286,3.9428568,2.8571424],"to":[9.142858,5.2,4.5714283],"rotation":{"angle":0.0,"axis":"y","origin":[7.428571,3.9428568,2.8571424]},"faces":{"east":{"uv":[0.375,5.375,0.75,5.75],"rotation":0,"texture":"#0","tintindex":0},"south":{"uv":[0.375,5.375,0.75,5.75],"rotation":0,"texture":"#0","tintindex":0},"north":{"uv":[0.375,5.375,0.75,5.75],"rotation":0,"texture":"#0","tintindex":0},"west":{"uv":[0.375,5.375,0.75,5.75],"rotation":0,"texture":"#0","tintindex":0},"up":{"uv":[0.375,5.375,0.75,5.75],"rotation":0,"texture":"#0","tintindex":0},"down":{"uv":[0.375,5.375,0.75,5.75],"rotation":0,"texture":"#0","tintindex":0}}},{"from":[8.285714,3.7999997,2.6857138],"to":[8.6285715,4.485714,3.371428],"rotation":{"angle":0.0,"axis":"y","origin":[7.542857,3.7999997,0.39999962]},"faces":{"east":{"uv":[1.0,6.75,0.875,7.0],"rotation":0,"texture":"#0","tintindex":0},"south":{"uv":[1.0,6.75,0.875,7.0],"rotation":0,"texture":"#0","tintindex":0},"north":{"uv":[1.0,6.75,0.875,7.0],"rotation":0,"texture":"#0","tintindex":0},"west":{"uv":[1.0,6.75,0.875,7.0],"rotation":0,"texture":"#0","tintindex":0},"up":{"uv":[1.0,6.75,0.875,7.0],"rotation":0,"texture":"#0","tintindex":0},"down":{"uv":[1.0,6.75,0.875,7.0],"rotation":0,"texture":"#0","tintindex":0}}},{"from":[6.6285715,3.885714,3.771428],"to":[10.0,5.0857143,7.028571],"rotation":{"angle":0.0,"axis":"y","origin":[9.6,-1.5428581,0.5142851]},"faces":{"east":{"uv":[7.75,5.125,8.5,5.5],"rotation":0,"texture":"#0","tintindex":0},"south":{"uv":[6.0,6.0,6.75,5.625],"rotation":0,"texture":"#0","tintindex":0},"north":{"uv":[6.125,5.0,6.875,4.625],"rotation":0,"texture":"#0","tintindex":0},"west":{"uv":[8.5,5.125,7.75,5.5],"rotation":0,"texture":"#0","tintindex":0},"up":{"uv":[5.875,6.25,6.75,5.5],"rotation":0,"texture":"#0","tintindex":0},"down":{"uv":[2.375,0.375,3.125,1.125],"rotation":0,"texture":"#0","tintindex":0}}}],"display":{"head":{"translation":[0.0,-6.4,0.0],"scale":[4.0,4.0,4.0]}}}