{"textures":{"0":"modelengine:entity/jaguar"},"elements":[{"from":[5.358709,5.603116,3.4982471],"to":[10.641291,10.885698,8.25257],"rotation":{"angle":0.0,"axis":"y","origin":[8.0,4.686363,17.341724]},"faces":{"east":{"uv":[5.508,3.508,6.625,4.742],"rotation":0,"texture":"#0","tintindex":0},"south":{"uv":[4.758,5.258,5.992,6.492],"rotation":0,"texture":"#0","tintindex":0},"north":{"uv":[3.258,5.258,4.492,6.492],"rotation":0,"texture":"#0","tintindex":0},"west":{"uv":[1.508,5.758,2.625,6.992],"rotation":0,"texture":"#0","tintindex":0},"up":{"uv":[7.492,6.125,6.258,5.008],"rotation":0,"texture":"#0","tintindex":0},"down":{"uv":[7.492,6.508,6.258,7.625],"rotation":0,"texture":"#0","tintindex":0}}},{"from":[6.6793547,6.6596327,1.3852139],"to":[9.320645,8.772665,3.4982471],"rotation":{"angle":0.0,"axis":"y","origin":[8.0,4.686363,17.341724]},"faces":{"east":{"uv":[5.508,6.758,5.992,7.242],"rotation":0,"texture":"#0","tintindex":0},"south":{"uv":[4.008,12.758,4.625,13.242],"rotation":0,"texture":"#0","tintindex":0},"north":{"uv":[8.508,12.508,9.125,12.992],"rotation":0,"texture":"#0","tintindex":0},"west":{"uv":[4.758,8.258,5.242,8.742],"rotation":0,"texture":"#0","tintindex":0},"up":{"uv":[13.375,4.492,12.758,4.008],"rotation":0,"texture":"#0","tintindex":0},"down":{"uv":[13.375,4.758,12.758,5.242],"rotation":0,"texture":"#0","tintindex":0}}},{"from":[6.692561,16.167934,9.396055],"to":[9.307439,18.280968,11.5090885],"rotation":{"angle":-45.0,"axis":"x","origin":[8.0,4.686363,17.341724]},"faces":{"east":{"uv":[11.008,4.258,11.492,4.742],"rotation":0,"texture":"#0","tintindex":0},"south":{"uv":[12.758,7.758,13.375,8.242],"rotation":0,"texture":"#0","tintindex":0},"north":{"uv":[12.758,7.008,13.375,7.492],"rotation":0,"texture":"#0","tintindex":0},"west":{"uv":[5.008,13.258,5.492,13.742],"rotation":0,"texture":"#0","tintindex":0},"up":{"uv":[13.375,8.992,12.758,8.508],"rotation":0,"texture":"#0","tintindex":0},"down":{"uv":[13.375,9.258,12.758,9.742],"rotation":0,"texture":"#0","tintindex":0}}},{"from":[9.54226,9.662302,6.139538],"to":[11.6552925,11.775334,6.667796],"rotation":{"angle":45.0,"axis":"z","origin":[8.0,4.686363,17.341724]},"faces":{"east":{"uv":[3.258,4.008,3.375,4.492],"rotation":0,"texture":"#0","tintindex":0},"south":{"uv":[0.758,13.508,1.242,13.992],"rotation":0,"texture":"#0","tintindex":0},"north":{"uv":[0.008,13.508,0.492,13.992],"rotation":0,"texture":"#0","tintindex":0},"west":{"uv":[2.508,7.258,2.625,7.742],"rotation":0,"texture":"#0","tintindex":0},"up":{"uv":[14.742,2.625,14.258,2.508],"rotation":0,"texture":"#0","tintindex":0},"down":{"uv":[14.742,3.008,14.258,3.125],"rotation":0,"texture":"#0","tintindex":0}}},{"from":[6.7057676,5.603116,1.3852139],"to":[6.7057676,6.6596327,3.4982471],"rotation":{"angle":0.0,"axis":"y","origin":[8.0,4.686363,17.341724]},"faces":{"east":{"uv":[0.492,14.258,0.008,14.492],"rotation":0,"texture":"#0","tintindex":0},"south":{"uv":[6.758,10.758,6.742,10.992],"rotation":0,"texture":"#0","tintindex":0},"north":{"uv":[10.008,5.008,9.992,5.242],"rotation":0,"texture":"#0","tintindex":0},"west":{"uv":[0.008,14.258,0.492,14.492],"rotation":0,"texture":"#0","tintindex":0},"up":{"uv":[5.508,15.242,5.492,14.758],"rotation":0,"texture":"#0","tintindex":0},"down":{"uv":[5.758,14.758,5.742,15.242],"rotation":0,"texture":"#0","tintindex":0}}},{"from":[6.9434834,5.603116,1.4116268],"to":[9.056517,6.6596327,1.4116268],"rotation":{"angle":0.0,"axis":"y","origin":[8.0,4.686363,17.341724]},"faces":{"east":{"uv":[4.758,13.508,4.742,13.742],"rotation":0,"texture":"#0","tintindex":0},"south":{"uv":[1.242,14.258,0.758,14.492],"rotation":0,"texture":"#0","tintindex":0},"north":{"uv":[0.758,14.258,1.242,14.492],"rotation":0,"texture":"#0","tintindex":0},"west":{"uv":[11.008,13.508,10.992,13.742],"rotation":0,"texture":"#0","tintindex":0},"up":{"uv":[5.992,5.008,5.508,4.992],"rotation":0,"texture":"#0","tintindex":0},"down":{"uv":[5.242,9.008,4.758,8.992],"rotation":0,"texture":"#0","tintindex":0}}},{"from":[9.294232,5.603116,1.3852139],"to":[9.294232,6.6596327,3.4982471],"rotation":{"angle":0.0,"axis":"y","origin":[8.0,4.686363,17.341724]},"faces":{"east":{"uv":[0.492,14.258,0.008,14.492],"rotation":0,"texture":"#0","tintindex":0},"south":{"uv":[6.758,10.758,6.742,10.992],"rotation":0,"texture":"#0","tintindex":0},"north":{"uv":[10.008,5.008,9.992,5.242],"rotation":0,"texture":"#0","tintindex":0},"west":{"uv":[0.008,14.258,0.492,14.492],"rotation":0,"texture":"#0","tintindex":0},"up":{"uv":[5.508,15.242,5.492,14.758],"rotation":0,"texture":"#0","tintindex":0},"down":{"uv":[5.758,14.758,5.742,15.242],"rotation":0,"texture":"#0","tintindex":0}}},{"from":[4.344707,9.662302,6.139538],"to":[6.45774,11.775334,6.667796],"rotation":{"angle":-45.0,"axis":"z","origin":[8.0,4.686363,17.341724]},"faces":{"east":{"uv":[2.625,7.258,2.508,7.742],"rotation":0,"texture":"#0","tintindex":0},"south":{"uv":[1.242,13.508,0.758,13.992],"rotation":0,"texture":"#0","tintindex":0},"north":{"uv":[0.492,13.508,0.008,13.992],"rotation":0,"texture":"#0","tintindex":0},"west":{"uv":[3.375,4.008,3.258,4.492],"rotation":0,"texture":"#0","tintindex":0},"up":{"uv":[14.258,2.625,14.742,2.508],"rotation":0,"texture":"#0","tintindex":0},"down":{"uv":[14.258,3.008,14.742,3.125],"rotation":0,"texture":"#0","tintindex":0}}},{"from":[2.808052,4.798151,2.8175983],"to":[9.14715,10.080733,2.8175983],"rotation":{"angle":-22.5,"axis":"y","origin":[8.0,4.686363,17.341724]},"faces":{"east":{"uv":[1.742,1.758,0.008,3.242],"rotation":0,"texture":"#0","tintindex":0},"south":{"uv":[5.758,14.625,7.242,15.875],"rotation":0,"texture":"#0","tintindex":0},"north":{"uv":[7.242,14.625,5.758,15.875],"rotation":0,"texture":"#0","tintindex":0},"west":{"uv":[1.742,0.008,0.008,1.492],"rotation":0,"texture":"#0","tintindex":0},"up":{"uv":[2.008,1.742,3.492,0.008],"rotation":0,"texture":"#0","tintindex":0},"down":{"uv":[2.008,2.008,3.492,3.742],"rotation":0,"texture":"#0","tintindex":0}}},{"from":[6.85285,4.798151,2.8175983],"to":[13.191948,10.080733,2.8175983],"rotation":{"angle":22.5,"axis":"y","origin":[8.0,4.686363,17.341724]},"faces":{"east":{"uv":[0.008,0.008,1.742,1.492],"rotation":0,"texture":"#0","tintindex":0},"south":{"uv":[7.242,14.625,5.758,15.875],"rotation":0,"texture":"#0","tintindex":0},"north":{"uv":[5.758,14.625,7.242,15.875],"rotation":0,"texture":"#0","tintindex":0},"west":{"uv":[0.008,1.758,1.742,3.242],"rotation":0,"texture":"#0","tintindex":0},"up":{"uv":[3.492,1.742,2.008,0.008],"rotation":0,"texture":"#0","tintindex":0},"down":{"uv":[3.492,2.008,2.008,3.742],"rotation":0,"texture":"#0","tintindex":0}}}],"display":{"head":{"translation":[0.0,-6.4,0.0],"scale":[4.0,4.0,4.0]}}}