{"textures":{"0":"modelengine:entity/jaguar"},"elements":[{"from":[6.6793547,7.050783,5.8944063],"to":[9.320645,8.1073,8.007439],"rotation":{"angle":0.0,"axis":"y","origin":[8.0,8.991173,21.850918]},"faces":{"east":{"uv":[7.008,4.508,7.492,4.742],"rotation":0,"texture":"#0","tintindex":0},"south":{"uv":[14.008,13.508,14.625,13.742],"rotation":0,"texture":"#0","tintindex":0},"north":{"uv":[12.258,2.008,12.875,2.242],"rotation":0,"texture":"#0","tintindex":0},"west":{"uv":[5.508,7.508,5.992,7.742],"rotation":0,"texture":"#0","tintindex":0},"up":{"uv":[13.375,5.992,12.758,5.508],"rotation":0,"texture":"#0","tintindex":0},"down":{"uv":[13.375,6.258,12.758,6.742],"rotation":0,"texture":"#0","tintindex":0}}},{"from":[6.73218,8.1073,5.8944063],"to":[6.73218,9.1638155,8.007439],"rotation":{"angle":0.0,"axis":"y","origin":[8.0,8.991173,21.850918]},"faces":{"east":{"uv":[14.742,0.508,14.258,0.742],"rotation":0,"texture":"#0","tintindex":0},"south":{"uv":[12.508,13.258,12.492,13.492],"rotation":0,"texture":"#0","tintindex":0},"north":{"uv":[11.508,12.758,11.492,12.992],"rotation":0,"texture":"#0","tintindex":0},"west":{"uv":[14.258,0.508,14.742,0.742],"rotation":0,"texture":"#0","tintindex":0},"up":{"uv":[14.758,6.242,14.742,5.758],"rotation":0,"texture":"#0","tintindex":0},"down":{"uv":[6.008,14.758,5.992,15.242],"rotation":0,"texture":"#0","tintindex":0}}},{"from":[6.9434834,8.1073,5.9472322],"to":[9.056517,9.1638155,5.9472322],"rotation":{"angle":0.0,"axis":"y","origin":[8.0,8.991173,21.850918]},"faces":{"east":{"uv":[11.258,13.508,11.242,13.742],"rotation":0,"texture":"#0","tintindex":0},"south":{"uv":[14.742,1.508,14.258,1.742],"rotation":0,"texture":"#0","tintindex":0},"north":{"uv":[14.258,1.508,14.742,1.742],"rotation":0,"texture":"#0","tintindex":0},"west":{"uv":[6.508,14.758,6.492,14.992],"rotation":0,"texture":"#0","tintindex":0},"up":{"uv":[9.742,3.758,9.258,3.742],"rotation":0,"texture":"#0","tintindex":0},"down":{"uv":[6.492,9.258,6.008,9.242],"rotation":0,"texture":"#0","tintindex":0}}},{"from":[9.267819,8.1073,5.8944063],"to":[9.267819,9.1638155,8.007439],"rotation":{"angle":0.0,"axis":"y","origin":[8.0,8.991173,21.850918]},"faces":{"east":{"uv":[14.742,0.508,14.258,0.742],"rotation":0,"texture":"#0","tintindex":0},"south":{"uv":[12.508,13.258,12.492,13.492],"rotation":0,"texture":"#0","tintindex":0},"north":{"uv":[11.508,12.758,11.492,12.992],"rotation":0,"texture":"#0","tintindex":0},"west":{"uv":[14.258,0.508,14.742,0.742],"rotation":0,"texture":"#0","tintindex":0},"up":{"uv":[14.758,6.242,14.742,5.758],"rotation":0,"texture":"#0","tintindex":0},"down":{"uv":[6.008,14.758,5.992,15.242],"rotation":0,"texture":"#0","tintindex":0}}}],"display":{"head":{"translation":[0.0,-6.4,0.0],"scale":[4.0,4.0,4.0]}}}