{"textures":{"0":"modelengine:entity/jaguar"},"elements":[{"from":[6.3781295,3.7533264,6.641999],"to":[9.547678,9.035909,9.811548],"rotation":{"angle":0.0,"axis":"y","origin":[10.604195,5.736122,12.994344]},"faces":{"east":{"uv":[8.258,2.508,8.992,3.742],"rotation":0,"texture":"#0","tintindex":0},"south":{"uv":[3.758,8.258,4.492,9.492],"rotation":0,"texture":"#0","tintindex":0},"north":{"uv":[6.758,8.008,7.492,9.242],"rotation":0,"texture":"#0","tintindex":0},"west":{"uv":[0.008,8.508,0.742,9.742],"rotation":0,"texture":"#0","tintindex":0},"up":{"uv":[7.492,11.992,6.758,11.258],"rotation":0,"texture":"#0","tintindex":0},"down":{"uv":[8.492,11.258,7.758,11.992],"rotation":0,"texture":"#0","tintindex":0}}}],"display":{"head":{"translation":[0.0,-6.4,0.0],"scale":[4.0,4.0,4.0]}}}