{"textures":{"0":"modelengine:entity/jaguar"},"elements":[{"from":[6.634839,3.9846067,6.732253],"to":[9.276131,8.210672,9.373544],"rotation":{"angle":0.0,"axis":"y","origin":[10.596776,9.929332,12.839699]},"faces":{"east":{"uv":[9.758,10.508,10.375,11.492],"rotation":0,"texture":"#0","tintindex":0},"south":{"uv":[2.008,10.758,2.625,11.742],"rotation":0,"texture":"#0","tintindex":0},"north":{"uv":[4.758,10.508,5.375,11.492],"rotation":0,"texture":"#0","tintindex":0},"west":{"uv":[5.758,10.758,6.375,11.742],"rotation":0,"texture":"#0","tintindex":0},"up":{"uv":[3.625,12.875,3.008,12.258],"rotation":0,"texture":"#0","tintindex":0},"down":{"uv":[7.125,12.258,6.508,12.875],"rotation":0,"texture":"#0","tintindex":0}}}],"display":{"head":{"translation":[0.0,-6.4,0.0],"scale":[4.0,4.0,4.0]}}}