{"textures":{"0":"modelengine:entity/jaguar"},"elements":[{"from":[6.536607,2.4917903,5.0875807],"to":[9.442027,6.717856,7.993001],"rotation":{"angle":-45.0,"axis":"x","origin":[10.10235,9.124798,5.1395407]},"faces":{"east":{"uv":[9.508,1.258,10.242,2.242],"rotation":0,"texture":"#0","tintindex":0},"south":{"uv":[2.008,9.508,2.742,10.492],"rotation":0,"texture":"#0","tintindex":0},"north":{"uv":[9.508,0.008,10.242,0.992],"rotation":0,"texture":"#0","tintindex":0},"west":{"uv":[6.008,9.508,6.742,10.492],"rotation":0,"texture":"#0","tintindex":0},"up":{"uv":[12.492,5.992,11.758,5.258],"rotation":0,"texture":"#0","tintindex":0},"down":{"uv":[12.492,6.258,11.758,6.992],"rotation":0,"texture":"#0","tintindex":0}}}],"display":{"head":{"translation":[0.0,-6.4,0.0],"scale":[4.0,4.0,4.0]}}}