{"textures":{"0":"modelengine:entity/jaguar"},"elements":[{"from":[6.3992004,6.9111056,5.981632],"to":[9.568749,8.231751,9.151182],"rotation":{"angle":0.0,"axis":"y","origin":[10.097008,13.648218,3.8746634]},"faces":{"east":{"uv":[12.758,12.258,13.492,12.625],"rotation":0,"texture":"#0","tintindex":0},"south":{"uv":[2.008,13.008,2.742,13.375],"rotation":0,"texture":"#0","tintindex":0},"north":{"uv":[12.758,11.508,13.492,11.875],"rotation":0,"texture":"#0","tintindex":0},"west":{"uv":[12.758,13.008,13.492,13.375],"rotation":0,"texture":"#0","tintindex":0},"up":{"uv":[4.742,12.492,4.008,11.758],"rotation":0,"texture":"#0","tintindex":0},"down":{"uv":[12.492,4.258,11.758,4.992],"rotation":0,"texture":"#0","tintindex":0}}},{"from":[9.061858,6.9111056,4.1724596],"to":[9.061858,8.231751,6.0213637],"rotation":{"angle":0.0,"axis":"y","origin":[10.097008,13.648218,3.8746634]},"faces":{"east":{"uv":[2.742,13.758,2.258,14.125],"rotation":0,"texture":"#0","tintindex":0},"south":{"uv":[4.508,14.258,4.492,14.625],"rotation":0,"texture":"#0","tintindex":0},"north":{"uv":[3.008,5.758,2.992,6.125],"rotation":0,"texture":"#0","tintindex":0},"west":{"uv":[2.258,13.758,2.742,14.125],"rotation":0,"texture":"#0","tintindex":0},"up":{"uv":[6.258,14.742,6.242,14.258],"rotation":0,"texture":"#0","tintindex":0},"down":{"uv":[9.508,14.258,9.492,14.742],"rotation":0,"texture":"#0","tintindex":0}}},{"from":[8.005342,6.9111056,4.1724596],"to":[8.005342,8.231751,6.0213637],"rotation":{"angle":0.0,"axis":"y","origin":[10.097008,13.648218,3.8746634]},"faces":{"east":{"uv":[2.742,13.758,2.258,14.125],"rotation":0,"texture":"#0","tintindex":0},"south":{"uv":[4.508,14.258,4.492,14.625],"rotation":0,"texture":"#0","tintindex":0},"north":{"uv":[3.008,5.758,2.992,6.125],"rotation":0,"texture":"#0","tintindex":0},"west":{"uv":[2.258,13.758,2.742,14.125],"rotation":0,"texture":"#0","tintindex":0},"up":{"uv":[6.258,14.742,6.242,14.258],"rotation":0,"texture":"#0","tintindex":0},"down":{"uv":[9.508,14.258,9.492,14.742],"rotation":0,"texture":"#0","tintindex":0}}},{"from":[6.948825,6.9111056,4.1724596],"to":[6.948825,8.231751,6.0213637],"rotation":{"angle":0.0,"axis":"y","origin":[10.097008,13.648218,3.8746634]},"faces":{"east":{"uv":[2.742,13.758,2.258,14.125],"rotation":0,"texture":"#0","tintindex":0},"south":{"uv":[4.508,14.258,4.492,14.625],"rotation":0,"texture":"#0","tintindex":0},"north":{"uv":[3.008,5.758,2.992,6.125],"rotation":0,"texture":"#0","tintindex":0},"west":{"uv":[2.258,13.758,2.742,14.125],"rotation":0,"texture":"#0","tintindex":0},"up":{"uv":[6.258,14.742,6.242,14.258],"rotation":0,"texture":"#0","tintindex":0},"down":{"uv":[9.508,14.258,9.492,14.742],"rotation":0,"texture":"#0","tintindex":0}}}],"display":{"head":{"translation":[0.0,-6.4,0.0],"scale":[4.0,4.0,4.0]}}}