{"textures":{"0":"modelengine:entity/jaguar"},"elements":[{"from":[6.141939,4.403351,4.7124867],"to":[9.839746,9.685933,8.410294],"rotation":{"angle":22.5,"axis":"x","origin":[10.103876,5.453432,4.2217884]},"faces":{"east":{"uv":[4.258,6.758,5.125,7.992],"rotation":0,"texture":"#0","tintindex":0},"south":{"uv":[0.008,7.008,0.875,8.242],"rotation":0,"texture":"#0","tintindex":0},"north":{"uv":[3.008,6.758,3.875,7.992],"rotation":0,"texture":"#0","tintindex":0},"west":{"uv":[7.008,0.008,7.875,1.242],"rotation":0,"texture":"#0","tintindex":0},"up":{"uv":[9.875,6.375,9.008,5.508],"rotation":0,"texture":"#0","tintindex":0},"down":{"uv":[9.875,6.758,9.008,7.625],"rotation":0,"texture":"#0","tintindex":0}}}],"display":{"head":{"translation":[0.0,-6.4,0.0],"scale":[4.0,4.0,4.0]}}}