{"textures":{"0":"modelengine:entity/jaguar"},"elements":[{"from":[6.666535,6.7122817,7.384569],"to":[9.307826,10.938347,10.02586],"rotation":{"angle":22.5,"axis":"x","origin":[10.100213,10.851489,2.5276232]},"faces":{"east":{"uv":[10.758,9.258,11.375,10.242],"rotation":0,"texture":"#0","tintindex":0},"south":{"uv":[10.758,10.508,11.375,11.492],"rotation":0,"texture":"#0","tintindex":0},"north":{"uv":[10.758,8.008,11.375,8.992],"rotation":0,"texture":"#0","tintindex":0},"west":{"uv":[3.008,11.008,3.625,11.992],"rotation":0,"texture":"#0","tintindex":0},"up":{"uv":[8.125,12.875,7.508,12.258],"rotation":0,"texture":"#0","tintindex":0},"down":{"uv":[12.375,12.258,11.758,12.875],"rotation":0,"texture":"#0","tintindex":0}}}],"display":{"head":{"translation":[0.0,-6.4,0.0],"scale":[4.0,4.0,4.0]}}}