{"textures":{"0":"modelengine:entity/jaguar"},"elements":[{"from":[5.622838,5.0945797,7.973308],"to":[10.377162,10.90542,14.312407],"rotation":{"angle":0.0,"axis":"y","origin":[8.0,5.51105,8.350655]},"faces":{"east":{"uv":[3.758,1.758,5.242,3.125],"rotation":0,"texture":"#0","tintindex":0},"south":{"uv":[5.508,1.758,6.625,3.125],"rotation":0,"texture":"#0","tintindex":0},"north":{"uv":[5.508,0.008,6.625,1.375],"rotation":0,"texture":"#0","tintindex":0},"west":{"uv":[3.758,3.508,5.242,4.875],"rotation":0,"texture":"#0","tintindex":0},"up":{"uv":[2.875,5.492,1.758,4.008],"rotation":0,"texture":"#0","tintindex":0},"down":{"uv":[1.125,5.258,0.008,6.742],"rotation":0,"texture":"#0","tintindex":0}}}],"display":{"head":{"translation":[0.0,-6.4,0.0],"scale":[4.0,4.0,4.0]}}}