{"textures":{"0":"modelengine:entity/jaguar"},"elements":[{"from":[5.886967,2.779028,4.6589675],"to":[10.113033,7.0050936,8.885033],"rotation":{"angle":22.5,"axis":"x","origin":[8.0,5.096999,15.555675]},"faces":{"east":{"uv":[7.758,7.258,8.742,8.242],"rotation":0,"texture":"#0","tintindex":0},"south":{"uv":[5.508,8.008,6.492,8.992],"rotation":0,"texture":"#0","tintindex":0},"north":{"uv":[7.758,6.008,8.742,6.992],"rotation":0,"texture":"#0","tintindex":0},"west":{"uv":[8.258,0.008,9.242,0.992],"rotation":0,"texture":"#0","tintindex":0},"up":{"uv":[9.242,2.242,8.258,1.258],"rotation":0,"texture":"#0","tintindex":0},"down":{"uv":[3.492,8.258,2.508,9.242],"rotation":0,"texture":"#0","tintindex":0}}}],"display":{"head":{"translation":[0.0,-6.4,0.0],"scale":[4.0,4.0,4.0]}}}