{"textures":{"0":"modelengine:entity/jaguar"},"elements":[{"from":[6.1602535,4.403351,4.7124867],"to":[9.858061,9.685933,8.410294],"rotation":{"angle":22.5,"axis":"x","origin":[5.896124,5.453432,4.2217884]},"faces":{"east":{"uv":[7.875,0.008,7.008,1.242],"rotation":0,"texture":"#0","tintindex":0},"south":{"uv":[0.875,7.008,0.008,8.242],"rotation":0,"texture":"#0","tintindex":0},"north":{"uv":[3.875,6.758,3.008,7.992],"rotation":0,"texture":"#0","tintindex":0},"west":{"uv":[5.125,6.758,4.258,7.992],"rotation":0,"texture":"#0","tintindex":0},"up":{"uv":[9.008,6.375,9.875,5.508],"rotation":0,"texture":"#0","tintindex":0},"down":{"uv":[9.008,6.758,9.875,7.625],"rotation":0,"texture":"#0","tintindex":0}}}],"display":{"head":{"translation":[0.0,-6.4,0.0],"scale":[4.0,4.0,4.0]}}}