{"textures":{"0":"modelengine:entity/jaguar"},"elements":[{"from":[6.4523215,3.7533264,6.641999],"to":[9.621871,9.035909,9.811548],"rotation":{"angle":0.0,"axis":"y","origin":[5.3958054,5.736122,12.994344]},"faces":{"east":{"uv":[0.742,8.508,0.008,9.742],"rotation":0,"texture":"#0","tintindex":0},"south":{"uv":[4.492,8.258,3.758,9.492],"rotation":0,"texture":"#0","tintindex":0},"north":{"uv":[7.492,8.008,6.758,9.242],"rotation":0,"texture":"#0","tintindex":0},"west":{"uv":[8.992,2.508,8.258,3.742],"rotation":0,"texture":"#0","tintindex":0},"up":{"uv":[6.758,11.992,7.492,11.258],"rotation":0,"texture":"#0","tintindex":0},"down":{"uv":[7.758,11.258,8.492,11.992],"rotation":0,"texture":"#0","tintindex":0}}}],"display":{"head":{"translation":[0.0,-6.4,0.0],"scale":[4.0,4.0,4.0]}}}