{"textures":{"0":"modelengine:entity/jaguar"},"elements":[{"from":[6.72387,3.9846067,6.732253],"to":[9.365161,8.210672,9.373544],"rotation":{"angle":0.0,"axis":"y","origin":[5.403224,9.929332,12.839699]},"faces":{"east":{"uv":[6.375,10.758,5.758,11.742],"rotation":0,"texture":"#0","tintindex":0},"south":{"uv":[2.625,10.758,2.008,11.742],"rotation":0,"texture":"#0","tintindex":0},"north":{"uv":[5.375,10.508,4.758,11.492],"rotation":0,"texture":"#0","tintindex":0},"west":{"uv":[10.375,10.508,9.758,11.492],"rotation":0,"texture":"#0","tintindex":0},"up":{"uv":[3.008,12.875,3.625,12.258],"rotation":0,"texture":"#0","tintindex":0},"down":{"uv":[6.508,12.258,7.125,12.875],"rotation":0,"texture":"#0","tintindex":0}}}],"display":{"head":{"translation":[0.0,-6.4,0.0],"scale":[4.0,4.0,4.0]}}}