{"textures":{"0":"modelengine:entity/jaguar"},"elements":[{"from":[6.557973,2.4917903,5.0875807],"to":[9.463393,6.717856,7.993001],"rotation":{"angle":-45.0,"axis":"x","origin":[5.8976502,9.124798,5.1395407]},"faces":{"east":{"uv":[6.742,9.508,6.008,10.492],"rotation":0,"texture":"#0","tintindex":0},"south":{"uv":[2.742,9.508,2.008,10.492],"rotation":0,"texture":"#0","tintindex":0},"north":{"uv":[10.242,0.008,9.508,0.992],"rotation":0,"texture":"#0","tintindex":0},"west":{"uv":[10.242,1.258,9.508,2.242],"rotation":0,"texture":"#0","tintindex":0},"up":{"uv":[11.758,5.992,12.492,5.258],"rotation":0,"texture":"#0","tintindex":0},"down":{"uv":[11.758,6.258,12.492,6.992],"rotation":0,"texture":"#0","tintindex":0}}}],"display":{"head":{"translation":[0.0,-6.4,0.0],"scale":[4.0,4.0,4.0]}}}