{"textures":{"0":"modelengine:entity/jaguar"},"elements":[{"from":[6.4708695,6.659487,6.450775],"to":[9.640419,7.9801326,9.620324],"rotation":{"angle":0.0,"axis":"y","origin":[5.4143534,13.396599,13.060066]},"faces":{"east":{"uv":[13.492,10.758,12.758,11.125],"rotation":0,"texture":"#0","tintindex":0},"south":{"uv":[11.242,12.758,10.508,13.125],"rotation":0,"texture":"#0","tintindex":0},"north":{"uv":[10.242,12.758,9.508,13.125],"rotation":0,"texture":"#0","tintindex":0},"west":{"uv":[13.492,10.008,12.758,10.375],"rotation":0,"texture":"#0","tintindex":0},"up":{"uv":[1.008,12.242,1.742,11.508],"rotation":0,"texture":"#0","tintindex":0},"down":{"uv":[8.758,11.508,9.492,12.242],"rotation":0,"texture":"#0","tintindex":0}}},{"from":[9.037969,6.633074,4.7208414],"to":[9.037969,7.9537196,6.5697446],"rotation":{"angle":0.0,"axis":"y","origin":[5.4143534,13.396599,13.060066]},"faces":{"east":{"uv":[2.742,13.758,2.258,14.125],"rotation":0,"texture":"#0","tintindex":0},"south":{"uv":[4.508,14.258,4.492,14.625],"rotation":0,"texture":"#0","tintindex":0},"north":{"uv":[3.008,5.758,2.992,6.125],"rotation":0,"texture":"#0","tintindex":0},"west":{"uv":[2.258,13.758,2.742,14.125],"rotation":0,"texture":"#0","tintindex":0},"up":{"uv":[6.258,14.742,6.242,14.258],"rotation":0,"texture":"#0","tintindex":0},"down":{"uv":[9.508,14.258,9.492,14.742],"rotation":0,"texture":"#0","tintindex":0}}},{"from":[7.981452,6.633074,4.7208414],"to":[7.981452,7.9537196,6.5697446],"rotation":{"angle":0.0,"axis":"y","origin":[5.4143534,13.396599,13.060066]},"faces":{"east":{"uv":[2.742,13.758,2.258,14.125],"rotation":0,"texture":"#0","tintindex":0},"south":{"uv":[4.508,14.258,4.492,14.625],"rotation":0,"texture":"#0","tintindex":0},"north":{"uv":[3.008,5.758,2.992,6.125],"rotation":0,"texture":"#0","tintindex":0},"west":{"uv":[2.258,13.758,2.742,14.125],"rotation":0,"texture":"#0","tintindex":0},"up":{"uv":[6.258,14.742,6.242,14.258],"rotation":0,"texture":"#0","tintindex":0},"down":{"uv":[9.508,14.258,9.492,14.742],"rotation":0,"texture":"#0","tintindex":0}}},{"from":[6.9249353,6.633074,4.7208414],"to":[6.9249353,7.9537196,6.5697446],"rotation":{"angle":0.0,"axis":"y","origin":[5.4143534,13.396599,13.060066]},"faces":{"east":{"uv":[2.742,13.758,2.258,14.125],"rotation":0,"texture":"#0","tintindex":0},"south":{"uv":[4.508,14.258,4.492,14.625],"rotation":0,"texture":"#0","tintindex":0},"north":{"uv":[3.008,5.758,2.992,6.125],"rotation":0,"texture":"#0","tintindex":0},"west":{"uv":[2.258,13.758,2.742,14.125],"rotation":0,"texture":"#0","tintindex":0},"up":{"uv":[6.258,14.742,6.242,14.258],"rotation":0,"texture":"#0","tintindex":0},"down":{"uv":[9.508,14.258,9.492,14.742],"rotation":0,"texture":"#0","tintindex":0}}}],"display":{"head":{"translation":[0.0,-6.4,0.0],"scale":[4.0,4.0,4.0]}}}