{"textures":{"0":"modelengine:entity/jaguar"},"elements":[{"from":[6.6921744,6.7122817,7.384569],"to":[9.333466,10.938347,10.02586],"rotation":{"angle":22.5,"axis":"x","origin":[5.899787,10.851489,2.5276232]},"faces":{"east":{"uv":[3.625,11.008,3.008,11.992],"rotation":0,"texture":"#0","tintindex":0},"south":{"uv":[11.375,10.508,10.758,11.492],"rotation":0,"texture":"#0","tintindex":0},"north":{"uv":[11.375,8.008,10.758,8.992],"rotation":0,"texture":"#0","tintindex":0},"west":{"uv":[11.375,9.258,10.758,10.242],"rotation":0,"texture":"#0","tintindex":0},"up":{"uv":[7.508,12.875,8.125,12.258],"rotation":0,"texture":"#0","tintindex":0},"down":{"uv":[11.758,12.258,12.375,12.875],"rotation":0,"texture":"#0","tintindex":0}}}],"display":{"head":{"translation":[0.0,-6.4,0.0],"scale":[4.0,4.0,4.0]}}}