{"textures":{"0":"modelengine:entity/jaguar"},"elements":[{"from":[7.2076125,12.4813595,7.180842],"to":[8.792387,14.0661335,12.463424],"rotation":{"angle":22.5,"axis":"x","origin":[8.0,8.9858675,-5.6443844]},"faces":{"east":{"uv":[12.008,2.508,13.242,2.875],"rotation":0,"texture":"#0","tintindex":0},"south":{"uv":[14.008,14.008,14.375,14.375],"rotation":0,"texture":"#0","tintindex":0},"north":{"uv":[11.758,14.008,12.125,14.375],"rotation":0,"texture":"#0","tintindex":0},"west":{"uv":[12.008,3.258,13.242,3.625],"rotation":0,"texture":"#0","tintindex":0},"up":{"uv":[5.375,12.992,5.008,11.758],"rotation":0,"texture":"#0","tintindex":0},"down":{"uv":[6.125,12.008,5.758,13.242],"rotation":0,"texture":"#0","tintindex":0}}}],"display":{"head":{"translation":[0.0,-6.4,0.0],"scale":[4.0,4.0,4.0]}}}