{"textures":{"0":"modelengine:entity/jaguar"},"elements":[{"from":[6.9434834,8.980736,5.4723697],"to":[9.056517,11.093768,10.7549515],"rotation":{"angle":22.5,"axis":"x","origin":[8.0,3.8419185,2.0756178]},"faces":{"east":{"uv":[10.258,5.008,11.492,5.492],"rotation":0,"texture":"#0","tintindex":0},"south":{"uv":[13.508,3.008,13.992,3.492],"rotation":0,"texture":"#0","tintindex":0},"north":{"uv":[13.508,2.258,13.992,2.742],"rotation":0,"texture":"#0","tintindex":0},"west":{"uv":[10.258,5.758,11.492,6.242],"rotation":0,"texture":"#0","tintindex":0},"up":{"uv":[4.492,10.992,4.008,9.758],"rotation":0,"texture":"#0","tintindex":0},"down":{"uv":[9.492,10.008,9.008,11.242],"rotation":0,"texture":"#0","tintindex":0}}}],"display":{"head":{"translation":[0.0,-6.4,0.0],"scale":[4.0,4.0,4.0]}}}