{"textures":{"0":"modelengine:entity/jaguar"},"elements":[{"from":[7.075548,13.758977,3.0530987],"to":[8.924452,15.607881,8.335681],"rotation":{"angle":45.0,"axis":"x","origin":[8.0,5.7551336,-2.19765]},"faces":{"east":{"uv":[10.258,6.508,11.492,6.992],"rotation":0,"texture":"#0","tintindex":0},"south":{"uv":[5.758,13.508,6.242,13.992],"rotation":0,"texture":"#0","tintindex":0},"north":{"uv":[4.008,13.508,4.492,13.992],"rotation":0,"texture":"#0","tintindex":0},"west":{"uv":[10.258,7.258,11.492,7.742],"rotation":0,"texture":"#0","tintindex":0},"up":{"uv":[10.992,1.242,10.508,0.008],"rotation":0,"texture":"#0","tintindex":0},"down":{"uv":[10.992,1.508,10.508,2.742],"rotation":0,"texture":"#0","tintindex":0}}}],"display":{"head":{"translation":[0.0,-6.4,0.0],"scale":[4.0,4.0,4.0]}}}