{"textures":{"0":"modelengine:entity/jaguar"},"elements":[{"from":[4.830451,4.830451,0.7307639],"to":[11.169549,11.169549,8.126379],"rotation":{"angle":0.0,"axis":"y","origin":[8.0,5.7751794,8.503725]},"faces":{"east":{"uv":[0.008,0.008,1.742,1.492],"rotation":0,"texture":"#0","tintindex":0},"south":{"uv":[3.758,0.008,5.242,1.492],"rotation":0,"texture":"#0","tintindex":0},"north":{"uv":[0.008,3.508,1.492,4.992],"rotation":0,"texture":"#0","tintindex":0},"west":{"uv":[0.008,1.758,1.742,3.242],"rotation":0,"texture":"#0","tintindex":0},"up":{"uv":[3.492,1.742,2.008,0.008],"rotation":0,"texture":"#0","tintindex":0},"down":{"uv":[3.492,2.008,2.008,3.742],"rotation":0,"texture":"#0","tintindex":0}}}],"display":{"head":{"translation":[0.0,-6.4,0.0],"scale":[4.0,4.0,4.0]}}}