{"textures":{"0":"modelengine:entity/nocsy_drakonin6"},"elements":[{"from":[5.714286,6.155852,5.3560076],"to":[10.285714,10.727281,12.213151],"rotation":{"angle":0.0,"axis":"y","origin":[8.0,8.0,8.666262]},"faces":{"east":{"uv":[6.125,0.0,6.875,0.5],"rotation":0,"texture":"#0","tintindex":0},"south":{"uv":[2.75,6.3125,3.25,6.8125],"rotation":0,"texture":"#0","tintindex":0},"north":{"uv":[6.125,1.9375,6.625,2.4375],"rotation":0,"texture":"#0","tintindex":0},"west":{"uv":[6.125,0.5625,6.875,1.0625],"rotation":0,"texture":"#0","tintindex":0},"up":{"uv":[6.625,1.875,6.125,1.125],"rotation":0,"texture":"#0","tintindex":0},"down":{"uv":[5.75,6.125,5.25,6.875],"rotation":0,"texture":"#0","tintindex":0}}},{"from":[5.72,5.035164,10.9051895],"to":[10.280001,9.595164,15.465189],"rotation":{"angle":22.5,"axis":"x","origin":[8.0,6.861932,14.387716]},"faces":{"east":{"uv":[3.875,6.3125,4.375,6.8125],"rotation":0,"texture":"#0","tintindex":0},"south":{"uv":[4.4375,6.3125,4.9375,6.8125],"rotation":0,"texture":"#0","tintindex":0},"north":{"uv":[3.3125,6.3125,3.8125,6.8125],"rotation":0,"texture":"#0","tintindex":0},"west":{"uv":[6.375,2.5,6.875,3.0],"rotation":0,"texture":"#0","tintindex":0},"up":{"uv":[6.875,3.5625,6.375,3.0625],"rotation":0,"texture":"#0","tintindex":0},"down":{"uv":[6.875,3.625,6.375,4.125],"rotation":0,"texture":"#0","tintindex":0}}},{"from":[5.7085714,5.873857,4.072829],"to":[10.291429,10.456715,8.084257],"rotation":{"angle":45.0,"axis":"x","origin":[8.0,9.308143,7.0499716]},"faces":{"east":{"uv":[2.75,6.875,3.1875,7.375],"rotation":0,"texture":"#0","tintindex":0},"south":{"uv":[5.8125,6.375,6.3125,6.875],"rotation":0,"texture":"#0","tintindex":0},"north":{"uv":[6.375,4.1875,6.875,4.6875],"rotation":0,"texture":"#0","tintindex":0},"west":{"uv":[3.25,6.875,3.6875,7.375],"rotation":0,"texture":"#0","tintindex":0},"up":{"uv":[4.25,7.3125,3.75,6.875],"rotation":0,"texture":"#0","tintindex":0},"down":{"uv":[4.8125,6.875,4.3125,7.3125],"rotation":0,"texture":"#0","tintindex":0}}}],"display":{"head":{"translation":[0.0,-6.4,0.0],"scale":[4.0,4.0,4.0]}}}