{"textures":{"0":"modelengine:entity/nocsy_drakonin6"},"elements":[{"from":[-1.716507,7.0885715,4.5414524],"to":[7.997779,8.802857,6.2557383],"rotation":{"angle":22.5,"axis":"y","origin":[7.140636,7.9457145,6.5414524]},"faces":{"east":{"uv":[10.0625,9.6875,10.25,9.875],"rotation":0,"texture":"#0","tintindex":0},"south":{"uv":[7.3125,2.0,8.375,2.1875],"rotation":0,"texture":"#0","tintindex":0},"north":{"uv":[6.9375,4.5,8.0,4.6875],"rotation":0,"texture":"#0","tintindex":0},"west":{"uv":[9.75,10.0625,9.9375,10.25],"rotation":0,"texture":"#0","tintindex":0},"up":{"uv":[5.9375,7.5,4.875,7.3125],"rotation":0,"texture":"#0","tintindex":0},"down":{"uv":[4.8125,7.375,3.75,7.5625],"rotation":0,"texture":"#0","tintindex":0}}},{"from":[-6.0589485,7.0942855,11.272357],"to":[0.21533728,8.797143,12.975214],"rotation":{"angle":45.0,"axis":"y","origin":[-4.636091,7.9457145,12.123786]},"faces":{"east":{"uv":[10.0625,9.9375,10.25,10.125],"rotation":0,"texture":"#0","tintindex":0},"south":{"uv":[4.6875,8.0625,5.375,8.25],"rotation":0,"texture":"#0","tintindex":0},"north":{"uv":[8.0625,4.4375,8.75,4.625],"rotation":0,"texture":"#0","tintindex":0},"west":{"uv":[10.125,0.0,10.3125,0.1875],"rotation":0,"texture":"#0","tintindex":0},"up":{"uv":[2.3125,8.3125,1.625,8.125],"rotation":0,"texture":"#0","tintindex":0},"down":{"uv":[8.8125,2.25,8.125,2.4375],"rotation":0,"texture":"#0","tintindex":0}}},{"from":[-6.4716063,7.0885715,11.91591],"to":[-4.7573204,8.802857,18.201626],"rotation":{"angle":-22.5,"axis":"y","origin":[-7.900178,7.9457145,12.773053]},"faces":{"east":{"uv":[8.125,2.5,8.8125,2.6875],"rotation":0,"texture":"#0","tintindex":0},"south":{"uv":[1.4375,10.125,1.625,10.3125],"rotation":0,"texture":"#0","tintindex":0},"north":{"uv":[10.125,0.5625,10.3125,0.75],"rotation":0,"texture":"#0","tintindex":0},"west":{"uv":[8.125,2.75,8.8125,2.9375],"rotation":0,"texture":"#0","tintindex":0},"up":{"uv":[6.4375,8.6875,6.25,8.0],"rotation":0,"texture":"#0","tintindex":0},"down":{"uv":[5.625,8.0625,5.4375,8.75],"rotation":0,"texture":"#0","tintindex":0}}},{"from":[-10.287937,8.002857,4.5414524],"to":[7.997779,8.117143,27.970026],"rotation":{"angle":0.0,"axis":"y","origin":[7.140636,7.9457145,6.5414524]},"faces":{"east":{"uv":[7.8125,1.4375,10.375,1.5],"rotation":0,"texture":"#0","tintindex":0},"south":{"uv":[8.1875,4.0,10.1875,4.0625],"rotation":0,"texture":"#0","tintindex":0},"north":{"uv":[7.9375,0.875,9.9375,0.9375],"rotation":0,"texture":"#0","tintindex":0},"west":{"uv":[7.875,5.75,10.4375,5.8125],"rotation":0,"texture":"#0","tintindex":0},"up":{"uv":[2.0,2.5625,0.0,0.0],"rotation":0,"texture":"#0","tintindex":0},"down":{"uv":[4.0625,0.0,2.0625,2.5625],"rotation":0,"texture":"#0","tintindex":0}}}],"display":{"head":{"translation":[0.0,-6.4,0.0],"scale":[4.0,4.0,4.0]}}}