{"textures":{"0":"modelengine:entity/nocsy_drakonin6"},"elements":[{"from":[6.285714,5.121703,5.893651],"to":[8.571428,9.693131,9.893651],"rotation":{"angle":-22.5,"axis":"x","origin":[10.0,7.978846,8.750794]},"faces":{"east":{"uv":[6.9375,0.0,7.375,0.5],"rotation":0,"texture":"#0","tintindex":0},"south":{"uv":[1.9375,8.375,2.1875,8.875],"rotation":0,"texture":"#0","tintindex":0},"north":{"uv":[1.625,8.375,1.875,8.875],"rotation":0,"texture":"#0","tintindex":0},"west":{"uv":[6.9375,0.5625,7.375,1.0625],"rotation":0,"texture":"#0","tintindex":0},"up":{"uv":[9.0,7.3125,8.75,6.875],"rotation":0,"texture":"#0","tintindex":0},"down":{"uv":[9.0,7.375,8.75,7.8125],"rotation":0,"texture":"#0","tintindex":0}}}],"display":{"head":{"translation":[0.0,-6.4,0.0],"scale":[4.0,4.0,4.0]}}}