{"textures":{"0":"modelengine:entity/nocsy_drakonin6"},"elements":[{"from":[7.428571,5.121703,5.893651],"to":[9.714286,9.693131,9.893651],"rotation":{"angle":-22.5,"axis":"x","origin":[6.0,7.978846,8.750794]},"faces":{"east":{"uv":[6.875,6.25,7.3125,6.75],"rotation":0,"texture":"#0","tintindex":0},"south":{"uv":[8.375,0.0,8.625,0.5],"rotation":0,"texture":"#0","tintindex":0},"north":{"uv":[0.0,8.3125,0.25,8.8125],"rotation":0,"texture":"#0","tintindex":0},"west":{"uv":[6.875,6.8125,7.3125,7.3125],"rotation":0,"texture":"#0","tintindex":0},"up":{"uv":[8.9375,0.4375,8.6875,0.0],"rotation":0,"texture":"#0","tintindex":0},"down":{"uv":[9.0,1.5625,8.75,2.0],"rotation":0,"texture":"#0","tintindex":0}}}],"display":{"head":{"translation":[0.0,-6.4,0.0],"scale":[4.0,4.0,4.0]}}}