{"textures":{"0":"modelengine:entity/nocsy_drakonin6"},"elements":[{"from":[6.0,4.4428897,5.63138],"to":[10.0,8.44289,9.63138],"rotation":{"angle":22.5,"axis":"x","origin":[7.142857,5.932515,12.033907]},"faces":{"east":{"uv":[3.25,7.4375,3.6875,7.875],"rotation":0,"texture":"#0","tintindex":0},"south":{"uv":[6.0,7.5,6.4375,7.9375],"rotation":0,"texture":"#0","tintindex":0},"north":{"uv":[2.75,7.4375,3.1875,7.875],"rotation":0,"texture":"#0","tintindex":0},"west":{"uv":[4.875,7.5625,5.3125,8.0],"rotation":0,"texture":"#0","tintindex":0},"up":{"uv":[5.8125,8.0,5.375,7.5625],"rotation":0,"texture":"#0","tintindex":0},"down":{"uv":[4.1875,7.625,3.75,8.0625],"rotation":0,"texture":"#0","tintindex":0}}}],"display":{"head":{"translation":[0.0,-6.4,0.0],"scale":[4.0,4.0,4.0]}}}