{"textures":{"0":"modelengine:entity/micro_ghast_texture"},"elements":[{"from":[7.714286,4.8571424,7.714286],"to":[8.285714,8.285714,8.285714],"rotation":{"angle":0.0,"axis":"y","origin":[8.0,8.0,8.0]},"faces":{"east":{"uv":[14.532,0.0,15.0,2.968],"rotation":0,"texture":"#0","tintindex":0},"south":{"uv":[12.016,0.016,12.484,2.984],"rotation":0,"texture":"#0","tintindex":0},"north":{"uv":[11.016,8.016,11.484,10.984],"rotation":0,"texture":"#0","tintindex":0},"west":{"uv":[15.516,0.0,15.984,2.968],"rotation":0,"texture":"#0","tintindex":0},"up":{"uv":[13.484,4.468,13.016,4.0],"rotation":0,"texture":"#0","tintindex":0},"down":{"uv":[13.484,5.0,13.016,5.468],"rotation":0,"texture":"#0","tintindex":0}}}],"display":{"head":{"translation":[0.0,-6.4,0.0],"scale":[4.0,4.0,4.0]}}}