{"textures":{"0":"modelengine:entity/micro_ghast_texture"},"elements":[{"from":[7.6285715,4.485714,7.6285715],"to":[8.3714285,8.657143,8.3714285],"rotation":{"angle":0.0,"axis":"y","origin":[8.0,8.0,8.0]},"faces":{"east":{"uv":[9.016,4.016,9.484,7.484],"rotation":0,"texture":"#0","tintindex":0},"south":{"uv":[4.516,9.016,4.984,12.484],"rotation":0,"texture":"#0","tintindex":0},"north":{"uv":[9.016,0.016,9.484,3.484],"rotation":0,"texture":"#0","tintindex":0},"west":{"uv":[5.516,9.016,5.984,12.484],"rotation":0,"texture":"#0","tintindex":0},"up":{"uv":[13.484,0.468,13.016,0.0],"rotation":0,"texture":"#0","tintindex":0},"down":{"uv":[13.984,1.0,13.516,1.468],"rotation":0,"texture":"#0","tintindex":0}}}],"display":{"head":{"translation":[0.0,-6.4,0.0],"scale":[4.0,4.0,4.0]}}}