{"textures":{"0":"modelengine:entity/micro_ghast_texture"},"elements":[{"from":[5.714286,5.714286,5.714286],"to":[10.285714,10.285714,10.285714],"rotation":{"angle":0.0,"axis":"y","origin":[8.0,8.0,8.0]},"faces":{"east":{"uv":[8.484,0.016,4.516,3.984],"rotation":0,"texture":"#0","tintindex":0},"south":{"uv":[0.016,4.516,3.984,8.484],"rotation":0,"texture":"#0","tintindex":0},"north":{"uv":[0.016,0.016,3.984,3.984],"rotation":0,"texture":"#0","tintindex":0},"west":{"uv":[4.516,0.016,8.484,3.984],"rotation":0,"texture":"#0","tintindex":0},"up":{"uv":[8.484,8.468,4.516,4.5],"rotation":0,"texture":"#0","tintindex":0},"down":{"uv":[3.984,9.0,0.016,12.968],"rotation":0,"texture":"#0","tintindex":0}}},{"from":[5.5142856,5.5142856,5.5142856],"to":[10.485714,10.485714,10.485714],"rotation":{"angle":0.0,"axis":"y","origin":[8.0,8.0,8.0]},"faces":{"east":{"uv":[16.0,6.016,12.032,9.984],"rotation":0,"texture":"#0","tintindex":0},"west":{"uv":[12.032,6.016,16.0,9.984],"rotation":0,"texture":"#0","tintindex":0},"up":{"uv":[16.0,14.468,12.032,10.5],"rotation":0,"texture":"#0","tintindex":0}}}],"display":{"head":{"translation":[0.0,-6.4,0.0],"scale":[4.0,4.0,4.0]}}}