{"textures":{"0":"modelengine:entity/micro_ghast_texture"},"elements":[{"from":[7.5714283,4.142857,7.5714283],"to":[8.428572,8.428572,8.428572],"rotation":{"angle":0.0,"axis":"y","origin":[8.0,7.714286,8.0]},"faces":{"east":{"uv":[10.016,8.016,10.484,11.484],"rotation":0,"texture":"#0","tintindex":0},"south":{"uv":[11.016,0.016,11.484,3.484],"rotation":0,"texture":"#0","tintindex":0},"north":{"uv":[10.016,4.016,10.484,7.484],"rotation":0,"texture":"#0","tintindex":0},"west":{"uv":[11.016,4.016,11.484,7.484],"rotation":0,"texture":"#0","tintindex":0},"up":{"uv":[9.984,12.468,9.516,12.0],"rotation":0,"texture":"#0","tintindex":0},"down":{"uv":[13.484,3.0,13.016,3.468],"rotation":0,"texture":"#0","tintindex":0}}}],"display":{"head":{"translation":[0.0,-6.4,0.0],"scale":[4.0,4.0,4.0]}}}