{"textures":{"0":"modelengine:entity/micro_ghast_texture"},"elements":[{"from":[7.6285715,4.485714,7.6285715],"to":[8.3714285,8.657143,8.3714285],"rotation":{"angle":0.0,"axis":"y","origin":[8.0,7.714286,8.0]},"faces":{"east":{"uv":[10.484,0.016,10.016,3.484],"rotation":0,"texture":"#0","tintindex":0},"south":{"uv":[9.484,8.016,9.016,11.484],"rotation":0,"texture":"#0","tintindex":0},"north":{"uv":[6.984,9.016,6.516,12.484],"rotation":0,"texture":"#0","tintindex":0},"west":{"uv":[7.984,9.016,7.516,12.484],"rotation":0,"texture":"#0","tintindex":0},"up":{"uv":[8.516,12.468,8.984,12.0],"rotation":0,"texture":"#0","tintindex":0},"down":{"uv":[13.016,2.0,13.484,2.468],"rotation":0,"texture":"#0","tintindex":0}}}],"display":{"head":{"translation":[0.0,-6.4,0.0],"scale":[4.0,4.0,4.0]}}}