{"textures":{"0":"modelengine:entity/astraltiger"},"elements":[{"from":[5.930837,6.4770703,5.3042526],"to":[10.273695,9.848499,9.189967],"rotation":{"angle":0.0,"axis":"y","origin":[5.1308374,4.3627844,9.704253]},"faces":{"east":{"uv":[8.75,0.0,9.625,1.5],"rotation":0,"texture":"#0","tintindex":0},"south":{"uv":[7.125,0.0,8.5,1.5],"rotation":0,"texture":"#0","tintindex":0},"north":{"uv":[5.75,0.0,7.125,1.125],"rotation":0,"texture":"#0","tintindex":0},"west":{"uv":[8.75,1.5,9.625,3.0],"rotation":0,"texture":"#0","tintindex":0},"up":{"uv":[7.125,2.75,8.5,1.625],"rotation":0,"texture":"#0","tintindex":0},"down":{"uv":[5.75,2.5,7.125,3.25],"rotation":0,"texture":"#0","tintindex":0}}},{"from":[6.5594087,6.3627844,5.932824],"to":[9.759409,10.6484995,9.761395],"rotation":{"angle":0.0,"axis":"y","origin":[5.1308374,5.1627846,10.332825]},"faces":{"east":{"uv":[8.75,0.0,9.625,1.5],"rotation":0,"texture":"#0","tintindex":0},"south":{"uv":[7.125,0.0,8.5,1.5],"rotation":0,"texture":"#0","tintindex":0},"north":{"uv":[5.75,0.0,7.125,1.5],"rotation":0,"texture":"#0","tintindex":0},"west":{"uv":[8.75,1.5,9.625,3.0],"rotation":0,"texture":"#0","tintindex":0},"up":{"uv":[7.125,2.75,8.5,1.625],"rotation":0,"texture":"#0","tintindex":0},"down":{"uv":[5.75,1.625,7.125,4.25],"rotation":0,"texture":"#0","tintindex":0}}},{"from":[6.4451227,6.0199275,5.132824],"to":[9.645123,10.305642,8.961395],"rotation":{"angle":0.0,"axis":"y","origin":[5.016551,4.819927,9.5328245]},"faces":{"east":{"uv":[8.75,0.0,9.625,1.5],"rotation":0,"texture":"#0","tintindex":0},"south":{"uv":[7.125,0.0,8.5,1.5],"rotation":0,"texture":"#0","tintindex":0},"north":{"uv":[5.75,0.0,7.125,1.5],"rotation":0,"texture":"#0","tintindex":0},"west":{"uv":[8.75,1.5,9.625,3.0],"rotation":0,"texture":"#0","tintindex":0},"up":{"uv":[7.125,2.75,8.5,1.625],"rotation":0,"texture":"#0","tintindex":0},"down":{"uv":[5.75,1.625,7.125,4.25],"rotation":0,"texture":"#0","tintindex":0}}},{"from":[6.0151434,6.6998672,2.632341],"to":[10.187761,9.918748,5.81241],"rotation":{"angle":0.0,"axis":"y","origin":[7.7381096,6.8923726,0.93418026]},"faces":{"east":{"uv":[3.25,1.125,4.25,2.125],"rotation":0,"texture":"#0","tintindex":0},"south":{"uv":[5.75,1.25,6.875,3.25],"rotation":0,"texture":"#0","tintindex":0},"north":{"uv":[3.25,1.125,4.25,2.125],"rotation":0,"texture":"#0","tintindex":0},"west":{"uv":[3.25,1.125,4.25,2.125],"rotation":0,"texture":"#0","tintindex":0},"up":{"uv":[5.75,1.25,6.875,3.25],"rotation":0,"texture":"#0","tintindex":0},"down":{"uv":[5.75,1.25,6.875,3.25],"rotation":0,"texture":"#0","tintindex":0}}},{"from":[6.476102,8.838086,2.0601673],"to":[7.411416,9.8811035,2.4342928],"rotation":{"angle":22.5,"axis":"y","origin":[8.080967,7.8066587,2.9341803]},"faces":{"east":{"uv":[5.75,1.25,6.875,3.25],"rotation":0,"texture":"#0","tintindex":0},"south":{"uv":[5.75,1.25,6.875,3.25],"rotation":0,"texture":"#0","tintindex":0},"north":{"uv":[1.75,1.25,2.25,1.625],"rotation":0,"texture":"#0","tintindex":0},"west":{"uv":[5.75,1.25,6.875,3.25],"rotation":0,"texture":"#0","tintindex":0},"up":{"uv":[5.75,1.25,6.875,3.25],"rotation":0,"texture":"#0","tintindex":0},"down":{"uv":[5.75,1.25,6.875,3.25],"rotation":0,"texture":"#0","tintindex":0}}},{"from":[6.5186863,8.583504,2.2350745],"to":[9.662503,9.071915,2.9365602],"rotation":{"angle":0.0,"axis":"y","origin":[8.080967,7.8066587,2.9341803]},"faces":{"east":{"uv":[5.875,5.125,6.875,5.375],"rotation":0,"texture":"#0","tintindex":0},"south":{"uv":[5.875,5.125,6.875,5.375],"rotation":0,"texture":"#0","tintindex":0},"north":{"uv":[5.875,5.125,6.875,5.375],"rotation":0,"texture":"#0","tintindex":0},"west":{"uv":[5.875,5.125,6.875,5.375],"rotation":0,"texture":"#0","tintindex":0},"up":{"uv":[5.875,5.125,6.875,5.375],"rotation":0,"texture":"#0","tintindex":0},"down":{"uv":[5.875,5.125,6.875,5.375],"rotation":0,"texture":"#0","tintindex":0}}},{"from":[6.3368807,8.666878,4.0065494],"to":[9.891075,9.74249,4.8483324],"rotation":{"angle":-45.0,"axis":"x","origin":[8.080967,7.8066587,2.9341803]},"faces":{"east":{"uv":[3.625,1.375,4.0,2.125],"rotation":0,"texture":"#0","tintindex":0},"south":{"uv":[1.125,1.125,2.125,0.125],"rotation":0,"texture":"#0","tintindex":0},"north":{"uv":[1.125,0.625,2.125,0.75],"rotation":0,"texture":"#0","tintindex":0},"west":{"uv":[3.625,1.375,4.0,2.125],"rotation":0,"texture":"#0","tintindex":0},"up":{"uv":[1.0,1.125,2.25,1.375],"rotation":0,"texture":"#0","tintindex":0},"down":{"uv":[5.75,1.25,6.875,3.25],"rotation":0,"texture":"#0","tintindex":0}}},{"from":[8.783171,8.838086,2.0466413],"to":[9.718485,9.8811035,2.4207673],"rotation":{"angle":-22.5,"axis":"y","origin":[8.080967,7.8066587,2.9341803]},"faces":{"east":{"uv":[5.75,1.25,6.875,3.25],"rotation":0,"texture":"#0","tintindex":0},"south":{"uv":[5.75,1.25,6.875,3.25],"rotation":0,"texture":"#0","tintindex":0},"north":{"uv":[1.0,1.25,1.5,1.625],"rotation":0,"texture":"#0","tintindex":0},"west":{"uv":[5.75,1.25,6.875,3.25],"rotation":0,"texture":"#0","tintindex":0},"up":{"uv":[5.75,1.25,6.875,3.25],"rotation":0,"texture":"#0","tintindex":0},"down":{"uv":[5.75,1.25,6.875,3.25],"rotation":0,"texture":"#0","tintindex":0}}},{"from":[7.552789,10.08659,2.9393945],"to":[8.675166,10.661949,5.9763317],"rotation":{"angle":0.0,"axis":"y","origin":[8.080967,7.8066587,2.9341803]},"faces":{"east":{"uv":[5.75,1.25,6.875,3.25],"rotation":0,"texture":"#0","tintindex":0},"south":{"uv":[5.75,1.25,6.875,3.25],"rotation":0,"texture":"#0","tintindex":0},"north":{"uv":[1.375,1.125,1.875,0.125],"rotation":0,"texture":"#0","tintindex":0},"west":{"uv":[5.75,1.25,6.875,3.25],"rotation":0,"texture":"#0","tintindex":0},"up":{"uv":[8.0,3.625,8.375,2.625],"rotation":0,"texture":"#0","tintindex":0},"down":{"uv":[5.75,1.25,6.875,3.25],"rotation":0,"texture":"#0","tintindex":0}}},{"from":[6.722977,10.129469,2.9266405],"to":[8.687138,10.643892,5.9763317],"rotation":{"angle":22.5,"axis":"z","origin":[8.080967,7.8066587,2.9341803]},"faces":{"east":{"uv":[5.75,1.25,6.875,3.25],"rotation":0,"texture":"#0","tintindex":0},"south":{"uv":[7.5,0.0,8.25,0.25],"rotation":0,"texture":"#0","tintindex":0},"north":{"uv":[1.125,0.5,2.125,0.375],"rotation":0,"texture":"#0","tintindex":0},"west":{"uv":[8.75,1.5,9.625,1.625],"rotation":0,"texture":"#0","tintindex":0},"up":{"uv":[8.0,2.75,8.5,1.75],"rotation":0,"texture":"#0","tintindex":0},"down":{"uv":[5.75,1.25,6.875,3.25],"rotation":0,"texture":"#0","tintindex":0}}},{"from":[7.511009,10.125098,2.9145947],"to":[9.451787,10.639522,5.9763317],"rotation":{"angle":-22.5,"axis":"z","origin":[8.080967,7.8066587,2.9341803]},"faces":{"east":{"uv":[8.75,0.0,9.625,0.125],"rotation":0,"texture":"#0","tintindex":0},"south":{"uv":[7.5,0.0,8.25,0.25],"rotation":0,"texture":"#0","tintindex":0},"north":{"uv":[1.125,0.5,2.125,0.375],"rotation":0,"texture":"#0","tintindex":0},"west":{"uv":[5.75,1.25,6.875,3.25],"rotation":0,"texture":"#0","tintindex":0},"up":{"uv":[7.125,2.75,7.625,1.75],"rotation":0,"texture":"#0","tintindex":0},"down":{"uv":[5.75,1.25,6.875,3.25],"rotation":0,"texture":"#0","tintindex":0}}},{"from":[7.689897,10.048104,3.6380458],"to":[9.420229,11.965499,4.0121717],"rotation":{"angle":45.0,"axis":"z","origin":[8.080967,7.8066587,2.9341803]},"faces":{"east":{"uv":[7.125,2.25,8.5,2.375],"rotation":0,"texture":"#0","tintindex":0},"south":{"uv":[7.5,1.625,8.125,2.375],"rotation":0,"texture":"#0","tintindex":0},"north":{"uv":[6.25,4.375,6.875,5.25],"rotation":0,"texture":"#0","tintindex":0},"west":{"uv":[7.125,2.25,8.5,2.375],"rotation":0,"texture":"#0","tintindex":0},"up":{"uv":[7.125,2.25,8.5,2.375],"rotation":0,"texture":"#0","tintindex":0},"down":{"uv":[5.75,1.25,6.875,3.25],"rotation":0,"texture":"#0","tintindex":0}}},{"from":[7.87696,10.048104,3.965406],"to":[9.1864,11.73167,4.339532],"rotation":{"angle":45.0,"axis":"z","origin":[8.080967,7.8066587,2.9341803]},"faces":{"east":{"uv":[1.375,5.625,1.5,6.25],"rotation":0,"texture":"#0","tintindex":0},"south":{"uv":[1.375,5.75,2.0,6.375],"rotation":0,"texture":"#0","tintindex":0},"north":{"uv":[7.125,2.625,7.75,2.75],"rotation":0,"texture":"#0","tintindex":0},"west":{"uv":[6.0,5.25,6.125,5.875],"rotation":0,"texture":"#0","tintindex":0},"up":{"uv":[7.125,2.625,7.75,2.75],"rotation":0,"texture":"#0","tintindex":0},"down":{"uv":[7.125,2.625,7.75,2.75],"rotation":0,"texture":"#0","tintindex":0}}},{"from":[6.766697,10.073096,3.6380458],"to":[8.497028,11.99049,4.0121717],"rotation":{"angle":-45.0,"axis":"z","origin":[8.080967,7.8066587,2.9341803]},"faces":{"east":{"uv":[7.125,2.25,8.5,2.375],"rotation":0,"texture":"#0","tintindex":0},"south":{"uv":[7.5,1.625,8.125,2.375],"rotation":0,"texture":"#0","tintindex":0},"north":{"uv":[6.25,4.375,6.875,5.25],"rotation":0,"texture":"#0","tintindex":0},"west":{"uv":[7.125,2.25,8.5,2.375],"rotation":0,"texture":"#0","tintindex":0},"up":{"uv":[7.125,2.25,8.5,2.375],"rotation":0,"texture":"#0","tintindex":0},"down":{"uv":[5.75,1.25,6.875,3.25],"rotation":0,"texture":"#0","tintindex":0}}},{"from":[7.0005255,10.073096,3.965406],"to":[8.309965,11.756661,4.339532],"rotation":{"angle":-45.0,"axis":"z","origin":[8.080967,7.8066587,2.9341803]},"faces":{"east":{"uv":[6.0,5.25,6.125,5.875],"rotation":0,"texture":"#0","tintindex":0},"south":{"uv":[1.375,5.625,2.0,6.25],"rotation":0,"texture":"#0","tintindex":0},"north":{"uv":[7.125,2.625,7.75,2.75],"rotation":0,"texture":"#0","tintindex":0},"west":{"uv":[1.375,5.625,1.5,6.25],"rotation":0,"texture":"#0","tintindex":0},"up":{"uv":[7.125,2.625,7.75,2.75],"rotation":0,"texture":"#0","tintindex":0},"down":{"uv":[7.125,2.625,7.75,2.75],"rotation":0,"texture":"#0","tintindex":0}}},{"from":[5.775692,6.3855147,3.0300918],"to":[10.405498,9.877309,5.8828],"rotation":{"angle":0.0,"axis":"y","origin":[8.080967,7.8638015,2.9341803]},"faces":{"east":{"uv":[8.75,0.0,9.625,1.5],"rotation":0,"texture":"#0","tintindex":0},"south":{"uv":[7.125,0.0,8.5,1.5],"rotation":0,"texture":"#0","tintindex":0},"north":{"uv":[5.125,4.375,5.625,5.375],"rotation":0,"texture":"#0","tintindex":0},"west":{"uv":[8.75,1.5,9.625,3.0],"rotation":0,"texture":"#0","tintindex":0},"up":{"uv":[7.125,2.75,8.5,1.625],"rotation":0,"texture":"#0","tintindex":0},"down":{"uv":[5.75,1.625,7.125,4.25],"rotation":0,"texture":"#0","tintindex":0}}},{"from":[5.6869545,6.454488,3.756949],"to":[8.58076,9.597711,4.579943],"rotation":{"angle":45.0,"axis":"z","origin":[8.309538,7.520944,3.4484658]},"faces":{"east":{"uv":[6.375,1.5,6.875,2.625],"rotation":0,"texture":"#0","tintindex":0},"south":{"uv":[6.0,2.25,7.0,3.375],"rotation":0,"texture":"#0","tintindex":0},"north":{"uv":[6.0,2.25,7.0,3.375],"rotation":0,"texture":"#0","tintindex":0},"west":{"uv":[6.25,1.375,6.75,2.5],"rotation":0,"texture":"#0","tintindex":0},"up":{"uv":[6.125,2.5,7.125,3.0],"rotation":0,"texture":"#0","tintindex":0},"down":{"uv":[6.125,2.5,7.125,3.0],"rotation":0,"texture":"#0","tintindex":0}}},{"from":[5.3111777,6.478711,2.8906631],"to":[8.204984,9.621934,3.7948003],"rotation":{"angle":45.0,"axis":"z","origin":[8.309538,7.920944,1.4484658]},"faces":{"east":{"uv":[6.375,1.5,6.875,2.625],"rotation":0,"texture":"#0","tintindex":0},"south":{"uv":[6.0,2.25,7.0,3.375],"rotation":0,"texture":"#0","tintindex":0},"north":{"uv":[6.0,2.25,7.0,3.375],"rotation":0,"texture":"#0","tintindex":0},"west":{"uv":[6.25,1.375,6.75,2.5],"rotation":0,"texture":"#0","tintindex":0},"up":{"uv":[6.125,2.5,7.125,3.0],"rotation":0,"texture":"#0","tintindex":0},"down":{"uv":[6.125,2.5,7.125,3.0],"rotation":0,"texture":"#0","tintindex":0}}},{"from":[7.8852625,6.478711,2.8906631],"to":[10.779068,9.621934,3.7948003],"rotation":{"angle":-45.0,"axis":"z","origin":[7.7807074,7.920944,1.4484658]},"faces":{"east":{"uv":[6.375,1.5,6.875,2.625],"rotation":0,"texture":"#0","tintindex":0},"south":{"uv":[6.0,2.25,7.0,3.375],"rotation":0,"texture":"#0","tintindex":0},"north":{"uv":[6.0,2.25,7.0,3.375],"rotation":0,"texture":"#0","tintindex":0},"west":{"uv":[6.25,1.375,6.75,2.5],"rotation":0,"texture":"#0","tintindex":0},"up":{"uv":[6.125,2.5,7.125,3.0],"rotation":0,"texture":"#0","tintindex":0},"down":{"uv":[6.125,2.5,7.125,3.0],"rotation":0,"texture":"#0","tintindex":0}}},{"from":[4.932296,7.471257,4.3832345],"to":[7.8261013,10.614481,5.1353717],"rotation":{"angle":45.0,"axis":"z","origin":[8.080967,9.063802,2.0198946]},"faces":{"east":{"uv":[6.375,1.5,6.875,2.625],"rotation":0,"texture":"#0","tintindex":0},"south":{"uv":[6.0,2.25,7.0,3.375],"rotation":0,"texture":"#0","tintindex":0},"north":{"uv":[6.0,2.25,7.0,3.375],"rotation":0,"texture":"#0","tintindex":0},"west":{"uv":[6.25,1.375,6.75,2.5],"rotation":0,"texture":"#0","tintindex":0},"up":{"uv":[6.125,2.5,7.125,3.0],"rotation":0,"texture":"#0","tintindex":0},"down":{"uv":[6.125,2.5,7.125,3.0],"rotation":0,"texture":"#0","tintindex":0}}},{"from":[7.570314,6.5007715,3.756949],"to":[10.46412,9.643994,4.579943],"rotation":{"angle":-45.0,"axis":"z","origin":[7.7952523,7.520944,3.4484658]},"faces":{"east":{"uv":[6.375,1.5,6.875,2.625],"rotation":0,"texture":"#0","tintindex":0},"south":{"uv":[6.0,2.25,7.0,3.375],"rotation":0,"texture":"#0","tintindex":0},"north":{"uv":[6.0,2.25,7.0,3.375],"rotation":0,"texture":"#0","tintindex":0},"west":{"uv":[6.25,1.375,6.75,2.5],"rotation":0,"texture":"#0","tintindex":0},"up":{"uv":[6.125,2.5,7.125,3.0],"rotation":0,"texture":"#0","tintindex":0},"down":{"uv":[6.125,2.5,7.125,3.0],"rotation":0,"texture":"#0","tintindex":0}}},{"from":[8.382116,7.517541,4.4975204],"to":[11.275922,10.660765,5.2496576],"rotation":{"angle":-45.0,"axis":"z","origin":[8.080967,9.063802,2.13418]},"faces":{"east":{"uv":[6.375,1.5,6.875,2.625],"rotation":0,"texture":"#0","tintindex":0},"south":{"uv":[6.0,2.25,7.0,3.375],"rotation":0,"texture":"#0","tintindex":0},"north":{"uv":[6.0,2.25,7.0,3.375],"rotation":0,"texture":"#0","tintindex":0},"west":{"uv":[6.25,1.375,6.75,2.5],"rotation":0,"texture":"#0","tintindex":0},"up":{"uv":[6.125,2.5,7.125,3.0],"rotation":0,"texture":"#0","tintindex":0},"down":{"uv":[6.125,2.5,7.125,3.0],"rotation":0,"texture":"#0","tintindex":0}}},{"from":[5.3151245,6.936002,3.756949],"to":[7.996359,8.591225,4.579943],"rotation":{"angle":-22.5,"axis":"z","origin":[8.309538,7.978087,3.4484658]},"faces":{"east":{"uv":[6.375,1.5,6.875,2.625],"rotation":0,"texture":"#0","tintindex":0},"south":{"uv":[6.0,2.25,7.0,3.375],"rotation":0,"texture":"#0","tintindex":0},"north":{"uv":[6.0,2.25,7.0,3.375],"rotation":0,"texture":"#0","tintindex":0},"west":{"uv":[6.25,1.375,6.75,2.5],"rotation":0,"texture":"#0","tintindex":0},"up":{"uv":[6.125,2.5,7.125,3.0],"rotation":0,"texture":"#0","tintindex":0},"down":{"uv":[6.125,2.5,7.125,3.0],"rotation":0,"texture":"#0","tintindex":0}}},{"from":[5.5184937,6.502169,3.2906628],"to":[8.199728,8.157392,4.1948004],"rotation":{"angle":-22.5,"axis":"z","origin":[8.309538,8.03523,1.8484659]},"faces":{"east":{"uv":[6.375,1.5,6.875,2.625],"rotation":0,"texture":"#0","tintindex":0},"south":{"uv":[6.0,2.25,7.0,3.375],"rotation":0,"texture":"#0","tintindex":0},"north":{"uv":[6.0,2.25,7.0,3.375],"rotation":0,"texture":"#0","tintindex":0},"west":{"uv":[6.25,1.375,6.75,2.5],"rotation":0,"texture":"#0","tintindex":0},"up":{"uv":[6.125,2.5,7.125,3.0],"rotation":0,"texture":"#0","tintindex":0},"down":{"uv":[6.125,2.5,7.125,3.0],"rotation":0,"texture":"#0","tintindex":0}}},{"from":[7.8905177,6.502169,3.2906628],"to":[10.571753,8.157392,4.1948004],"rotation":{"angle":22.5,"axis":"z","origin":[7.7807074,8.03523,1.8484659]},"faces":{"east":{"uv":[6.375,1.5,6.875,2.625],"rotation":0,"texture":"#0","tintindex":0},"south":{"uv":[6.0,2.25,7.0,3.375],"rotation":0,"texture":"#0","tintindex":0},"north":{"uv":[6.0,2.25,7.0,3.375],"rotation":0,"texture":"#0","tintindex":0},"west":{"uv":[6.25,1.375,6.75,2.5],"rotation":0,"texture":"#0","tintindex":0},"up":{"uv":[6.125,2.5,7.125,3.0],"rotation":0,"texture":"#0","tintindex":0},"down":{"uv":[6.125,2.5,7.125,3.0],"rotation":0,"texture":"#0","tintindex":0}}},{"from":[5.3712697,7.33435,4.3832345],"to":[8.052504,8.989573,5.1353717],"rotation":{"angle":-22.5,"axis":"z","origin":[8.080967,9.063802,2.0198946]},"faces":{"east":{"uv":[6.375,1.5,6.875,2.625],"rotation":0,"texture":"#0","tintindex":0},"south":{"uv":[6.0,2.25,7.0,3.375],"rotation":0,"texture":"#0","tintindex":0},"north":{"uv":[6.0,2.25,7.0,3.375],"rotation":0,"texture":"#0","tintindex":0},"west":{"uv":[6.25,1.375,6.75,2.5],"rotation":0,"texture":"#0","tintindex":0},"up":{"uv":[6.125,2.5,7.125,3.0],"rotation":0,"texture":"#0","tintindex":0},"down":{"uv":[6.125,2.5,7.125,3.0],"rotation":0,"texture":"#0","tintindex":0}}},{"from":[8.168904,6.9109535,3.756949],"to":[10.850139,8.566176,4.579943],"rotation":{"angle":22.5,"axis":"z","origin":[7.7952523,7.978087,3.4484658]},"faces":{"east":{"uv":[6.375,1.5,6.875,2.625],"rotation":0,"texture":"#0","tintindex":0},"south":{"uv":[6.0,2.25,7.0,3.375],"rotation":0,"texture":"#0","tintindex":0},"north":{"uv":[6.0,2.25,7.0,3.375],"rotation":0,"texture":"#0","tintindex":0},"west":{"uv":[6.25,1.375,6.75,2.5],"rotation":0,"texture":"#0","tintindex":0},"up":{"uv":[6.125,2.5,7.125,3.0],"rotation":0,"texture":"#0","tintindex":0},"down":{"uv":[6.125,2.5,7.125,3.0],"rotation":0,"texture":"#0","tintindex":0}}},{"from":[8.169902,7.3093014,4.3832345],"to":[10.851136,8.964524,5.1353717],"rotation":{"angle":22.5,"axis":"z","origin":[8.080967,9.063802,2.0198946]},"faces":{"east":{"uv":[6.375,1.5,6.875,2.625],"rotation":0,"texture":"#0","tintindex":0},"south":{"uv":[6.0,2.25,7.0,3.375],"rotation":0,"texture":"#0","tintindex":0},"north":{"uv":[6.0,2.25,7.0,3.375],"rotation":0,"texture":"#0","tintindex":0},"west":{"uv":[6.25,1.375,6.75,2.5],"rotation":0,"texture":"#0","tintindex":0},"up":{"uv":[6.125,2.5,7.125,3.0],"rotation":0,"texture":"#0","tintindex":0},"down":{"uv":[6.125,2.5,7.125,3.0],"rotation":0,"texture":"#0","tintindex":0}}},{"from":[6.757772,6.862589,0.5160804],"to":[9.4468,8.323664,2.6092005],"rotation":{"angle":0.0,"axis":"y","origin":[8.080967,7.8066587,2.9341803]},"faces":{"east":{"uv":[5.75,1.25,6.875,3.25],"rotation":0,"texture":"#0","tintindex":0},"south":{"uv":[5.75,1.25,6.875,3.25],"rotation":0,"texture":"#0","tintindex":0},"north":{"uv":[1.625,4.375,2.75,4.625],"rotation":0,"texture":"#0","tintindex":0},"west":{"uv":[5.75,1.25,6.875,3.25],"rotation":0,"texture":"#0","tintindex":0},"up":{"uv":[5.75,1.25,6.875,3.25],"rotation":0,"texture":"#0","tintindex":0},"down":{"uv":[5.75,1.25,6.875,3.25],"rotation":0,"texture":"#0","tintindex":0}}},{"from":[6.383646,6.2077084,0.9995322],"to":[9.820927,7.236554,3.478115],"rotation":{"angle":22.5,"axis":"x","origin":[8.080967,7.8066587,2.9341803]},"faces":{"east":{"uv":[1.5,1.625,0.5,2.125],"rotation":0,"texture":"#0","tintindex":0},"south":{"uv":[5.75,1.25,6.875,3.25],"rotation":0,"texture":"#0","tintindex":0},"north":{"uv":[5.75,1.25,6.875,3.25],"rotation":0,"texture":"#0","tintindex":0},"west":{"uv":[0.5,1.625,1.5,2.125],"rotation":0,"texture":"#0","tintindex":0},"up":{"uv":[5.75,1.25,6.875,3.25],"rotation":0,"texture":"#0","tintindex":0},"down":{"uv":[5.75,1.25,6.875,3.25],"rotation":0,"texture":"#0","tintindex":0}}},{"from":[7.297932,6.1505656,1.8566751],"to":[8.849498,7.179411,3.478115],"rotation":{"angle":22.5,"axis":"x","origin":[8.080967,7.7495155,2.9341803]},"faces":{"east":{"uv":[1.5,1.625,0.5,2.125],"rotation":0,"texture":"#0","tintindex":0},"south":{"uv":[5.75,1.25,6.875,3.25],"rotation":0,"texture":"#0","tintindex":0},"north":{"uv":[5.75,1.25,6.875,3.25],"rotation":0,"texture":"#0","tintindex":0},"west":{"uv":[0.5,1.625,1.5,2.125],"rotation":0,"texture":"#0","tintindex":0},"up":{"uv":[5.75,1.25,6.875,3.25],"rotation":0,"texture":"#0","tintindex":0},"down":{"uv":[1.0,4.25,1.25,4.0],"rotation":0,"texture":"#0","tintindex":0}}},{"from":[6.312237,7.781388,0.3644457],"to":[7.9022713,8.856999,2.983326],"rotation":{"angle":22.5,"axis":"z","origin":[8.080967,7.8066587,2.9341803]},"faces":{"east":{"uv":[5.75,1.25,6.875,3.25],"rotation":0,"texture":"#0","tintindex":0},"south":{"uv":[5.75,1.25,6.875,3.25],"rotation":0,"texture":"#0","tintindex":0},"north":{"uv":[2.5,1.625,3.125,2.125],"rotation":0,"texture":"#0","tintindex":0},"west":{"uv":[0.75,1.625,1.75,2.125],"rotation":0,"texture":"#0","tintindex":0},"up":{"uv":[2.125,2.0,2.75,1.0],"rotation":0,"texture":"#0","tintindex":0},"down":{"uv":[5.75,1.25,6.875,3.25],"rotation":0,"texture":"#0","tintindex":0}}},{"from":[6.6642404,6.733629,0.4112115],"to":[7.9269147,7.715709,1.3465257],"rotation":{"angle":0.0,"axis":"y","origin":[8.080967,7.8066587,2.9341803]},"faces":{"east":{"uv":[2.125,0.0,2.875,0.5],"rotation":0,"texture":"#0","tintindex":0},"south":{"uv":[2.125,0.125,2.875,0.625],"rotation":0,"texture":"#0","tintindex":0},"north":{"uv":[2.125,0.0,2.875,0.5],"rotation":0,"texture":"#0","tintindex":0},"west":{"uv":[2.125,0.0,2.875,0.5],"rotation":0,"texture":"#0","tintindex":0},"up":{"uv":[2.125,0.125,2.875,0.625],"rotation":0,"texture":"#0","tintindex":0},"down":{"uv":[2.125,0.0,2.875,0.5],"rotation":0,"texture":"#0","tintindex":0}}},{"from":[8.223597,6.733629,0.4112115],"to":[9.486271,7.715709,1.3465257],"rotation":{"angle":0.0,"axis":"y","origin":[8.080967,7.8066587,2.9341803]},"faces":{"east":{"uv":[2.125,0.0,2.875,0.5],"rotation":0,"texture":"#0","tintindex":0},"south":{"uv":[2.125,0.0,2.875,0.5],"rotation":0,"texture":"#0","tintindex":0},"north":{"uv":[2.125,0.0,2.875,0.5],"rotation":0,"texture":"#0","tintindex":0},"west":{"uv":[2.125,0.0,2.875,0.5],"rotation":0,"texture":"#0","tintindex":0},"up":{"uv":[2.125,0.0,2.875,0.5],"rotation":0,"texture":"#0","tintindex":0},"down":{"uv":[2.125,0.0,2.875,0.5],"rotation":0,"texture":"#0","tintindex":0}}},{"from":[8.24555,7.7949133,0.3644457],"to":[9.88235,8.870525,2.983326],"rotation":{"angle":-22.5,"axis":"z","origin":[8.080967,7.8066587,2.9341803]},"faces":{"east":{"uv":[1.75,1.625,0.75,2.125],"rotation":0,"texture":"#0","tintindex":0},"south":{"uv":[5.75,1.25,6.875,3.25],"rotation":0,"texture":"#0","tintindex":0},"north":{"uv":[3.125,1.625,2.5,2.125],"rotation":0,"texture":"#0","tintindex":0},"west":{"uv":[5.75,1.25,6.875,3.25],"rotation":0,"texture":"#0","tintindex":0},"up":{"uv":[0.5,2.0,1.125,1.0],"rotation":0,"texture":"#0","tintindex":0},"down":{"uv":[5.75,1.25,6.875,3.25],"rotation":0,"texture":"#0","tintindex":0}}},{"from":[7.272195,8.288726,1.8350859],"to":[8.932378,10.2061205,3.1912918],"rotation":{"angle":-45.0,"axis":"x","origin":[8.080967,7.8066587,2.9341803]},"faces":{"east":{"uv":[6.125,5.25,6.75,5.875],"rotation":0,"texture":"#0","tintindex":0},"south":{"uv":[6.125,5.25,6.75,5.875],"rotation":0,"texture":"#0","tintindex":0},"north":{"uv":[6.125,5.25,6.75,5.875],"rotation":0,"texture":"#0","tintindex":0},"west":{"uv":[6.125,5.25,6.75,5.875],"rotation":0,"texture":"#0","tintindex":0},"up":{"uv":[6.125,5.25,6.75,5.875],"rotation":0,"texture":"#0","tintindex":0},"down":{"uv":[6.125,5.25,6.75,5.875],"rotation":0,"texture":"#0","tintindex":0}}},{"from":[7.131898,8.384475,2.2353349],"to":[9.072675,10.114806,3.6850724],"rotation":{"angle":-22.5,"axis":"x","origin":[8.080967,7.8066587,2.9341803]},"faces":{"east":{"uv":[6.125,5.25,6.75,5.875],"rotation":0,"texture":"#0","tintindex":0},"south":{"uv":[6.125,5.25,6.75,5.875],"rotation":0,"texture":"#0","tintindex":0},"north":{"uv":[6.125,5.25,6.75,5.875],"rotation":0,"texture":"#0","tintindex":0},"west":{"uv":[6.125,5.25,6.75,5.875],"rotation":0,"texture":"#0","tintindex":0},"up":{"uv":[6.125,5.25,6.75,5.875],"rotation":0,"texture":"#0","tintindex":0},"down":{"uv":[6.125,5.25,6.75,5.875],"rotation":0,"texture":"#0","tintindex":0}}},{"from":[6.9448347,8.16828,1.3065119],"to":[9.35327,9.524485,2.475655],"rotation":{"angle":-45.0,"axis":"x","origin":[8.080967,7.8066587,2.9341803]},"faces":{"east":{"uv":[6.375,5.25,6.75,5.875],"rotation":0,"texture":"#0","tintindex":0},"south":{"uv":[6.125,5.25,6.75,5.875],"rotation":0,"texture":"#0","tintindex":0},"north":{"uv":[6.125,5.25,6.75,5.875],"rotation":0,"texture":"#0","tintindex":0},"west":{"uv":[6.375,5.25,6.75,5.875],"rotation":0,"texture":"#0","tintindex":0},"up":{"uv":[6.125,5.25,6.75,5.625],"rotation":0,"texture":"#0","tintindex":0},"down":{"uv":[6.125,5.25,6.75,5.625],"rotation":0,"texture":"#0","tintindex":0}}},{"from":[6.8980694,7.8256598,1.8402619],"to":[9.400035,9.228632,2.7954164],"rotation":{"angle":-22.5,"axis":"x","origin":[8.080967,7.8066587,2.9341803]},"faces":{"east":{"uv":[6.375,5.25,6.75,5.875],"rotation":0,"texture":"#0","tintindex":0},"south":{"uv":[6.125,5.25,6.75,5.875],"rotation":0,"texture":"#0","tintindex":0},"north":{"uv":[6.125,5.25,6.75,5.875],"rotation":0,"texture":"#0","tintindex":0},"west":{"uv":[6.375,5.25,6.75,5.875],"rotation":0,"texture":"#0","tintindex":0},"up":{"uv":[6.125,5.25,6.75,5.625],"rotation":0,"texture":"#0","tintindex":0},"down":{"uv":[6.125,5.25,6.75,5.625],"rotation":0,"texture":"#0","tintindex":0}}},{"from":[6.290115,7.896606,2.4350162],"to":[9.891075,8.878686,3.8847537],"rotation":{"angle":-45.0,"axis":"x","origin":[8.080967,7.8066587,2.9341803]},"faces":{"east":{"uv":[6.375,5.25,6.75,5.875],"rotation":0,"texture":"#0","tintindex":0},"south":{"uv":[6.125,5.25,6.75,5.875],"rotation":0,"texture":"#0","tintindex":0},"north":{"uv":[6.125,5.25,6.75,5.875],"rotation":0,"texture":"#0","tintindex":0},"west":{"uv":[6.375,5.25,6.75,5.875],"rotation":0,"texture":"#0","tintindex":0},"up":{"uv":[6.125,5.25,6.75,5.625],"rotation":0,"texture":"#0","tintindex":0},"down":{"uv":[6.125,5.25,6.75,5.625],"rotation":0,"texture":"#0","tintindex":0}}},{"from":[7.225429,9.683674,1.2819209],"to":[8.979143,10.291628,1.9366407],"rotation":{"angle":-45.0,"axis":"x","origin":[8.080967,7.8066587,2.9341803]},"faces":{"east":{"uv":[9.0,4.375,9.375,4.625],"rotation":0,"texture":"#0","tintindex":0},"south":{"uv":[9.0,4.375,9.375,4.625],"rotation":0,"texture":"#0","tintindex":0},"north":{"uv":[9.0,4.375,9.375,4.625],"rotation":0,"texture":"#0","tintindex":0},"west":{"uv":[9.0,4.375,9.375,4.625],"rotation":0,"texture":"#0","tintindex":0},"up":{"uv":[9.0,4.375,9.375,4.625],"rotation":0,"texture":"#0","tintindex":0},"down":{"uv":[9.0,4.375,9.375,4.625],"rotation":0,"texture":"#0","tintindex":0}}},{"from":[7.004428,5.926773,0.79481983],"to":[7.3587136,7.166773,1.1491055],"rotation":{"angle":0.0,"axis":"y","origin":[8.080967,7.8066587,2.9341803]},"faces":{"east":{"uv":[1.25,3.625,1.375,3.75],"rotation":0,"texture":"#0","tintindex":0},"south":{"uv":[1.25,3.625,1.375,3.75],"rotation":0,"texture":"#0","tintindex":0},"north":{"uv":[1.25,3.625,1.375,3.75],"rotation":0,"texture":"#0","tintindex":0},"west":{"uv":[1.25,3.625,1.375,3.75],"rotation":0,"texture":"#0","tintindex":0},"up":{"uv":[1.25,3.625,1.375,3.75],"rotation":0,"texture":"#0","tintindex":0},"down":{"uv":[1.25,3.625,1.375,3.75],"rotation":0,"texture":"#0","tintindex":0}}},{"from":[6.955285,6.5142016,1.2496767],"to":[7.3095703,7.6124873,1.6039624],"rotation":{"angle":0.0,"axis":"y","origin":[8.080967,7.8066587,2.9341803]},"faces":{"east":{"uv":[1.25,3.625,1.375,3.75],"rotation":0,"texture":"#0","tintindex":0},"south":{"uv":[1.25,3.625,1.375,3.75],"rotation":0,"texture":"#0","tintindex":0},"north":{"uv":[1.25,3.625,1.375,3.75],"rotation":0,"texture":"#0","tintindex":0},"west":{"uv":[1.25,3.625,1.375,3.75],"rotation":0,"texture":"#0","tintindex":0},"up":{"uv":[1.25,3.625,1.375,3.75],"rotation":0,"texture":"#0","tintindex":0},"down":{"uv":[1.25,3.625,1.375,3.75],"rotation":0,"texture":"#0","tintindex":0}}},{"from":[7.451285,6.569059,1.0016766],"to":[7.8055706,7.383916,1.3559623],"rotation":{"angle":0.0,"axis":"y","origin":[8.080967,7.8066587,2.9341803]},"faces":{"east":{"uv":[1.25,3.625,1.375,3.75],"rotation":0,"texture":"#0","tintindex":0},"south":{"uv":[1.25,3.625,1.375,3.75],"rotation":0,"texture":"#0","tintindex":0},"north":{"uv":[1.25,3.625,1.375,3.75],"rotation":0,"texture":"#0","tintindex":0},"west":{"uv":[1.25,3.625,1.375,3.75],"rotation":0,"texture":"#0","tintindex":0},"up":{"uv":[1.25,3.625,1.375,3.75],"rotation":0,"texture":"#0","tintindex":0},"down":{"uv":[1.25,3.625,1.375,3.75],"rotation":0,"texture":"#0","tintindex":0}}},{"from":[8.266142,6.569059,1.0016766],"to":[8.620428,7.383916,1.3559623],"rotation":{"angle":0.0,"axis":"y","origin":[8.080967,7.8066587,2.9341803]},"faces":{"east":{"uv":[1.25,3.625,1.375,3.75],"rotation":0,"texture":"#0","tintindex":0},"south":{"uv":[1.25,3.625,1.375,3.75],"rotation":0,"texture":"#0","tintindex":0},"north":{"uv":[1.25,3.625,1.375,3.75],"rotation":0,"texture":"#0","tintindex":0},"west":{"uv":[1.25,3.625,1.375,3.75],"rotation":0,"texture":"#0","tintindex":0},"up":{"uv":[1.25,3.625,1.375,3.75],"rotation":0,"texture":"#0","tintindex":0},"down":{"uv":[1.25,3.625,1.375,3.75],"rotation":0,"texture":"#0","tintindex":0}}},{"from":[7.8764277,6.569059,1.0016766],"to":[8.230714,7.383916,1.3559623],"rotation":{"angle":0.0,"axis":"y","origin":[8.080967,7.8066587,2.9341803]},"faces":{"east":{"uv":[1.25,3.625,1.375,3.75],"rotation":0,"texture":"#0","tintindex":0},"south":{"uv":[1.25,3.625,1.375,3.75],"rotation":0,"texture":"#0","tintindex":0},"north":{"uv":[1.25,3.625,1.375,3.75],"rotation":0,"texture":"#0","tintindex":0},"west":{"uv":[1.25,3.625,1.375,3.75],"rotation":0,"texture":"#0","tintindex":0},"up":{"uv":[1.25,3.625,1.375,3.75],"rotation":0,"texture":"#0","tintindex":0},"down":{"uv":[1.25,3.625,1.375,3.75],"rotation":0,"texture":"#0","tintindex":0}}},{"from":[8.832999,6.5142016,1.2496767],"to":[9.187284,7.6124873,1.6039624],"rotation":{"angle":0.0,"axis":"y","origin":[8.080967,7.8066587,2.9341803]},"faces":{"east":{"uv":[1.25,3.625,1.375,3.75],"rotation":0,"texture":"#0","tintindex":0},"south":{"uv":[1.25,3.625,1.375,3.75],"rotation":0,"texture":"#0","tintindex":0},"north":{"uv":[1.25,3.625,1.375,3.75],"rotation":0,"texture":"#0","tintindex":0},"west":{"uv":[1.25,3.625,1.375,3.75],"rotation":0,"texture":"#0","tintindex":0},"up":{"uv":[1.25,3.625,1.375,3.75],"rotation":0,"texture":"#0","tintindex":0},"down":{"uv":[1.25,3.625,1.375,3.75],"rotation":0,"texture":"#0","tintindex":0}}},{"from":[6.955285,6.3999157,1.8519621],"to":[7.3095703,7.498202,2.2062478],"rotation":{"angle":0.0,"axis":"y","origin":[8.080967,7.8066587,2.9341803]},"faces":{"east":{"uv":[1.25,3.625,1.375,3.75],"rotation":0,"texture":"#0","tintindex":0},"south":{"uv":[1.25,3.625,1.375,3.75],"rotation":0,"texture":"#0","tintindex":0},"north":{"uv":[1.25,3.625,1.375,3.75],"rotation":0,"texture":"#0","tintindex":0},"west":{"uv":[1.25,3.625,1.375,3.75],"rotation":0,"texture":"#0","tintindex":0},"up":{"uv":[1.25,3.625,1.375,3.75],"rotation":0,"texture":"#0","tintindex":0},"down":{"uv":[1.25,3.625,1.375,3.75],"rotation":0,"texture":"#0","tintindex":0}}},{"from":[8.79757,6.3999157,1.8519621],"to":[9.151856,7.498202,2.2062478],"rotation":{"angle":0.0,"axis":"y","origin":[8.080967,7.8066587,2.9341803]},"faces":{"east":{"uv":[1.25,3.625,1.375,3.75],"rotation":0,"texture":"#0","tintindex":0},"south":{"uv":[1.25,3.625,1.375,3.75],"rotation":0,"texture":"#0","tintindex":0},"north":{"uv":[1.25,3.625,1.375,3.75],"rotation":0,"texture":"#0","tintindex":0},"west":{"uv":[1.25,3.625,1.375,3.75],"rotation":0,"texture":"#0","tintindex":0},"up":{"uv":[1.25,3.625,1.375,3.75],"rotation":0,"texture":"#0","tintindex":0},"down":{"uv":[1.25,3.625,1.375,3.75],"rotation":0,"texture":"#0","tintindex":0}}},{"from":[8.712999,5.891344,0.79481983],"to":[9.067285,7.166773,1.1491055],"rotation":{"angle":0.0,"axis":"y","origin":[8.080967,7.8066587,2.9341803]},"faces":{"east":{"uv":[1.25,3.625,1.375,3.75],"rotation":0,"texture":"#0","tintindex":0},"south":{"uv":[1.25,3.625,1.375,3.75],"rotation":0,"texture":"#0","tintindex":0},"north":{"uv":[1.25,3.625,1.375,3.75],"rotation":0,"texture":"#0","tintindex":0},"west":{"uv":[1.25,3.625,1.375,3.75],"rotation":0,"texture":"#0","tintindex":0},"up":{"uv":[1.25,3.625,1.375,3.75],"rotation":0,"texture":"#0","tintindex":0},"down":{"uv":[1.25,3.625,1.375,3.75],"rotation":0,"texture":"#0","tintindex":0}}}],"display":{"head":{"translation":[0.0,-6.4,0.0],"scale":[4.0,4.0,4.0]}}}