{"textures":{"0":"modelengine:entity/astraltiger"},"elements":[{"from":[6.0,4.1142855,6.5142856],"to":[8.228572,8.171429,9.6],"rotation":{"angle":0.0,"axis":"y","origin":[9.428572,5.2,6.1714287]},"faces":{"east":{"uv":[1.25,5.25,2.125,6.875],"rotation":0,"texture":"#0","tintindex":0},"south":{"uv":[1.625,5.25,0.875,6.875],"rotation":0,"texture":"#0","tintindex":0},"north":{"uv":[1.25,5.25,2.0,7.0],"rotation":0,"texture":"#0","tintindex":0},"west":{"uv":[1.25,5.25,2.125,6.875],"rotation":0,"texture":"#0","tintindex":0},"up":{"uv":[1.25,0.0,0.0,4.0],"rotation":0,"texture":"#0","tintindex":0},"down":{"uv":[2.25,5.25,1.75,6.0],"rotation":0,"texture":"#0","tintindex":0}}},{"from":[5.771428,6.1142855,6.9714284],"to":[8.514286,9.771429,10.6285715],"rotation":{"angle":-45.0,"axis":"x","origin":[4.285714,6.5714283,8.0]},"faces":{"east":{"uv":[10.0,0.0,8.75,1.375],"rotation":0,"texture":"#0","tintindex":0},"south":{"uv":[1.125,5.625,2.0,6.625],"rotation":0,"texture":"#0","tintindex":0},"north":{"uv":[13.0,0.875,11.875,2.0],"rotation":0,"texture":"#0","tintindex":0},"west":{"uv":[1.25,5.875,2.125,6.875],"rotation":0,"texture":"#0","tintindex":0},"up":{"uv":[1.0,5.75,1.875,6.75],"rotation":0,"texture":"#0","tintindex":0},"down":{"uv":[2.125,5.75,1.375,6.75],"rotation":0,"texture":"#0","tintindex":0}}}],"display":{"head":{"translation":[0.0,-6.4,0.0],"scale":[4.0,4.0,4.0]}}}