{"textures":{"0":"modelengine:entity/astraltiger"},"elements":[{"from":[8.8714285,0.7976775,7.42785],"to":[11.214286,6.397678,9.599278],"rotation":{"angle":22.5,"axis":"x","origin":[11.271429,-2.0847836,13.043631]},"faces":{"east":{"uv":[8.375,5.375,7.75,6.75],"rotation":0,"texture":"#0","tintindex":0},"south":{"uv":[1.25,5.5,1.875,7.0],"rotation":0,"texture":"#0","tintindex":0},"north":{"uv":[1.875,5.5,1.125,7.0],"rotation":0,"texture":"#0","tintindex":0},"west":{"uv":[8.5,5.375,7.75,6.75],"rotation":0,"texture":"#0","tintindex":0},"up":{"uv":[6.0,5.25,6.5,5.875],"rotation":0,"texture":"#0","tintindex":0},"down":{"uv":[8.875,4.375,9.375,5.0],"rotation":0,"texture":"#0","tintindex":0}}},{"from":[9.1,4.929454,7.426434],"to":[11.042857,7.3294544,12.455006],"rotation":{"angle":22.5,"axis":"x","origin":[-1.4142866,8.398516,12.519943]},"faces":{"east":{"uv":[10.75,1.5,9.25,2.25],"rotation":0,"texture":"#0","tintindex":0},"south":{"uv":[0.875,5.25,1.625,6.875],"rotation":0,"texture":"#0","tintindex":0},"north":{"uv":[1.875,5.25,1.125,7.0],"rotation":0,"texture":"#0","tintindex":0},"west":{"uv":[10.75,1.5,9.25,2.25],"rotation":0,"texture":"#0","tintindex":0},"up":{"uv":[1.625,5.625,2.125,7.0],"rotation":0,"texture":"#0","tintindex":0},"down":{"uv":[2.0,5.25,1.375,6.5],"rotation":0,"texture":"#0","tintindex":0}}},{"from":[8.3,1.622591,8.054489],"to":[11.671429,2.8225913,11.311632],"rotation":{"angle":0.0,"axis":"y","origin":[10.041262,1.4050288,10.311418]},"faces":{"east":{"uv":[7.75,5.125,8.5,5.5],"rotation":0,"texture":"#0","tintindex":0},"south":{"uv":[6.0,6.0,6.75,5.625],"rotation":0,"texture":"#0","tintindex":0},"north":{"uv":[6.125,5.0,6.875,4.625],"rotation":0,"texture":"#0","tintindex":0},"west":{"uv":[8.5,5.125,7.75,5.5],"rotation":0,"texture":"#0","tintindex":0},"up":{"uv":[5.875,6.25,6.75,5.5],"rotation":0,"texture":"#0","tintindex":0},"down":{"uv":[2.375,0.375,3.125,1.125],"rotation":0,"texture":"#0","tintindex":0}}},{"from":[10.408744,1.5368772,7.0509825],"to":[10.7516,2.222591,7.7366967],"rotation":{"angle":-22.5,"axis":"y","origin":[10.041262,1.4050288,10.482846]},"faces":{"east":{"uv":[1.0,6.75,0.875,7.0],"rotation":0,"texture":"#0","tintindex":0},"south":{"uv":[1.0,6.75,0.875,7.0],"rotation":0,"texture":"#0","tintindex":0},"north":{"uv":[1.0,6.75,0.875,7.0],"rotation":0,"texture":"#0","tintindex":0},"west":{"uv":[1.0,6.75,0.875,7.0],"rotation":0,"texture":"#0","tintindex":0},"up":{"uv":[1.0,6.75,0.875,7.0],"rotation":0,"texture":"#0","tintindex":0},"down":{"uv":[1.0,6.75,0.875,7.0],"rotation":0,"texture":"#0","tintindex":0}}},{"from":[9.957143,1.5368772,6.968775],"to":[10.3,2.222591,7.654489],"rotation":{"angle":0.0,"axis":"y","origin":[10.041262,1.4050288,10.482846]},"faces":{"east":{"uv":[1.0,6.75,0.875,7.0],"rotation":0,"texture":"#0","tintindex":0},"south":{"uv":[1.0,6.75,0.875,7.0],"rotation":0,"texture":"#0","tintindex":0},"north":{"uv":[1.0,6.75,0.875,7.0],"rotation":0,"texture":"#0","tintindex":0},"west":{"uv":[1.0,6.75,0.875,7.0],"rotation":0,"texture":"#0","tintindex":0},"up":{"uv":[1.0,6.75,0.875,7.0],"rotation":0,"texture":"#0","tintindex":0},"down":{"uv":[1.0,6.75,0.875,7.0],"rotation":0,"texture":"#0","tintindex":0}}},{"from":[9.272378,1.5368772,7.074072],"to":[9.615235,2.222591,7.759786],"rotation":{"angle":22.5,"axis":"y","origin":[10.041262,1.4050288,10.482846]},"faces":{"east":{"uv":[1.0,6.75,0.875,7.0],"rotation":0,"texture":"#0","tintindex":0},"south":{"uv":[1.0,6.75,0.875,7.0],"rotation":0,"texture":"#0","tintindex":0},"north":{"uv":[1.0,6.75,0.875,7.0],"rotation":0,"texture":"#0","tintindex":0},"west":{"uv":[1.0,6.75,0.875,7.0],"rotation":0,"texture":"#0","tintindex":0},"up":{"uv":[1.0,6.75,0.875,7.0],"rotation":0,"texture":"#0","tintindex":0},"down":{"uv":[1.0,6.75,0.875,7.0],"rotation":0,"texture":"#0","tintindex":0}}},{"from":[8.671413,1.6797342,7.250681],"to":[10.042842,2.9368768,8.964967],"rotation":{"angle":22.5,"axis":"y","origin":[10.041262,1.4050288,10.311418]},"faces":{"east":{"uv":[0.375,5.375,0.75,5.75],"rotation":0,"texture":"#0","tintindex":0},"south":{"uv":[0.375,5.375,0.75,5.75],"rotation":0,"texture":"#0","tintindex":0},"north":{"uv":[0.375,5.375,0.75,5.75],"rotation":0,"texture":"#0","tintindex":0},"west":{"uv":[0.375,5.375,0.75,5.75],"rotation":0,"texture":"#0","tintindex":0},"up":{"uv":[0.375,5.375,0.75,5.75],"rotation":0,"texture":"#0","tintindex":0},"down":{"uv":[0.375,5.375,0.75,5.75],"rotation":0,"texture":"#0","tintindex":0}}},{"from":[9.385715,1.6797342,7.1402035],"to":[10.814286,2.9368768,8.854489],"rotation":{"angle":0.0,"axis":"y","origin":[10.041262,1.4050288,10.311418]},"faces":{"east":{"uv":[0.375,5.375,0.75,5.75],"rotation":0,"texture":"#0","tintindex":0},"south":{"uv":[0.375,5.375,0.75,5.75],"rotation":0,"texture":"#0","tintindex":0},"north":{"uv":[0.375,5.375,0.75,5.75],"rotation":0,"texture":"#0","tintindex":0},"west":{"uv":[0.375,5.375,0.75,5.75],"rotation":0,"texture":"#0","tintindex":0},"up":{"uv":[0.375,5.375,0.75,5.75],"rotation":0,"texture":"#0","tintindex":0},"down":{"uv":[0.375,5.375,0.75,5.75],"rotation":0,"texture":"#0","tintindex":0}}},{"from":[10.095423,1.6797342,7.2275915],"to":[11.238279,2.9368768,8.941877],"rotation":{"angle":-22.5,"axis":"y","origin":[10.041262,1.4050288,10.311418]},"faces":{"east":{"uv":[0.375,5.375,0.75,5.75],"rotation":0,"texture":"#0","tintindex":0},"south":{"uv":[0.375,5.375,0.75,5.75],"rotation":0,"texture":"#0","tintindex":0},"north":{"uv":[0.375,5.375,0.75,5.75],"rotation":0,"texture":"#0","tintindex":0},"west":{"uv":[0.375,5.375,0.75,5.75],"rotation":0,"texture":"#0","tintindex":0},"up":{"uv":[0.375,5.375,0.75,5.75],"rotation":0,"texture":"#0","tintindex":0},"down":{"uv":[0.375,5.375,0.75,5.75],"rotation":0,"texture":"#0","tintindex":0}}}],"display":{"head":{"translation":[0.0,-6.4,0.0],"scale":[4.0,4.0,4.0]}}}