{"textures":{"0":"modelengine:entity/astraltiger"},"elements":[{"from":[6.8,5.337143,6.857143],"to":[10.228572,9.851429,10.971429],"rotation":{"angle":-22.5,"axis":"x","origin":[6.1714287,4.5142856,6.5142856]},"faces":{"east":{"uv":[2.125,5.875,1.25,6.875],"rotation":0,"texture":"#0","tintindex":0},"south":{"uv":[2.0,5.625,1.125,6.625],"rotation":0,"texture":"#0","tintindex":0},"north":{"uv":[11.875,0.875,13.0,2.0],"rotation":0,"texture":"#0","tintindex":0},"west":{"uv":[8.75,0.0,10.0,1.375],"rotation":0,"texture":"#0","tintindex":0},"up":{"uv":[1.875,5.75,1.0,6.75],"rotation":0,"texture":"#0","tintindex":0},"down":{"uv":[1.375,5.75,2.125,6.75],"rotation":0,"texture":"#0","tintindex":0}}},{"from":[6.857143,6.9714284,8.571428],"to":[9.885715,11.142858,10.342857],"rotation":{"angle":0.0,"axis":"y","origin":[11.142858,3.7142854,6.457143]},"faces":{"east":{"uv":[1.375,5.5,2.125,6.875],"rotation":0,"texture":"#0","tintindex":0},"south":{"uv":[1.375,5.5,2.125,6.625],"rotation":0,"texture":"#0","tintindex":0},"north":{"uv":[13.0,0.875,11.875,2.0],"rotation":0,"texture":"#0","tintindex":0},"west":{"uv":[1.375,5.5,2.125,6.875],"rotation":0,"texture":"#0","tintindex":0},"up":{"uv":[1.0,6.375,1.75,6.75],"rotation":0,"texture":"#0","tintindex":0},"down":{"uv":[2.125,5.75,1.375,6.75],"rotation":0,"texture":"#0","tintindex":0}}}],"display":{"head":{"translation":[0.0,-6.4,0.0],"scale":[4.0,4.0,4.0]}}}