{"textures":{"0":"modelengine:entity/astraltiger"},"elements":[{"from":[7.2408137,6.774323,4.713252],"to":[8.823453,8.065565,10.33555],"rotation":{"angle":45.0,"axis":"x","origin":[5.4981117,4.00305,7.8957677]},"faces":{"east":{"uv":[0.875,7.0,2.125,7.375],"rotation":0,"texture":"#0","tintindex":0},"south":{"uv":[2.25,5.625,2.75,6.875],"rotation":0,"texture":"#0","tintindex":0},"north":{"uv":[2.625,7.0,2.875,7.375],"rotation":0,"texture":"#0","tintindex":0},"west":{"uv":[0.875,7.0,2.125,7.375],"rotation":0,"texture":"#0","tintindex":0},"up":{"uv":[2.25,5.75,2.75,7.0],"rotation":0,"texture":"#0","tintindex":0},"down":{"uv":[2.25,5.75,2.75,7.0],"rotation":0,"texture":"#0","tintindex":0}}},{"from":[7.237025,3.2293425,10.140388],"to":[8.827242,4.6995907,14.585543],"rotation":{"angle":22.5,"axis":"x","origin":[5.4981117,0.5176463,13.472414]},"faces":{"east":{"uv":[0.875,7.0,2.125,7.375],"rotation":0,"texture":"#0","tintindex":0},"south":{"uv":[2.25,5.625,2.75,6.875],"rotation":0,"texture":"#0","tintindex":0},"north":{"uv":[2.25,5.625,2.75,6.875],"rotation":0,"texture":"#0","tintindex":0},"west":{"uv":[0.875,7.0,2.125,7.375],"rotation":0,"texture":"#0","tintindex":0},"up":{"uv":[2.25,5.625,2.75,6.875],"rotation":0,"texture":"#0","tintindex":0},"down":{"uv":[2.25,5.625,2.75,6.875],"rotation":0,"texture":"#0","tintindex":0}}},{"from":[7.3569937,3.90621,15.141183],"to":[8.7072735,5.4850607,18.672052],"rotation":{"angle":-22.5,"axis":"x","origin":[8.460705,3.981349,18.278046]},"faces":{"east":{"uv":[0.875,7.0,2.125,7.375],"rotation":0,"texture":"#0","tintindex":0},"south":{"uv":[2.25,5.625,2.75,6.875],"rotation":0,"texture":"#0","tintindex":0},"north":{"uv":[2.25,5.625,2.75,6.875],"rotation":0,"texture":"#0","tintindex":0},"west":{"uv":[0.875,7.0,2.125,7.375],"rotation":0,"texture":"#0","tintindex":0},"up":{"uv":[2.25,5.625,2.75,6.875],"rotation":0,"texture":"#0","tintindex":0},"down":{"uv":[2.25,5.625,2.75,6.875],"rotation":0,"texture":"#0","tintindex":0}}},{"from":[7.4084535,7.2296567,18.775919],"to":[8.598671,8.696116,21.872688],"rotation":{"angle":-45.0,"axis":"x","origin":[5.4981117,5.387824,22.609863]},"faces":{"east":{"uv":[2.625,7.0,1.375,7.375],"rotation":0,"texture":"#0","tintindex":0},"south":{"uv":[2.625,7.0,2.875,7.375],"rotation":0,"texture":"#0","tintindex":0},"north":{"uv":[2.25,5.625,2.75,6.875],"rotation":0,"texture":"#0","tintindex":0},"west":{"uv":[1.375,7.0,2.625,7.375],"rotation":0,"texture":"#0","tintindex":0},"up":{"uv":[2.25,6.125,2.75,7.375],"rotation":0,"texture":"#0","tintindex":0},"down":{"uv":[2.25,7.375,2.75,6.125],"rotation":0,"texture":"#0","tintindex":0}}}],"display":{"head":{"translation":[0.0,-6.4,0.0],"scale":[4.0,4.0,4.0]}}}