{"textures":{"0":"modelengine:entity/astraltiger"},"elements":[{"from":[6.833257,7.2168126,4.5443716],"to":[9.349394,7.965064,7.5430455],"rotation":{"angle":22.5,"axis":"x","origin":[4.704246,5.5148973,8.352048]},"faces":{"east":{"uv":[2.125,0.25,3.125,0.5],"rotation":0,"texture":"#0","tintindex":0},"south":{"uv":[2.125,0.125,2.875,1.125],"rotation":0,"texture":"#0","tintindex":0},"north":{"uv":[2.125,0.125,2.875,1.125],"rotation":0,"texture":"#0","tintindex":0},"west":{"uv":[2.125,0.25,3.125,0.5],"rotation":0,"texture":"#0","tintindex":0},"up":{"uv":[0.875,3.625,1.375,4.25],"rotation":0,"texture":"#0","tintindex":0},"down":{"uv":[6.25,2.0,7.0,3.0],"rotation":0,"texture":"#0","tintindex":0}}},{"from":[6.7397256,7.123281,4.45084],"to":[9.372068,8.058596,5.10556],"rotation":{"angle":22.5,"axis":"x","origin":[4.704246,5.5148973,8.352048]},"faces":{"east":{"uv":[2.125,0.0,2.625,0.5],"rotation":0,"texture":"#0","tintindex":0},"south":{"uv":[2.125,0.125,2.875,0.625],"rotation":0,"texture":"#0","tintindex":0},"north":{"uv":[2.125,0.0,3.125,0.5],"rotation":0,"texture":"#0","tintindex":0},"west":{"uv":[2.125,0.0,2.625,0.5],"rotation":0,"texture":"#0","tintindex":0},"up":{"uv":[2.125,0.125,3.125,0.375],"rotation":0,"texture":"#0","tintindex":0},"down":{"uv":[2.125,0.125,3.125,0.375],"rotation":0,"texture":"#0","tintindex":0}}},{"from":[8.544279,7.9970307,8.119507],"to":[8.898564,8.634745,8.473793],"rotation":{"angle":0.0,"axis":"y","origin":[4.704246,5.5148973,8.352048]},"faces":{"east":{"uv":[1.25,3.625,1.375,3.75],"rotation":0,"texture":"#0","tintindex":0},"south":{"uv":[1.25,3.625,1.375,3.75],"rotation":0,"texture":"#0","tintindex":0},"north":{"uv":[1.25,3.625,1.375,3.75],"rotation":0,"texture":"#0","tintindex":0},"west":{"uv":[1.25,3.625,1.375,3.75],"rotation":0,"texture":"#0","tintindex":0},"up":{"uv":[1.25,3.625,1.375,3.75],"rotation":0,"texture":"#0","tintindex":0},"down":{"uv":[1.25,3.625,1.375,3.75],"rotation":0,"texture":"#0","tintindex":0}}},{"from":[8.544279,8.150992,6.9339457],"to":[8.898564,8.788707,7.288231],"rotation":{"angle":22.5,"axis":"x","origin":[8.030564,8.641278,7.168231]},"faces":{"east":{"uv":[1.25,3.625,1.375,3.75],"rotation":0,"texture":"#0","tintindex":0},"south":{"uv":[1.25,3.625,1.375,3.75],"rotation":0,"texture":"#0","tintindex":0},"north":{"uv":[1.25,3.625,1.375,3.75],"rotation":0,"texture":"#0","tintindex":0},"west":{"uv":[1.25,3.625,1.375,3.75],"rotation":0,"texture":"#0","tintindex":0},"up":{"uv":[1.25,3.625,1.375,3.75],"rotation":0,"texture":"#0","tintindex":0},"down":{"uv":[1.25,3.625,1.375,3.75],"rotation":0,"texture":"#0","tintindex":0}}},{"from":[8.544279,8.093849,7.2768025],"to":[8.898564,8.731564,7.6310883],"rotation":{"angle":22.5,"axis":"x","origin":[8.030564,8.412706,7.568231]},"faces":{"east":{"uv":[1.25,3.625,1.375,3.75],"rotation":0,"texture":"#0","tintindex":0},"south":{"uv":[1.25,3.625,1.375,3.75],"rotation":0,"texture":"#0","tintindex":0},"north":{"uv":[1.25,3.625,1.375,3.75],"rotation":0,"texture":"#0","tintindex":0},"west":{"uv":[1.25,3.625,1.375,3.75],"rotation":0,"texture":"#0","tintindex":0},"up":{"uv":[1.25,3.625,1.375,3.75],"rotation":0,"texture":"#0","tintindex":0},"down":{"uv":[1.25,3.625,1.375,3.75],"rotation":0,"texture":"#0","tintindex":0}}},{"from":[8.544279,8.362097,6.6055264],"to":[8.898564,8.999811,6.959812],"rotation":{"angle":0.0,"axis":"y","origin":[4.704246,5.5148973,8.352048]},"faces":{"east":{"uv":[1.25,3.625,1.375,3.75],"rotation":0,"texture":"#0","tintindex":0},"south":{"uv":[1.25,3.625,1.375,3.75],"rotation":0,"texture":"#0","tintindex":0},"north":{"uv":[1.25,3.625,1.375,3.75],"rotation":0,"texture":"#0","tintindex":0},"west":{"uv":[1.25,3.625,1.375,3.75],"rotation":0,"texture":"#0","tintindex":0},"up":{"uv":[1.25,3.625,1.375,3.75],"rotation":0,"texture":"#0","tintindex":0},"down":{"uv":[1.25,3.625,1.375,3.75],"rotation":0,"texture":"#0","tintindex":0}}},{"from":[8.282564,8.709779,6.180014],"to":[8.530564,9.347493,6.5343],"rotation":{"angle":0.0,"axis":"y","origin":[4.704246,5.5148973,8.352048]},"faces":{"east":{"uv":[1.25,3.625,1.375,3.75],"rotation":0,"texture":"#0","tintindex":0},"south":{"uv":[1.25,3.625,1.375,3.75],"rotation":0,"texture":"#0","tintindex":0},"north":{"uv":[1.25,3.625,1.375,3.75],"rotation":0,"texture":"#0","tintindex":0},"west":{"uv":[1.25,3.625,1.375,3.75],"rotation":0,"texture":"#0","tintindex":0},"up":{"uv":[1.25,3.625,1.375,3.75],"rotation":0,"texture":"#0","tintindex":0},"down":{"uv":[1.25,3.625,1.375,3.75],"rotation":0,"texture":"#0","tintindex":0}}},{"from":[7.9282784,8.709779,6.180014],"to":[8.211707,9.347493,6.5343],"rotation":{"angle":0.0,"axis":"y","origin":[4.704246,5.5148973,8.352048]},"faces":{"east":{"uv":[1.25,3.625,1.375,3.75],"rotation":0,"texture":"#0","tintindex":0},"south":{"uv":[1.25,3.625,1.375,3.75],"rotation":0,"texture":"#0","tintindex":0},"north":{"uv":[1.25,3.625,1.375,3.75],"rotation":0,"texture":"#0","tintindex":0},"west":{"uv":[1.25,3.625,1.375,3.75],"rotation":0,"texture":"#0","tintindex":0},"up":{"uv":[1.25,3.625,1.375,3.75],"rotation":0,"texture":"#0","tintindex":0},"down":{"uv":[1.25,3.625,1.375,3.75],"rotation":0,"texture":"#0","tintindex":0}}},{"from":[7.6094213,8.709779,6.180014],"to":[7.8574214,9.347493,6.5343],"rotation":{"angle":0.0,"axis":"y","origin":[4.704246,5.5148973,8.352048]},"faces":{"east":{"uv":[1.25,3.625,1.375,3.75],"rotation":0,"texture":"#0","tintindex":0},"south":{"uv":[1.25,3.625,1.375,3.75],"rotation":0,"texture":"#0","tintindex":0},"north":{"uv":[1.25,3.625,1.375,3.75],"rotation":0,"texture":"#0","tintindex":0},"west":{"uv":[1.25,3.625,1.375,3.75],"rotation":0,"texture":"#0","tintindex":0},"up":{"uv":[1.25,3.625,1.375,3.75],"rotation":0,"texture":"#0","tintindex":0},"down":{"uv":[1.25,3.625,1.375,3.75],"rotation":0,"texture":"#0","tintindex":0}}},{"from":[8.429993,7.7356496,4.9619665],"to":[8.784279,8.7390785,5.3162518],"rotation":{"angle":22.5,"axis":"x","origin":[4.704246,5.5148973,8.352048]},"faces":{"east":{"uv":[1.25,3.625,1.375,3.75],"rotation":0,"texture":"#0","tintindex":0},"south":{"uv":[1.25,3.625,1.375,3.75],"rotation":0,"texture":"#0","tintindex":0},"north":{"uv":[1.25,3.625,1.375,3.75],"rotation":0,"texture":"#0","tintindex":0},"west":{"uv":[1.25,3.625,1.375,3.75],"rotation":0,"texture":"#0","tintindex":0},"up":{"uv":[1.25,3.625,1.375,3.75],"rotation":0,"texture":"#0","tintindex":0},"down":{"uv":[1.25,3.625,1.375,3.75],"rotation":0,"texture":"#0","tintindex":0}}},{"from":[7.2768497,7.7356496,4.9619665],"to":[7.631136,8.7390785,5.3162518],"rotation":{"angle":22.5,"axis":"x","origin":[4.704246,5.5148973,8.352048]},"faces":{"east":{"uv":[1.25,3.625,1.375,3.75],"rotation":0,"texture":"#0","tintindex":0},"south":{"uv":[1.25,3.625,1.375,3.75],"rotation":0,"texture":"#0","tintindex":0},"north":{"uv":[1.25,3.625,1.375,3.75],"rotation":0,"texture":"#0","tintindex":0},"west":{"uv":[1.25,3.625,1.375,3.75],"rotation":0,"texture":"#0","tintindex":0},"up":{"uv":[1.25,3.625,1.375,3.75],"rotation":0,"texture":"#0","tintindex":0},"down":{"uv":[1.25,3.625,1.375,3.75],"rotation":0,"texture":"#0","tintindex":0}}},{"from":[7.1625643,8.375655,6.572795],"to":[7.51685,9.013369,6.9270806],"rotation":{"angle":0.0,"axis":"y","origin":[4.704246,5.5148973,8.352048]},"faces":{"east":{"uv":[1.25,3.625,1.375,3.75],"rotation":0,"texture":"#0","tintindex":0},"south":{"uv":[1.25,3.625,1.375,3.75],"rotation":0,"texture":"#0","tintindex":0},"north":{"uv":[1.25,3.625,1.375,3.75],"rotation":0,"texture":"#0","tintindex":0},"west":{"uv":[1.25,3.625,1.375,3.75],"rotation":0,"texture":"#0","tintindex":0},"up":{"uv":[1.25,3.625,1.375,3.75],"rotation":0,"texture":"#0","tintindex":0},"down":{"uv":[1.25,3.625,1.375,3.75],"rotation":0,"texture":"#0","tintindex":0}}},{"from":[7.1625643,8.150992,6.9339457],"to":[7.51685,8.788707,7.288231],"rotation":{"angle":22.5,"axis":"x","origin":[8.030564,8.641278,7.168231]},"faces":{"east":{"uv":[1.25,3.625,1.375,3.75],"rotation":0,"texture":"#0","tintindex":0},"south":{"uv":[1.25,3.625,1.375,3.75],"rotation":0,"texture":"#0","tintindex":0},"north":{"uv":[1.25,3.625,1.375,3.75],"rotation":0,"texture":"#0","tintindex":0},"west":{"uv":[1.25,3.625,1.375,3.75],"rotation":0,"texture":"#0","tintindex":0},"up":{"uv":[1.25,3.625,1.375,3.75],"rotation":0,"texture":"#0","tintindex":0},"down":{"uv":[1.25,3.625,1.375,3.75],"rotation":0,"texture":"#0","tintindex":0}}},{"from":[7.1625643,8.093849,7.2768025],"to":[7.51685,8.731564,7.6310883],"rotation":{"angle":22.5,"axis":"x","origin":[8.030564,8.412706,7.568231]},"faces":{"east":{"uv":[1.25,3.625,1.375,3.75],"rotation":0,"texture":"#0","tintindex":0},"south":{"uv":[1.25,3.625,1.375,3.75],"rotation":0,"texture":"#0","tintindex":0},"north":{"uv":[1.25,3.625,1.375,3.75],"rotation":0,"texture":"#0","tintindex":0},"west":{"uv":[1.25,3.625,1.375,3.75],"rotation":0,"texture":"#0","tintindex":0},"up":{"uv":[1.25,3.625,1.375,3.75],"rotation":0,"texture":"#0","tintindex":0},"down":{"uv":[1.25,3.625,1.375,3.75],"rotation":0,"texture":"#0","tintindex":0}}},{"from":[7.1625643,7.9970307,8.119507],"to":[7.51685,8.634745,8.473793],"rotation":{"angle":0.0,"axis":"y","origin":[4.704246,5.5148973,8.352048]},"faces":{"east":{"uv":[1.25,3.625,1.375,3.75],"rotation":0,"texture":"#0","tintindex":0},"south":{"uv":[1.25,3.625,1.375,3.75],"rotation":0,"texture":"#0","tintindex":0},"north":{"uv":[1.25,3.625,1.375,3.75],"rotation":0,"texture":"#0","tintindex":0},"west":{"uv":[1.25,3.625,1.375,3.75],"rotation":0,"texture":"#0","tintindex":0},"up":{"uv":[1.25,3.625,1.375,3.75],"rotation":0,"texture":"#0","tintindex":0},"down":{"uv":[1.25,3.625,1.375,3.75],"rotation":0,"texture":"#0","tintindex":0}}}],"display":{"head":{"translation":[0.0,-6.4,0.0],"scale":[4.0,4.0,4.0]}}}