{"textures":{"0":"modelengine:entity/texture"},"elements":[{"from":[7.1816,7.364543,7.122714],"to":[8.8184,10.340543,8.759514],"rotation":{"angle":0.0,"axis":"y","origin":[8.0,7.102092,8.803278]},"faces":{"east":{"uv":[0.03,5.03,0.97,6.97],"rotation":0,"texture":"#0","tintindex":0},"south":{"uv":[1.53,5.03,2.47,6.97],"rotation":0,"texture":"#0","tintindex":0},"north":{"uv":[4.03,4.03,4.97,5.97],"rotation":0,"texture":"#0","tintindex":0},"west":{"uv":[5.53,4.03,6.47,5.97],"rotation":0,"texture":"#0","tintindex":0},"up":{"uv":[8.97,6.97,8.03,6.03],"rotation":0,"texture":"#0","tintindex":0},"down":{"uv":[7.97,8.03,7.03,8.97],"rotation":0,"texture":"#0","tintindex":0}}}],"display":{"head":{"translation":[0.0,-6.4,0.0],"scale":[4.0,4.0,4.0]}}}