{"textures":{"0":"modelengine:entity/texture"},"elements":[{"from":[7.58832,7.1453247,6.9492035],"to":[8.48112,8.186925,7.8420033],"rotation":{"angle":-22.5,"axis":"x","origin":[8.62992,9.511364,7.537092]},"faces":{"east":{"uv":[1.03,10.03,1.47,10.75],"rotation":0,"texture":"#0","tintindex":0},"south":{"uv":[3.53,10.03,3.97,10.75],"rotation":0,"texture":"#0","tintindex":0},"north":{"uv":[3.03,5.03,3.47,5.75],"rotation":0,"texture":"#0","tintindex":0},"west":{"uv":[4.53,10.03,4.97,10.75],"rotation":0,"texture":"#0","tintindex":0},"up":{"uv":[3.47,11.97,3.03,11.53],"rotation":0,"texture":"#0","tintindex":0},"down":{"uv":[4.47,11.53,4.03,11.97],"rotation":0,"texture":"#0","tintindex":0}}}],"display":{"head":{"translation":[0.0,-6.4,0.0],"scale":[4.0,4.0,4.0]}}}