{"textures":{"0":"modelengine:entity/texture"},"elements":[{"from":[7.78424,8.393994,9.114377],"to":[8.23064,9.435595,9.560777],"rotation":{"angle":45.0,"axis":"x","origin":[8.64728,10.173298,7.3790646]},"faces":{"east":{"uv":[12.03,8.53,12.25,9.25],"rotation":0,"texture":"#0","tintindex":0},"south":{"uv":[9.53,12.03,9.75,12.75],"rotation":0,"texture":"#0","tintindex":0},"north":{"uv":[8.53,12.03,8.75,12.75],"rotation":0,"texture":"#0","tintindex":0},"west":{"uv":[12.03,10.03,12.25,10.75],"rotation":0,"texture":"#0","tintindex":0},"up":{"uv":[13.25,7.25,13.03,7.03],"rotation":0,"texture":"#0","tintindex":0},"down":{"uv":[13.25,8.03,13.03,8.25],"rotation":0,"texture":"#0","tintindex":0}}}],"display":{"head":{"translation":[0.0,-6.4,0.0],"scale":[4.0,4.0,4.0]}}}