{"textures":{"0":"modelengine:entity/texture"},"elements":[{"from":[7.7024,7.765486,7.0048],"to":[8.2976,8.063086,8.1952],"rotation":{"angle":0.0,"axis":"y","origin":[8.65472,10.557537,7.7102523]},"faces":{"east":{"uv":[1.53,12.53,2.25,12.75],"rotation":0,"texture":"#0","tintindex":0},"south":{"uv":[6.03,13.03,6.47,13.25],"rotation":0,"texture":"#0","tintindex":0},"north":{"uv":[13.03,5.03,13.47,5.25],"rotation":0,"texture":"#0","tintindex":0},"west":{"uv":[12.53,2.03,13.25,2.25],"rotation":0,"texture":"#0","tintindex":0},"up":{"uv":[5.97,10.75,5.53,10.03],"rotation":0,"texture":"#0","tintindex":0},"down":{"uv":[10.47,7.53,10.03,8.25],"rotation":0,"texture":"#0","tintindex":0}}}],"display":{"head":{"translation":[0.0,-6.4,0.0],"scale":[4.0,4.0,4.0]}}}