{"textures":{"0":"modelengine:entity/texture"},"elements":[{"from":[7.4792,7.4166856,6.235771],"to":[8.5208,8.011886,8.021372],"rotation":{"angle":0.0,"axis":"y","origin":[8.0,5.9638343,9.701935]},"faces":{"east":{"uv":[8.53,2.03,9.75,2.47],"rotation":0,"texture":"#0","tintindex":0},"south":{"uv":[10.03,1.03,10.75,1.47],"rotation":0,"texture":"#0","tintindex":0},"north":{"uv":[10.03,0.03,10.75,0.47],"rotation":0,"texture":"#0","tintindex":0},"west":{"uv":[0.03,9.03,1.25,9.47],"rotation":0,"texture":"#0","tintindex":0},"up":{"uv":[9.25,1.25,8.53,0.03],"rotation":0,"texture":"#0","tintindex":0},"down":{"uv":[9.25,7.53,8.53,8.75],"rotation":0,"texture":"#0","tintindex":0}}}],"display":{"head":{"translation":[0.0,-6.4,0.0],"scale":[4.0,4.0,4.0]}}}