{"textures":{"0":"modelengine:entity/texture"},"elements":[{"from":[7.8512,6.8818865,7.61212],"to":[8.1488,8.518686,10.88572],"rotation":{"angle":22.5,"axis":"x","origin":[6.6608,7.471941,8.584314]},"faces":{"east":{"uv":[7.97,1.53,6.03,2.47],"rotation":0,"texture":"#0","tintindex":0},"south":{"uv":[11.75,2.53,11.53,3.47],"rotation":0,"texture":"#0","tintindex":0},"north":{"uv":[11.75,1.03,11.53,1.97],"rotation":0,"texture":"#0","tintindex":0},"west":{"uv":[7.97,0.03,6.03,0.97],"rotation":0,"texture":"#0","tintindex":0},"up":{"uv":[7.03,11.47,7.25,9.53],"rotation":0,"texture":"#0","tintindex":0},"down":{"uv":[8.03,9.53,8.25,11.47],"rotation":0,"texture":"#0","tintindex":0}}}],"display":{"head":{"translation":[0.0,-6.4,0.0],"scale":[4.0,4.0,4.0]}}}