{"textures":{"0":"modelengine:entity/texture"},"elements":[{"from":[7.7024,7.765486,7.0048],"to":[8.2976,8.063086,8.1952],"rotation":{"angle":0.0,"axis":"y","origin":[7.3452797,10.557537,7.7102523]},"faces":{"east":{"uv":[13.25,2.03,12.53,2.25],"rotation":0,"texture":"#0","tintindex":0},"south":{"uv":[6.47,13.03,6.03,13.25],"rotation":0,"texture":"#0","tintindex":0},"north":{"uv":[13.47,5.03,13.03,5.25],"rotation":0,"texture":"#0","tintindex":0},"west":{"uv":[2.25,12.53,1.53,12.75],"rotation":0,"texture":"#0","tintindex":0},"up":{"uv":[5.53,10.75,5.97,10.03],"rotation":0,"texture":"#0","tintindex":0},"down":{"uv":[10.03,7.53,10.47,8.25],"rotation":0,"texture":"#0","tintindex":0}}}],"display":{"head":{"translation":[0.0,-6.4,0.0],"scale":[4.0,4.0,4.0]}}}