{"textures":{"0":"modelengine:entity/texture"},"elements":[{"from":[7.1072,8.462717,8.086903],"to":[8.8928,8.909117,9.574903],"rotation":{"angle":22.5,"axis":"x","origin":[8.0,8.522242,6.120448]},"faces":{"east":{"uv":[11.53,4.03,12.47,4.25],"rotation":0,"texture":"#0","tintindex":0},"south":{"uv":[11.03,7.53,12.25,7.75],"rotation":0,"texture":"#0","tintindex":0},"north":{"uv":[11.03,6.53,12.25,6.75],"rotation":0,"texture":"#0","tintindex":0},"west":{"uv":[5.03,11.53,5.97,11.75],"rotation":0,"texture":"#0","tintindex":0},"up":{"uv":[8.25,3.97,7.03,3.03],"rotation":0,"texture":"#0","tintindex":0},"down":{"uv":[8.25,4.53,7.03,5.47],"rotation":0,"texture":"#0","tintindex":0}}},{"from":[7.4048,8.611517,9.574903],"to":[8.5952,8.909117,10.616503],"rotation":{"angle":22.5,"axis":"x","origin":[8.0,8.522242,6.120448]},"faces":{"east":{"uv":[0.03,12.53,0.75,12.75],"rotation":0,"texture":"#0","tintindex":0},"south":{"uv":[12.53,0.03,13.25,0.25],"rotation":0,"texture":"#0","tintindex":0},"north":{"uv":[12.03,11.53,12.75,11.75],"rotation":0,"texture":"#0","tintindex":0},"west":{"uv":[12.53,1.03,13.25,1.25],"rotation":0,"texture":"#0","tintindex":0},"up":{"uv":[2.75,10.25,2.03,9.53],"rotation":0,"texture":"#0","tintindex":0},"down":{"uv":[10.25,6.03,9.53,6.75],"rotation":0,"texture":"#0","tintindex":0}}}],"display":{"head":{"translation":[0.0,-6.4,0.0],"scale":[4.0,4.0,4.0]}}}