{"textures":{"0":"modelengine:entity/texture"},"elements":[{"from":[6.8096,7.7917714,6.3125715],"to":[9.1904,11.0653715,8.544572],"rotation":{"angle":-45.0,"axis":"x","origin":[8.0,9.428572,7.428571]},"faces":{"east":{"uv":[3.47,2.53,2.03,4.47],"rotation":0,"texture":"#0","tintindex":0},"south":{"uv":[0.03,2.53,1.47,4.47],"rotation":0,"texture":"#0","tintindex":0},"north":{"uv":[0.03,0.03,1.47,1.97],"rotation":0,"texture":"#0","tintindex":0},"west":{"uv":[2.03,2.53,3.47,4.47],"rotation":0,"texture":"#0","tintindex":0},"up":{"uv":[5.47,1.47,4.03,0.03],"rotation":0,"texture":"#0","tintindex":0},"down":{"uv":[5.47,2.03,4.03,3.47],"rotation":0,"texture":"#0","tintindex":0}}}],"display":{"head":{"translation":[0.0,-6.4,0.0],"scale":[4.0,4.0,4.0]}}}