{"textures":{"0":"modelengine:entity/texture"},"elements":[{"from":[7.4048,7.916971,5.598857],"to":[8.5952,9.107371,7.979657],"rotation":{"angle":0.0,"axis":"y","origin":[8.0,5.8689203,9.66022]},"faces":{"east":{"uv":[0.03,7.53,1.47,8.25],"rotation":0,"texture":"#0","tintindex":0},"south":{"uv":[9.03,4.53,9.75,5.25],"rotation":0,"texture":"#0","tintindex":0},"north":{"uv":[9.03,3.03,9.75,3.75],"rotation":0,"texture":"#0","tintindex":0},"west":{"uv":[2.03,8.03,3.47,8.75],"rotation":0,"texture":"#0","tintindex":0},"up":{"uv":[4.75,9.47,4.03,8.03],"rotation":0,"texture":"#0","tintindex":0},"down":{"uv":[6.25,8.03,5.53,9.47],"rotation":0,"texture":"#0","tintindex":0}}},{"from":[7.5536,7.1729712,5.598857],"to":[8.4464,7.916971,6.194057],"rotation":{"angle":0.0,"axis":"y","origin":[8.0,5.8689203,9.66022]},"faces":{"east":{"uv":[11.03,8.53,11.47,8.97],"rotation":0,"texture":"#0","tintindex":0},"south":{"uv":[11.03,9.53,11.47,9.97],"rotation":0,"texture":"#0","tintindex":0},"north":{"uv":[6.03,3.03,6.47,3.47],"rotation":0,"texture":"#0","tintindex":0},"west":{"uv":[11.03,10.53,11.47,10.97],"rotation":0,"texture":"#0","tintindex":0},"up":{"uv":[11.97,0.47,11.53,0.03],"rotation":0,"texture":"#0","tintindex":0},"down":{"uv":[1.47,11.53,1.03,11.97],"rotation":0,"texture":"#0","tintindex":0}}}],"display":{"head":{"translation":[0.0,-6.4,0.0],"scale":[4.0,4.0,4.0]}}}