{"textures":{"0":"modelengine:entity/toffynocsy_owl_lvl2"},"elements":[{"from":[7.714286,8.141837,5.630951],"to":[8.285714,9.284695,6.2023797],"rotation":{"angle":45.0,"axis":"y","origin":[8.0,8.713266,5.916665]},"faces":{"east":{"uv":[7.5,5.875,7.625,6.125],"rotation":0,"texture":"#0","tintindex":0},"south":{"uv":[0.75,10.25,0.875,10.5],"rotation":0,"texture":"#0","tintindex":0},"north":{"uv":[3.75,6.375,3.875,6.625],"rotation":0,"texture":"#0","tintindex":0},"west":{"uv":[8.875,10.25,9.0,10.5],"rotation":0,"texture":"#0","tintindex":0},"up":{"uv":[7.75,1.25,7.625,1.125],"rotation":0,"texture":"#0","tintindex":0},"down":{"uv":[10.0,6.625,9.875,6.75],"rotation":0,"texture":"#0","tintindex":0}}},{"from":[5.714286,8.0,6.0],"to":[10.285714,12.571428,10.571428],"rotation":{"angle":0.0,"axis":"y","origin":[8.0,8.0,8.571428]},"faces":{"east":{"uv":[3.75,6.75,4.75,7.75],"rotation":0,"texture":"#0","tintindex":0},"south":{"uv":[0.0,6.875,1.0,7.875],"rotation":0,"texture":"#0","tintindex":0},"north":{"uv":[6.625,6.25,7.625,7.25],"rotation":0,"texture":"#0","tintindex":0},"west":{"uv":[7.0,3.625,8.0,4.625],"rotation":0,"texture":"#0","tintindex":0},"up":{"uv":[8.0,5.75,7.0,4.75],"rotation":0,"texture":"#0","tintindex":0},"down":{"uv":[8.375,0.0,7.375,1.0],"rotation":0,"texture":"#0","tintindex":0}}},{"from":[6.1,8.828571,5.9714284],"to":[7.385714,10.114286,5.9714284],"rotation":{"angle":0.0,"axis":"y","origin":[8.0,8.0,8.571428]},"faces":{"east":{"uv":[5.5,3.875,5.5,4.125],"rotation":0,"texture":"#0","tintindex":0},"south":{"uv":[10.125,2.375,10.375,2.625],"rotation":0,"texture":"#0","tintindex":0},"north":{"uv":[10.0,8.875,10.25,9.125],"rotation":0,"texture":"#0","tintindex":0},"west":{"uv":[7.75,7.0,7.75,7.25],"rotation":0,"texture":"#0","tintindex":0},"up":{"uv":[5.125,7.25,4.875,7.25],"rotation":0,"texture":"#0","tintindex":0},"down":{"uv":[8.625,3.5,8.375,3.5],"rotation":0,"texture":"#0","tintindex":0}}},{"from":[8.6285715,8.828571,5.9714284],"to":[9.914286,10.114286,5.9714284],"rotation":{"angle":0.0,"axis":"y","origin":[8.0,8.0,8.571428]},"faces":{"east":{"uv":[4.75,8.625,4.75,8.875],"rotation":0,"texture":"#0","tintindex":0},"south":{"uv":[10.125,4.625,10.375,4.875],"rotation":0,"texture":"#0","tintindex":0},"north":{"uv":[10.125,4.25,10.375,4.5],"rotation":0,"texture":"#0","tintindex":0},"west":{"uv":[3.0,9.125,3.0,9.375],"rotation":0,"texture":"#0","tintindex":0},"up":{"uv":[7.5,8.375,7.25,8.375],"rotation":0,"texture":"#0","tintindex":0},"down":{"uv":[8.875,6.875,8.625,6.875],"rotation":0,"texture":"#0","tintindex":0}}},{"from":[8.685715,9.114285,5.957143],"to":[9.542857,9.971429,5.957143],"rotation":{"angle":0.0,"axis":"y","origin":[8.0,8.0,8.571428]},"faces":{"east":{"uv":[4.75,9.0,4.75,9.125],"rotation":0,"texture":"#0","tintindex":0},"south":{"uv":[6.875,1.125,7.125,1.25],"rotation":0,"texture":"#0","tintindex":0},"north":{"uv":[6.625,3.625,6.875,3.75],"rotation":0,"texture":"#0","tintindex":0},"west":{"uv":[9.125,2.375,9.125,2.5],"rotation":0,"texture":"#0","tintindex":0},"up":{"uv":[9.0,3.5,8.75,3.5],"rotation":0,"texture":"#0","tintindex":0},"down":{"uv":[9.375,5.75,9.125,5.75],"rotation":0,"texture":"#0","tintindex":0}}},{"from":[8.785714,9.6,5.928571],"to":[9.071428,9.885715,5.928571],"rotation":{"angle":0.0,"axis":"y","origin":[8.0,8.0,8.571428]},"faces":{"east":{"uv":[10.375,5.75,10.375,5.875],"rotation":0,"texture":"#0","tintindex":0},"south":{"uv":[10.375,0.25,10.5,0.375],"rotation":0,"texture":"#0","tintindex":0},"north":{"uv":[10.375,0.0,10.5,0.125],"rotation":0,"texture":"#0","tintindex":0},"west":{"uv":[6.875,10.375,6.875,10.5],"rotation":0,"texture":"#0","tintindex":0},"up":{"uv":[5.5,6.125,5.375,6.125],"rotation":0,"texture":"#0","tintindex":0},"down":{"uv":[7.75,8.375,7.625,8.375],"rotation":0,"texture":"#0","tintindex":0}}},{"from":[6.6,9.585714,5.928571],"to":[6.885714,9.8714285,5.928571],"rotation":{"angle":0.0,"axis":"y","origin":[8.0,8.0,8.571428]},"faces":{"east":{"uv":[10.375,7.75,10.375,7.875],"rotation":0,"texture":"#0","tintindex":0},"south":{"uv":[1.0,10.375,1.125,10.5],"rotation":0,"texture":"#0","tintindex":0},"north":{"uv":[10.375,0.5,10.5,0.625],"rotation":0,"texture":"#0","tintindex":0},"west":{"uv":[10.375,8.0,10.375,8.125],"rotation":0,"texture":"#0","tintindex":0},"up":{"uv":[8.25,9.25,8.125,9.25],"rotation":0,"texture":"#0","tintindex":0},"down":{"uv":[8.5,9.25,8.375,9.25],"rotation":0,"texture":"#0","tintindex":0}}},{"from":[6.485714,9.114285,5.957143],"to":[7.3428574,9.971429,5.957143],"rotation":{"angle":0.0,"axis":"y","origin":[8.0,8.0,8.571428]},"faces":{"east":{"uv":[10.375,8.875,10.375,9.0],"rotation":0,"texture":"#0","tintindex":0},"south":{"uv":[1.125,7.375,1.375,7.5],"rotation":0,"texture":"#0","tintindex":0},"north":{"uv":[7.25,1.125,7.5,1.25],"rotation":0,"texture":"#0","tintindex":0},"west":{"uv":[10.375,9.375,10.375,9.5],"rotation":0,"texture":"#0","tintindex":0},"up":{"uv":[2.875,9.5,2.625,9.5],"rotation":0,"texture":"#0","tintindex":0},"down":{"uv":[9.75,5.75,9.5,5.75],"rotation":0,"texture":"#0","tintindex":0}}},{"from":[8.318337,9.335993,5.528571],"to":[12.889767,12.193136,5.528571],"rotation":{"angle":-22.5,"axis":"x","origin":[9.604052,11.2645645,5.8571424]},"faces":{"east":{"uv":[3.625,8.75,3.625,9.375],"rotation":0,"texture":"#0","tintindex":0},"south":{"uv":[0.0,8.0,1.0,8.625],"rotation":0,"texture":"#0","tintindex":0},"north":{"uv":[3.75,7.875,4.75,8.5],"rotation":0,"texture":"#0","tintindex":0},"west":{"uv":[6.75,10.375,6.75,11.0],"rotation":0,"texture":"#0","tintindex":0},"up":{"uv":[10.25,5.0,9.25,5.0],"rotation":0,"texture":"#0","tintindex":0},"down":{"uv":[11.0,9.25,10.0,9.25],"rotation":0,"texture":"#0","tintindex":0}}},{"from":[3.1102338,9.335993,5.528571],"to":[7.6816626,12.193136,5.528571],"rotation":{"angle":-22.5,"axis":"x","origin":[6.3959484,11.2645645,5.8571424]},"faces":{"east":{"uv":[10.5,2.0,10.5,2.625],"rotation":0,"texture":"#0","tintindex":0},"south":{"uv":[8.125,4.375,9.125,5.0],"rotation":0,"texture":"#0","tintindex":0},"north":{"uv":[8.125,3.625,9.125,4.25],"rotation":0,"texture":"#0","tintindex":0},"west":{"uv":[2.5,10.5,2.5,11.125],"rotation":0,"texture":"#0","tintindex":0},"up":{"uv":[11.125,2.75,10.125,2.75],"rotation":0,"texture":"#0","tintindex":0},"down":{"uv":[11.25,1.5,10.25,1.5],"rotation":0,"texture":"#0","tintindex":0}}},{"from":[5.5143604,7.8714285,10.410228],"to":[8.914361,8.985714,11.553085],"rotation":{"angle":-22.5,"axis":"y","origin":[8.371504,8.428572,9.267371]},"faces":{"east":{"uv":[10.25,1.125,10.5,1.375],"rotation":0,"texture":"#0","tintindex":0},"south":{"uv":[2.625,9.625,3.375,9.875],"rotation":0,"texture":"#0","tintindex":0},"north":{"uv":[1.75,9.5,2.5,9.75],"rotation":0,"texture":"#0","tintindex":0},"west":{"uv":[10.25,3.875,10.5,4.125],"rotation":0,"texture":"#0","tintindex":0},"up":{"uv":[5.5,9.875,4.75,9.625],"rotation":0,"texture":"#0","tintindex":0},"down":{"uv":[7.25,9.625,6.5,9.875],"rotation":0,"texture":"#0","tintindex":0}}},{"from":[4.8571424,7.857143,6.285714],"to":[11.142858,9.0,10.285714],"rotation":{"angle":0.0,"axis":"y","origin":[8.0,8.428572,8.571428]},"faces":{"east":{"uv":[4.5,3.875,5.375,4.125],"rotation":0,"texture":"#0","tintindex":0},"south":{"uv":[9.125,1.625,10.5,1.875],"rotation":0,"texture":"#0","tintindex":0},"north":{"uv":[1.5,9.125,2.875,9.375],"rotation":0,"texture":"#0","tintindex":0},"west":{"uv":[9.25,3.875,10.125,4.125],"rotation":0,"texture":"#0","tintindex":0},"up":{"uv":[1.375,6.75,0.0,5.875],"rotation":0,"texture":"#0","tintindex":0},"down":{"uv":[7.25,2.625,5.875,3.5],"rotation":0,"texture":"#0","tintindex":0}}},{"from":[7.085639,7.8714285,5.0183434],"to":[10.48564,8.985714,6.1612005],"rotation":{"angle":-22.5,"axis":"y","origin":[7.628496,8.428572,7.3040576]},"faces":{"east":{"uv":[8.125,10.125,8.375,10.375],"rotation":0,"texture":"#0","tintindex":0},"south":{"uv":[9.25,4.625,10.0,4.875],"rotation":0,"texture":"#0","tintindex":0},"north":{"uv":[9.25,4.25,10.0,4.5],"rotation":0,"texture":"#0","tintindex":0},"west":{"uv":[10.125,8.5,10.375,8.75],"rotation":0,"texture":"#0","tintindex":0},"up":{"uv":[5.5,9.5,4.75,9.25],"rotation":0,"texture":"#0","tintindex":0},"down":{"uv":[8.0,9.25,7.25,9.5],"rotation":0,"texture":"#0","tintindex":0}}},{"from":[5.5143604,7.8714285,5.0183434],"to":[8.914361,8.985714,6.1612005],"rotation":{"angle":22.5,"axis":"y","origin":[8.371504,8.428572,7.3040576]},"faces":{"east":{"uv":[10.125,9.75,10.375,10.0],"rotation":0,"texture":"#0","tintindex":0},"south":{"uv":[5.625,9.375,6.375,9.625],"rotation":0,"texture":"#0","tintindex":0},"north":{"uv":[9.25,8.5,10.0,8.75],"rotation":0,"texture":"#0","tintindex":0},"west":{"uv":[10.125,10.125,10.375,10.375],"rotation":0,"texture":"#0","tintindex":0},"up":{"uv":[8.875,9.625,8.125,9.375],"rotation":0,"texture":"#0","tintindex":0},"down":{"uv":[9.75,9.375,9.0,9.625],"rotation":0,"texture":"#0","tintindex":0}}},{"from":[7.085639,7.8714285,10.410228],"to":[10.48564,8.985714,11.553085],"rotation":{"angle":22.5,"axis":"y","origin":[7.628496,8.428572,9.267371]},"faces":{"east":{"uv":[0.0,10.25,0.25,10.5],"rotation":0,"texture":"#0","tintindex":0},"south":{"uv":[9.5,0.0,10.25,0.25],"rotation":0,"texture":"#0","tintindex":0},"north":{"uv":[0.0,9.5,0.75,9.75],"rotation":0,"texture":"#0","tintindex":0},"west":{"uv":[0.375,10.25,0.625,10.5],"rotation":0,"texture":"#0","tintindex":0},"up":{"uv":[10.25,0.625,9.5,0.375],"rotation":0,"texture":"#0","tintindex":0},"down":{"uv":[1.625,9.5,0.875,9.75],"rotation":0,"texture":"#0","tintindex":0}}},{"from":[5.428571,11.142858,5.285714],"to":[10.571428,12.857143,9.857143],"rotation":{"angle":0.0,"axis":"y","origin":[8.0,9.142858,7.428571]},"faces":{"east":{"uv":[8.875,8.875,9.875,9.25],"rotation":0,"texture":"#0","tintindex":0},"south":{"uv":[8.625,6.375,9.75,6.75],"rotation":0,"texture":"#0","tintindex":0},"north":{"uv":[8.625,5.875,9.75,6.25],"rotation":0,"texture":"#0","tintindex":0},"west":{"uv":[9.125,1.125,10.125,1.5],"rotation":0,"texture":"#0","tintindex":0},"up":{"uv":[7.25,1.0,6.125,0.0],"rotation":0,"texture":"#0","tintindex":0},"down":{"uv":[6.5,6.25,5.375,7.25],"rotation":0,"texture":"#0","tintindex":0}}},{"from":[5.428571,8.285714,8.142858],"to":[10.571428,11.142858,11.0],"rotation":{"angle":0.0,"axis":"y","origin":[8.0,9.142858,7.428571]},"faces":{"east":{"uv":[0.0,8.75,0.625,9.375],"rotation":0,"texture":"#0","tintindex":0},"south":{"uv":[7.875,1.875,9.0,2.5],"rotation":0,"texture":"#0","tintindex":0},"north":{"uv":[7.875,1.125,9.0,1.75],"rotation":0,"texture":"#0","tintindex":0},"west":{"uv":[0.75,8.75,1.375,9.375],"rotation":0,"texture":"#0","tintindex":0},"up":{"uv":[9.0,7.625,7.875,7.0],"rotation":0,"texture":"#0","tintindex":0},"down":{"uv":[9.0,7.75,7.875,8.375],"rotation":0,"texture":"#0","tintindex":0}}},{"from":[5.428571,6.5714283,5.3],"to":[7.142857,11.714286,5.3],"rotation":{"angle":0.0,"axis":"y","origin":[8.0,9.714286,7.4428573]},"faces":{"east":{"uv":[4.875,10.5,4.875,11.625],"rotation":0,"texture":"#0","tintindex":0},"south":{"uv":[4.25,8.625,4.625,9.75],"rotation":0,"texture":"#0","tintindex":0},"north":{"uv":[3.75,8.625,4.125,9.75],"rotation":0,"texture":"#0","tintindex":0},"west":{"uv":[5.0,10.5,5.0,11.625],"rotation":0,"texture":"#0","tintindex":0},"up":{"uv":[10.875,0.875,10.5,0.875],"rotation":0,"texture":"#0","tintindex":0},"down":{"uv":[10.875,1.0,10.5,1.0],"rotation":0,"texture":"#0","tintindex":0}}}],"display":{"head":{"translation":[0.0,-6.4,0.0],"scale":[4.0,4.0,4.0]}}}