{"textures":{"0":"modelengine:entity/toffynocsy_owl_lvl2"},"elements":[{"from":[3.4285712,5.428571,7.428571],"to":[12.0,6.0,8.571428],"rotation":{"angle":0.0,"axis":"y","origin":[11.428572,5.428571,8.0]},"faces":{"east":{"uv":[6.5,9.375,6.75,9.5],"rotation":0,"texture":"#0","tintindex":0},"south":{"uv":[9.25,3.625,11.125,3.75],"rotation":0,"texture":"#0","tintindex":0},"north":{"uv":[9.25,3.375,11.125,3.5],"rotation":0,"texture":"#0","tintindex":0},"west":{"uv":[6.875,9.375,7.125,9.5],"rotation":0,"texture":"#0","tintindex":0},"up":{"uv":[10.375,1.0,8.5,0.75],"rotation":0,"texture":"#0","tintindex":0},"down":{"uv":[9.125,8.5,7.25,8.75],"rotation":0,"texture":"#0","tintindex":0}}},{"from":[12.0,5.142857,7.142857],"to":[12.571428,6.285714,8.857143],"rotation":{"angle":0.0,"axis":"y","origin":[11.428572,5.428571,8.0]},"faces":{"east":{"uv":[7.0,5.875,7.375,6.125],"rotation":0,"texture":"#0","tintindex":0},"south":{"uv":[9.375,10.25,9.5,10.5],"rotation":0,"texture":"#0","tintindex":0},"north":{"uv":[9.125,10.25,9.25,10.5],"rotation":0,"texture":"#0","tintindex":0},"west":{"uv":[9.625,7.375,10.0,7.625],"rotation":0,"texture":"#0","tintindex":0},"up":{"uv":[5.5,6.0,5.375,5.625],"rotation":0,"texture":"#0","tintindex":0},"down":{"uv":[3.375,10.0,3.25,10.375],"rotation":0,"texture":"#0","tintindex":0}}},{"from":[12.571428,5.428571,8.0],"to":[22.285715,6.0,8.571428],"rotation":{"angle":0.0,"axis":"y","origin":[11.428572,5.428571,8.0]},"faces":{"east":{"uv":[1.25,10.375,1.375,10.5],"rotation":0,"texture":"#0","tintindex":0},"south":{"uv":[9.125,8.25,11.25,8.375],"rotation":0,"texture":"#0","tintindex":0},"north":{"uv":[9.125,5.5,11.25,5.625],"rotation":0,"texture":"#0","tintindex":0},"west":{"uv":[1.5,10.375,1.625,10.5],"rotation":0,"texture":"#0","tintindex":0},"up":{"uv":[11.375,3.0,9.25,2.875],"rotation":0,"texture":"#0","tintindex":0},"down":{"uv":[11.375,3.125,9.25,3.25],"rotation":0,"texture":"#0","tintindex":0}}},{"from":[12.571428,5.714286,7.428571],"to":[27.428572,5.714286,9.714286],"rotation":{"angle":0.0,"axis":"y","origin":[11.428572,5.428571,8.0]},"faces":{"east":{"uv":[10.375,5.0,10.875,5.0],"rotation":0,"texture":"#0","tintindex":0},"south":{"uv":[10.375,6.0,13.625,6.0],"rotation":0,"texture":"#0","tintindex":0},"north":{"uv":[10.25,6.5,13.5,6.5],"rotation":0,"texture":"#0","tintindex":0},"west":{"uv":[10.375,9.125,10.875,9.125],"rotation":0,"texture":"#0","tintindex":0},"up":{"uv":[7.75,1.875,4.5,1.375],"rotation":0,"texture":"#0","tintindex":0},"down":{"uv":[7.75,2.0,4.5,2.5],"rotation":0,"texture":"#0","tintindex":0}}},{"from":[8.285714,5.142857,7.142857],"to":[9.428572,6.285714,8.857143],"rotation":{"angle":-22.5,"axis":"x","origin":[8.857143,5.5714283,8.0]},"faces":{"east":{"uv":[0.0,9.875,0.375,10.125],"rotation":0,"texture":"#0","tintindex":0},"south":{"uv":[10.125,7.375,10.375,7.625],"rotation":0,"texture":"#0","tintindex":0},"north":{"uv":[10.125,7.0,10.375,7.25],"rotation":0,"texture":"#0","tintindex":0},"west":{"uv":[0.5,9.875,0.875,10.125],"rotation":0,"texture":"#0","tintindex":0},"up":{"uv":[1.25,10.25,1.0,9.875],"rotation":0,"texture":"#0","tintindex":0},"down":{"uv":[1.625,9.875,1.375,10.25],"rotation":0,"texture":"#0","tintindex":0}}},{"from":[9.571428,4.714286,7.142857],"to":[10.714286,6.428571,8.857143],"rotation":{"angle":22.5,"axis":"x","origin":[10.142858,5.8571424,8.0]},"faces":{"east":{"uv":[2.0,3.75,2.375,4.125],"rotation":0,"texture":"#0","tintindex":0},"south":{"uv":[9.0,9.75,9.25,10.125],"rotation":0,"texture":"#0","tintindex":0},"north":{"uv":[8.625,9.75,8.875,10.125],"rotation":0,"texture":"#0","tintindex":0},"west":{"uv":[1.5,5.875,1.875,6.25],"rotation":0,"texture":"#0","tintindex":0},"up":{"uv":[9.625,10.125,9.375,9.75],"rotation":0,"texture":"#0","tintindex":0},"down":{"uv":[10.0,9.75,9.75,10.125],"rotation":0,"texture":"#0","tintindex":0}}},{"from":[10.714286,5.142857,7.142857],"to":[11.857143,6.285714,8.857143],"rotation":{"angle":-22.5,"axis":"x","origin":[11.285714,5.714286,8.0]},"faces":{"east":{"uv":[5.625,9.75,6.0,10.0],"rotation":0,"texture":"#0","tintindex":0},"south":{"uv":[10.125,6.625,10.375,6.875],"rotation":0,"texture":"#0","tintindex":0},"north":{"uv":[5.625,10.125,5.875,10.375],"rotation":0,"texture":"#0","tintindex":0},"west":{"uv":[8.125,9.75,8.5,10.0],"rotation":0,"texture":"#0","tintindex":0},"up":{"uv":[1.375,7.25,1.125,6.875],"rotation":0,"texture":"#0","tintindex":0},"down":{"uv":[6.375,9.75,6.125,10.125],"rotation":0,"texture":"#0","tintindex":0}}},{"from":[4.142857,5.142857,7.142857],"to":[5.285714,6.285714,8.857143],"rotation":{"angle":-22.5,"axis":"x","origin":[4.714286,5.5714283,8.0]},"faces":{"east":{"uv":[9.875,9.375,10.25,9.625],"rotation":0,"texture":"#0","tintindex":0},"south":{"uv":[8.5,10.25,8.75,10.5],"rotation":0,"texture":"#0","tintindex":0},"north":{"uv":[10.25,6.125,10.5,6.375],"rotation":0,"texture":"#0","tintindex":0},"west":{"uv":[6.5,10.0,6.875,10.25],"rotation":0,"texture":"#0","tintindex":0},"up":{"uv":[7.25,10.375,7.0,10.0],"rotation":0,"texture":"#0","tintindex":0},"down":{"uv":[10.25,7.75,10.0,8.125],"rotation":0,"texture":"#0","tintindex":0}}},{"from":[5.428571,4.714286,7.142857],"to":[6.5714283,6.428571,8.857143],"rotation":{"angle":22.5,"axis":"x","origin":[6.0,5.8571424,8.0]},"faces":{"east":{"uv":[4.875,6.75,5.25,7.125],"rotation":0,"texture":"#0","tintindex":0},"south":{"uv":[4.5,10.0,4.75,10.375],"rotation":0,"texture":"#0","tintindex":0},"north":{"uv":[2.875,10.0,3.125,10.375],"rotation":0,"texture":"#0","tintindex":0},"west":{"uv":[9.625,6.875,10.0,7.25],"rotation":0,"texture":"#0","tintindex":0},"up":{"uv":[5.125,10.375,4.875,10.0],"rotation":0,"texture":"#0","tintindex":0},"down":{"uv":[5.5,10.0,5.25,10.375],"rotation":0,"texture":"#0","tintindex":0}}},{"from":[6.5714283,5.142857,7.142857],"to":[7.714286,6.285714,8.857143],"rotation":{"angle":-22.5,"axis":"x","origin":[7.142857,5.714286,8.0]},"faces":{"east":{"uv":[4.0,9.875,4.375,10.125],"rotation":0,"texture":"#0","tintindex":0},"south":{"uv":[6.0,10.25,6.25,10.5],"rotation":0,"texture":"#0","tintindex":0},"north":{"uv":[4.0,10.25,4.25,10.5],"rotation":0,"texture":"#0","tintindex":0},"west":{"uv":[9.875,5.75,10.25,6.0],"rotation":0,"texture":"#0","tintindex":0},"up":{"uv":[10.125,6.5,9.875,6.125],"rotation":0,"texture":"#0","tintindex":0},"down":{"uv":[2.75,10.0,2.5,10.375],"rotation":0,"texture":"#0","tintindex":0}}}],"display":{"head":{"translation":[0.0,-6.4,0.0],"scale":[4.0,4.0,4.0]}}}