{"textures":{"0":"modelengine:entity/toffynocsy_owl_lvl2"},"elements":[{"from":[6.285714,5.428571,8.714286],"to":[9.714286,8.857143,10.428572],"rotation":{"angle":-45.0,"axis":"x","origin":[8.0,6.285714,9.571428]},"faces":{"east":{"uv":[3.125,8.75,3.5,9.5],"rotation":0,"texture":"#0","tintindex":0},"south":{"uv":[4.875,8.375,5.625,9.125],"rotation":0,"texture":"#0","tintindex":0},"north":{"uv":[8.375,2.625,9.125,3.375],"rotation":0,"texture":"#0","tintindex":0},"west":{"uv":[9.125,6.875,9.5,7.625],"rotation":0,"texture":"#0","tintindex":0},"up":{"uv":[9.875,8.125,9.125,7.75],"rotation":0,"texture":"#0","tintindex":0},"down":{"uv":[10.0,2.375,9.25,2.75],"rotation":0,"texture":"#0","tintindex":0}}},{"from":[2.5714283,0.28571415,9.571428],"to":[13.428572,8.285714,9.571428],"rotation":{"angle":-45.0,"axis":"x","origin":[8.0,6.285714,9.571428]},"faces":{"east":{"uv":[2.625,10.5,2.625,12.25],"rotation":0,"texture":"#0","tintindex":0},"south":{"uv":[0.0,1.875,2.375,3.625],"rotation":0,"texture":"#0","tintindex":0},"north":{"uv":[0.0,0.0,2.375,1.75],"rotation":0,"texture":"#0","tintindex":0},"west":{"uv":[2.75,10.5,2.75,12.25],"rotation":0,"texture":"#0","tintindex":0},"up":{"uv":[12.75,9.625,10.375,9.625],"rotation":0,"texture":"#0","tintindex":0},"down":{"uv":[12.875,0.75,10.5,0.75],"rotation":0,"texture":"#0","tintindex":0}}}],"display":{"head":{"translation":[0.0,-6.4,0.0],"scale":[4.0,4.0,4.0]}}}