{"textures":{"0":"modelengine:entity/toffynocsy_owl_lvl2"},"elements":[{"from":[4.534982,9.296887,5.0913143],"to":[11.392125,10.439745,10.8056],"rotation":{"angle":22.5,"axis":"z","origin":[7.963554,10.15403,7.9484577]},"faces":{"east":{"uv":[9.125,2.0,10.375,2.25],"rotation":0,"texture":"#0","tintindex":0},"south":{"uv":[7.25,8.875,8.75,9.125],"rotation":0,"texture":"#0","tintindex":0},"north":{"uv":[1.5,8.75,3.0,9.0],"rotation":0,"texture":"#0","tintindex":0},"west":{"uv":[9.125,5.125,10.375,5.375],"rotation":0,"texture":"#0","tintindex":0},"up":{"uv":[5.5,5.5,4.0,4.25],"rotation":0,"texture":"#0","tintindex":0},"down":{"uv":[6.0,0.0,4.5,1.25],"rotation":0,"texture":"#0","tintindex":0}}},{"from":[5.106411,6.15403,5.662743],"to":[10.820697,11.296887,10.234172],"rotation":{"angle":0.0,"axis":"y","origin":[7.963554,-0.1316843,7.9484577]},"faces":{"east":{"uv":[1.5,6.375,2.5,7.5],"rotation":0,"texture":"#0","tintindex":0},"south":{"uv":[5.625,3.875,6.875,5.0],"rotation":0,"texture":"#0","tintindex":0},"north":{"uv":[4.5,2.625,5.75,3.75],"rotation":0,"texture":"#0","tintindex":0},"west":{"uv":[2.625,6.375,3.625,7.5],"rotation":0,"texture":"#0","tintindex":0},"up":{"uv":[5.25,6.625,4.0,5.625],"rotation":0,"texture":"#0","tintindex":0},"down":{"uv":[6.875,5.125,5.625,6.125],"rotation":0,"texture":"#0","tintindex":0}}},{"from":[5.963554,3.2968874,6.8056],"to":[9.963554,7.2968874,9.662744],"rotation":{"angle":-22.5,"axis":"x","origin":[7.963554,5.011173,7.9484577]},"faces":{"east":{"uv":[5.75,8.375,6.375,9.25],"rotation":0,"texture":"#0","tintindex":0},"south":{"uv":[6.875,7.375,7.75,8.25],"rotation":0,"texture":"#0","tintindex":0},"north":{"uv":[5.875,7.375,6.75,8.25],"rotation":0,"texture":"#0","tintindex":0},"west":{"uv":[6.5,8.375,7.125,9.25],"rotation":0,"texture":"#0","tintindex":0},"up":{"uv":[9.0,5.75,8.125,5.125],"rotation":0,"texture":"#0","tintindex":0},"down":{"uv":[9.375,0.0,8.5,0.625],"rotation":0,"texture":"#0","tintindex":0}}}],"display":{"head":{"translation":[0.0,-6.4,0.0],"scale":[4.0,4.0,4.0]}}}