{"textures":{"0":"modelengine:entity/toffynocsy_owl_lvl2"},"elements":[{"from":[7.428571,3.7142854,6.285714],"to":[8.0,8.285714,9.714286],"rotation":{"angle":0.0,"axis":"y","origin":[10.857143,2.5714283,8.0]},"faces":{"east":{"uv":[2.875,7.625,3.625,8.625],"rotation":0,"texture":"#0","tintindex":0},"south":{"uv":[7.875,9.625,8.0,10.625],"rotation":0,"texture":"#0","tintindex":0},"north":{"uv":[7.625,9.625,7.75,10.625],"rotation":0,"texture":"#0","tintindex":0},"west":{"uv":[7.75,5.875,8.5,6.875],"rotation":0,"texture":"#0","tintindex":0},"up":{"uv":[2.375,10.625,2.25,9.875],"rotation":0,"texture":"#0","tintindex":0},"down":{"uv":[3.875,9.875,3.75,10.625],"rotation":0,"texture":"#0","tintindex":0}}},{"from":[7.714286,-1.4285717,4.0],"to":[7.714286,7.714286,12.571428],"rotation":{"angle":0.0,"axis":"y","origin":[10.857143,2.5714283,8.0]},"faces":{"east":{"uv":[0.0,3.75,1.875,5.75],"rotation":0,"texture":"#0","tintindex":0},"south":{"uv":[4.5,10.5,4.5,12.5],"rotation":0,"texture":"#0","tintindex":0},"north":{"uv":[3.375,10.5,3.375,12.5],"rotation":0,"texture":"#0","tintindex":0},"west":{"uv":[2.0,4.25,3.875,6.25],"rotation":0,"texture":"#0","tintindex":0},"up":{"uv":[4.625,12.375,4.625,10.5],"rotation":0,"texture":"#0","tintindex":0},"down":{"uv":[4.75,10.5,4.75,12.375],"rotation":0,"texture":"#0","tintindex":0}}}],"display":{"head":{"translation":[0.0,-6.4,0.0],"scale":[4.0,4.0,4.0]}}}