{"textures":{"0":"modelengine:entity/toffynocsy_owl_lvl2"},"elements":[{"from":[8.0,3.7142854,6.285714],"to":[8.571428,8.285714,9.714286],"rotation":{"angle":0.0,"axis":"y","origin":[5.142857,2.5714283,8.0]},"faces":{"east":{"uv":[1.125,7.625,1.875,8.625],"rotation":0,"texture":"#0","tintindex":0},"south":{"uv":[7.375,9.625,7.5,10.625],"rotation":0,"texture":"#0","tintindex":0},"north":{"uv":[3.5,9.625,3.625,10.625],"rotation":0,"texture":"#0","tintindex":0},"west":{"uv":[2.0,7.625,2.75,8.625],"rotation":0,"texture":"#0","tintindex":0},"up":{"uv":[1.875,10.625,1.75,9.875],"rotation":0,"texture":"#0","tintindex":0},"down":{"uv":[2.125,9.875,2.0,10.625],"rotation":0,"texture":"#0","tintindex":0}}},{"from":[8.285714,-1.4285717,4.0],"to":[8.285714,7.714286,12.571428],"rotation":{"angle":0.0,"axis":"y","origin":[5.142857,2.5714283,8.0]},"faces":{"east":{"uv":[2.5,0.0,4.375,2.0],"rotation":0,"texture":"#0","tintindex":0},"south":{"uv":[3.0,10.5,3.0,12.5],"rotation":0,"texture":"#0","tintindex":0},"north":{"uv":[2.875,10.5,2.875,12.5],"rotation":0,"texture":"#0","tintindex":0},"west":{"uv":[2.5,2.125,4.375,4.125],"rotation":0,"texture":"#0","tintindex":0},"up":{"uv":[3.125,12.375,3.125,10.5],"rotation":0,"texture":"#0","tintindex":0},"down":{"uv":[3.25,10.5,3.25,12.375],"rotation":0,"texture":"#0","tintindex":0}}}],"display":{"head":{"translation":[0.0,-6.4,0.0],"scale":[4.0,4.0,4.0]}}}