{"textures":{"0":"modelengine:entity/nocsy_drakonin_baby2"},"elements":[{"from":[7.6485434,8.273445,6.8386774],"to":[7.6485434,9.987731,8.552963],"rotation":{"angle":0.0,"axis":"y","origin":[9.288544,8.502016,5.021535]},"faces":{"east":{"uv":[4.25,11.0,3.875,11.375],"rotation":0,"texture":"#0","tintindex":0},"south":{"uv":[1.5,9.875,1.75,10.25],"rotation":0,"texture":"#0","tintindex":0},"north":{"uv":[9.875,0.0,10.125,0.375],"rotation":0,"texture":"#0","tintindex":0},"west":{"uv":[3.875,11.0,4.25,11.375],"rotation":0,"texture":"#0","tintindex":0},"up":{"uv":[10.125,3.125,9.875,2.75],"rotation":0,"texture":"#0","tintindex":0},"down":{"uv":[10.125,3.25,9.875,3.625],"rotation":0,"texture":"#0","tintindex":0}}},{"from":[7.134258,6.3877306,6.5529633],"to":[8.277115,8.673445,8.838677],"rotation":{"angle":-22.5,"axis":"x","origin":[9.288544,7.759159,7.8786774]},"faces":{"east":{"uv":[7.0,0.0,7.5,0.5],"rotation":0,"texture":"#0","tintindex":0},"south":{"uv":[9.375,8.875,9.625,9.375],"rotation":0,"texture":"#0","tintindex":0},"north":{"uv":[8.75,9.375,9.0,9.875],"rotation":0,"texture":"#0","tintindex":0},"west":{"uv":[0.625,7.0,1.125,7.5],"rotation":0,"texture":"#0","tintindex":0},"up":{"uv":[0.25,10.0,0.0,9.5],"rotation":0,"texture":"#0","tintindex":0},"down":{"uv":[9.75,2.75,9.5,3.25],"rotation":0,"texture":"#0","tintindex":0}}}],"display":{"head":{"translation":[0.0,-6.4,0.0],"scale":[4.0,4.0,4.0]}}}