{"textures":{"0":"modelengine:entity/nocsy_drakonin_baby2"},"elements":[{"from":[7.6685715,6.2369223,7.117333],"to":[8.811429,8.522636,8.26019],"rotation":{"angle":22.5,"axis":"x","origin":[7.8342857,8.159208,7.6956186]},"faces":{"east":{"uv":[6.75,9.375,7.0,9.875],"rotation":0,"texture":"#0","tintindex":0},"south":{"uv":[9.375,7.0,9.625,7.5],"rotation":0,"texture":"#0","tintindex":0},"north":{"uv":[9.375,6.375,9.625,6.875],"rotation":0,"texture":"#0","tintindex":0},"west":{"uv":[7.125,9.375,7.375,9.875],"rotation":0,"texture":"#0","tintindex":0},"up":{"uv":[10.5,9.875,10.25,9.625],"rotation":0,"texture":"#0","tintindex":0},"down":{"uv":[10.5,10.0,10.25,10.25],"rotation":0,"texture":"#0","tintindex":0}}}],"display":{"head":{"translation":[0.0,-6.4,0.0],"scale":[4.0,4.0,4.0]}}}