{"textures":{"0":"modelengine:entity/nocsy_drakonin_baby2"},"elements":[{"from":[5.172887,7.5342283,6.4201617],"to":[8.944316,8.448514,7.3344474],"rotation":{"angle":22.5,"axis":"y","origin":[7.3443155,7.9913716,8.020162]},"faces":{"east":{"uv":[3.125,10.125,3.375,10.375],"rotation":0,"texture":"#0","tintindex":0},"south":{"uv":[3.375,7.0,4.25,7.25],"rotation":0,"texture":"#0","tintindex":0},"north":{"uv":[7.0,3.25,7.875,3.5],"rotation":0,"texture":"#0","tintindex":0},"west":{"uv":[3.5,10.125,3.75,10.375],"rotation":0,"texture":"#0","tintindex":0},"up":{"uv":[7.875,3.875,7.0,3.625],"rotation":0,"texture":"#0","tintindex":0},"down":{"uv":[7.875,4.0,7.0,4.25],"rotation":0,"texture":"#0","tintindex":0}}},{"from":[7.858601,7.1342287,6.077305],"to":[9.344316,8.619943,7.563019],"rotation":{"angle":22.5,"axis":"y","origin":[7.3443155,7.9913716,8.020162]},"faces":{"east":{"uv":[8.375,8.25,8.75,8.625],"rotation":0,"texture":"#0","tintindex":0},"south":{"uv":[0.0,8.5,0.375,8.875],"rotation":0,"texture":"#0","tintindex":0},"north":{"uv":[7.875,8.375,8.25,8.75],"rotation":0,"texture":"#0","tintindex":0},"west":{"uv":[8.5,3.25,8.875,3.625],"rotation":0,"texture":"#0","tintindex":0},"up":{"uv":[8.875,4.125,8.5,3.75],"rotation":0,"texture":"#0","tintindex":0},"down":{"uv":[8.875,5.875,8.5,6.25],"rotation":0,"texture":"#0","tintindex":0}}},{"from":[6.715744,7.705657,3.1058755],"to":[9.572887,7.705657,6.5344477],"rotation":{"angle":0.0,"axis":"y","origin":[7.3443155,7.9913716,8.020162]},"faces":{"east":{"uv":[10.375,6.125,11.125,6.125],"rotation":0,"texture":"#0","tintindex":0},"south":{"uv":[0.5,10.5,1.125,10.5],"rotation":0,"texture":"#0","tintindex":0},"north":{"uv":[10.375,1.875,11.0,1.875],"rotation":0,"texture":"#0","tintindex":0},"west":{"uv":[10.5,2.0,11.25,2.0],"rotation":0,"texture":"#0","tintindex":0},"up":{"uv":[6.125,2.5,5.5,1.75],"rotation":0,"texture":"#0","tintindex":0},"down":{"uv":[6.125,2.625,5.5,3.375],"rotation":0,"texture":"#0","tintindex":0}}},{"from":[0.001458168,7.9342284,6.8773046],"to":[8.001458,7.9913716,17.734447],"rotation":{"angle":0.0,"axis":"y","origin":[7.3443155,7.9913716,8.020162]},"faces":{"east":{"uv":[6.75,5.0,9.125,5.125],"rotation":0,"texture":"#0","tintindex":0},"south":{"uv":[4.25,7.375,6.0,7.5],"rotation":0,"texture":"#0","tintindex":0},"north":{"uv":[2.375,7.375,4.125,7.5],"rotation":0,"texture":"#0","tintindex":0},"west":{"uv":[6.75,5.25,9.125,5.375],"rotation":0,"texture":"#0","tintindex":0},"up":{"uv":[1.75,4.875,0.0,2.5],"rotation":0,"texture":"#0","tintindex":0},"down":{"uv":[1.75,2.5,0.0,4.875],"rotation":0,"texture":"#0","tintindex":0}}},{"from":[2.6094384,7.5913715,8.740897],"to":[5.6951528,8.391372,9.540897],"rotation":{"angle":45.0,"axis":"y","origin":[3.5808668,7.9913716,9.140898]},"faces":{"east":{"uv":[3.875,10.125,4.125,10.375],"rotation":0,"texture":"#0","tintindex":0},"south":{"uv":[7.5,5.5,8.25,5.75],"rotation":0,"texture":"#0","tintindex":0},"north":{"uv":[7.5,1.625,8.25,1.875],"rotation":0,"texture":"#0","tintindex":0},"west":{"uv":[4.25,10.125,4.5,10.375],"rotation":0,"texture":"#0","tintindex":0},"up":{"uv":[8.25,7.0,7.5,6.75],"rotation":0,"texture":"#0","tintindex":0},"down":{"uv":[0.75,7.625,0.0,7.875],"rotation":0,"texture":"#0","tintindex":0}}},{"from":[2.9522953,7.6485143,9.712326],"to":[3.63801,8.3342285,12.112327],"rotation":{"angle":-22.5,"axis":"y","origin":[3.5808668,7.9913716,9.140898]},"faces":{"east":{"uv":[9.0,10.125,9.5,10.25],"rotation":0,"texture":"#0","tintindex":0},"south":{"uv":[0.625,8.0,0.75,8.125],"rotation":0,"texture":"#0","tintindex":0},"north":{"uv":[7.5,7.125,7.625,7.25],"rotation":0,"texture":"#0","tintindex":0},"west":{"uv":[10.125,9.0,10.625,9.125],"rotation":0,"texture":"#0","tintindex":0},"up":{"uv":[2.75,10.625,2.625,10.125],"rotation":0,"texture":"#0","tintindex":0},"down":{"uv":[4.75,10.125,4.625,10.625],"rotation":0,"texture":"#0","tintindex":0}}}],"display":{"head":{"translation":[0.0,-6.4,0.0],"scale":[4.0,4.0,4.0]}}}