{"textures":{"0":"modelengine:entity/lizard_red"},"elements":[{"from":[7.44,7.5342855,6.5714283],"to":[8.56,8.494286,8.171429],"rotation":{"angle":0.0,"axis":"y","origin":[8.0,7.6945195,10.131429]},"faces":{"east":{"uv":[4.516,5.016,5.75,5.75],"rotation":0,"texture":"#0","tintindex":0},"south":{"uv":[4.516,6.516,5.484,7.25],"rotation":0,"texture":"#0","tintindex":0},"north":{"uv":[3.016,6.016,3.984,6.75],"rotation":0,"texture":"#0","tintindex":0},"west":{"uv":[6.016,1.516,7.25,2.25],"rotation":0,"texture":"#0","tintindex":0},"up":{"uv":[2.484,5.75,1.516,4.516],"rotation":0,"texture":"#0","tintindex":0},"down":{"uv":[5.484,1.516,4.516,2.75],"rotation":0,"texture":"#0","tintindex":0}}}],"display":{"head":{"translation":[0.0,-6.4,0.0],"scale":[4.0,4.0,4.0]}}}