{"textures":{"0":"modelengine:entity/lizard_red"},"elements":[{"from":[7.76,7.924807,7.8199964],"to":[8.24,8.884808,8.299996],"rotation":{"angle":-22.5,"axis":"x","origin":[8.8,8.257035,9.692454]},"faces":{"east":{"uv":[1.016,8.016,1.484,8.75],"rotation":0,"texture":"#0","tintindex":0},"south":{"uv":[8.016,1.016,8.484,1.75],"rotation":0,"texture":"#0","tintindex":0},"north":{"uv":[0.016,8.016,0.484,8.75],"rotation":0,"texture":"#0","tintindex":0},"west":{"uv":[8.016,2.516,8.484,3.25],"rotation":0,"texture":"#0","tintindex":0},"up":{"uv":[5.984,8.984,5.516,8.516],"rotation":0,"texture":"#0","tintindex":0},"down":{"uv":[8.984,5.516,8.516,5.984],"rotation":0,"texture":"#0","tintindex":0}}}],"display":{"head":{"translation":[0.0,-6.4,0.0],"scale":[4.0,4.0,4.0]}}}