{"textures":{"0":"modelengine:entity/lizard_red"},"elements":[{"from":[7.8542857,7.916268,7.3995194],"to":[8.145714,8.396268,7.690948],"rotation":{"angle":-45.0,"axis":"x","origin":[8.8,8.716541,8.155366]},"faces":{"east":{"uv":[7.016,9.516,7.25,9.984],"rotation":0,"texture":"#0","tintindex":0},"south":{"uv":[9.516,7.516,9.75,7.984],"rotation":0,"texture":"#0","tintindex":0},"north":{"uv":[6.016,9.516,6.25,9.984],"rotation":0,"texture":"#0","tintindex":0},"west":{"uv":[8.016,9.516,8.25,9.984],"rotation":0,"texture":"#0","tintindex":0},"up":{"uv":[10.25,2.25,10.016,2.016],"rotation":0,"texture":"#0","tintindex":0},"down":{"uv":[10.25,3.016,10.016,3.25],"rotation":0,"texture":"#0","tintindex":0}}}],"display":{"head":{"translation":[0.0,-6.4,0.0],"scale":[4.0,4.0,4.0]}}}