{"textures":{"0":"modelengine:entity/lizard_red"},"elements":[{"from":[7.84,6.457092,8.810354],"to":[8.16,7.417092,9.130355],"rotation":{"angle":45.0,"axis":"x","origin":[8.8,8.868736,9.491593]},"faces":{"east":{"uv":[0.016,9.516,0.25,10.25],"rotation":0,"texture":"#0","tintindex":0},"south":{"uv":[1.016,9.516,1.25,10.25],"rotation":0,"texture":"#0","tintindex":0},"north":{"uv":[9.016,8.516,9.25,9.25],"rotation":0,"texture":"#0","tintindex":0},"west":{"uv":[3.016,9.516,3.25,10.25],"rotation":0,"texture":"#0","tintindex":0},"up":{"uv":[10.25,1.25,10.016,1.016],"rotation":0,"texture":"#0","tintindex":0},"down":{"uv":[2.25,10.016,2.016,10.25],"rotation":0,"texture":"#0","tintindex":0}}}],"display":{"head":{"translation":[0.0,-6.4,0.0],"scale":[4.0,4.0,4.0]}}}