{"textures":{"0":"modelengine:entity/lizard_red"},"elements":[{"from":[7.76,7.6771727,6.9778395],"to":[8.24,8.157172,7.93784],"rotation":{"angle":-22.5,"axis":"x","origin":[7.2,8.354711,7.677234]},"faces":{"east":{"uv":[8.75,7.516,8.016,7.984],"rotation":0,"texture":"#0","tintindex":0},"south":{"uv":[9.484,6.516,9.016,6.984],"rotation":0,"texture":"#0","tintindex":0},"north":{"uv":[4.484,9.016,4.016,9.484],"rotation":0,"texture":"#0","tintindex":0},"west":{"uv":[4.75,8.016,4.016,8.484],"rotation":0,"texture":"#0","tintindex":0},"up":{"uv":[2.016,9.25,2.484,8.516],"rotation":0,"texture":"#0","tintindex":0},"down":{"uv":[8.516,4.016,8.984,4.75],"rotation":0,"texture":"#0","tintindex":0}}}],"display":{"head":{"translation":[0.0,-6.4,0.0],"scale":[4.0,4.0,4.0]}}}