{"textures":{"0":"modelengine:entity/lizard_red"},"elements":[{"from":[7.84,7.7869225,6.8751826],"to":[8.16,8.106922,7.8351827],"rotation":{"angle":-22.5,"axis":"x","origin":[7.2,8.919766,7.93262]},"faces":{"east":{"uv":[10.25,4.016,9.516,4.25],"rotation":0,"texture":"#0","tintindex":0},"south":{"uv":[10.25,6.516,10.016,6.75],"rotation":0,"texture":"#0","tintindex":0},"north":{"uv":[4.25,10.016,4.016,10.25],"rotation":0,"texture":"#0","tintindex":0},"west":{"uv":[10.25,0.016,9.516,0.25],"rotation":0,"texture":"#0","tintindex":0},"up":{"uv":[5.016,10.25,5.25,9.516],"rotation":0,"texture":"#0","tintindex":0},"down":{"uv":[9.516,5.016,9.75,5.75],"rotation":0,"texture":"#0","tintindex":0}}}],"display":{"head":{"translation":[0.0,-6.4,0.0],"scale":[4.0,4.0,4.0]}}}