{"textures":{"0":"modelengine:entity/lizard_red"},"elements":[{"from":[7.84,6.457092,8.810354],"to":[8.16,7.417092,9.130355],"rotation":{"angle":45.0,"axis":"x","origin":[7.2,8.868736,9.491593]},"faces":{"east":{"uv":[3.25,9.516,3.016,10.25],"rotation":0,"texture":"#0","tintindex":0},"south":{"uv":[1.25,9.516,1.016,10.25],"rotation":0,"texture":"#0","tintindex":0},"north":{"uv":[9.25,8.516,9.016,9.25],"rotation":0,"texture":"#0","tintindex":0},"west":{"uv":[0.25,9.516,0.016,10.25],"rotation":0,"texture":"#0","tintindex":0},"up":{"uv":[10.016,1.25,10.25,1.016],"rotation":0,"texture":"#0","tintindex":0},"down":{"uv":[2.016,10.016,2.25,10.25],"rotation":0,"texture":"#0","tintindex":0}}}],"display":{"head":{"translation":[0.0,-6.4,0.0],"scale":[4.0,4.0,4.0]}}}