{"textures":{"0":"modelengine:entity/lizard_red"},"elements":[{"from":[7.76,7.76,8.022857],"to":[8.24,8.24,9.462857],"rotation":{"angle":0.0,"axis":"y","origin":[8.0,7.9602337,5.9828568]},"faces":{"east":{"uv":[7.016,6.516,8.25,6.984],"rotation":0,"texture":"#0","tintindex":0},"south":{"uv":[9.016,3.016,9.484,3.484],"rotation":0,"texture":"#0","tintindex":0},"north":{"uv":[9.016,2.016,9.484,2.484],"rotation":0,"texture":"#0","tintindex":0},"west":{"uv":[7.516,0.016,8.75,0.484],"rotation":0,"texture":"#0","tintindex":0},"up":{"uv":[3.484,8.75,3.016,7.516],"rotation":0,"texture":"#0","tintindex":0},"down":{"uv":[7.484,7.516,7.016,8.75],"rotation":0,"texture":"#0","tintindex":0}}}],"display":{"head":{"translation":[0.0,-6.4,0.0],"scale":[4.0,4.0,4.0]}}}