{"textures":{"0":"modelengine:entity/lizard_red"},"elements":[{"from":[7.64,7.6276193,8.0],"to":[8.36,8.347619,9.440001],"rotation":{"angle":0.0,"axis":"y","origin":[8.0,7.9478526,7.4]},"faces":{"east":{"uv":[6.516,4.516,7.75,4.984],"rotation":0,"texture":"#0","tintindex":0},"south":{"uv":[9.016,1.016,9.484,1.484],"rotation":0,"texture":"#0","tintindex":0},"north":{"uv":[8.016,8.516,8.484,8.984],"rotation":0,"texture":"#0","tintindex":0},"west":{"uv":[6.516,5.516,7.75,5.984],"rotation":0,"texture":"#0","tintindex":0},"up":{"uv":[2.484,7.75,2.016,6.516],"rotation":0,"texture":"#0","tintindex":0},"down":{"uv":[6.484,6.516,6.016,7.75],"rotation":0,"texture":"#0","tintindex":0}}},{"from":[8.0,8.267619,8.0],"to":[8.0,9.067619,9.440001],"rotation":{"angle":0.0,"axis":"y","origin":[8.0,7.9478526,7.4]},"faces":{"east":{"uv":[1.25,6.516,0.016,7.25],"rotation":0,"texture":"#0","tintindex":0},"south":{"uv":[6.016,10.516,6.016,11.25],"rotation":0,"texture":"#0","tintindex":0},"north":{"uv":[10.516,5.016,10.516,5.75],"rotation":0,"texture":"#0","tintindex":0},"west":{"uv":[0.016,6.516,1.25,7.25],"rotation":0,"texture":"#0","tintindex":0},"up":{"uv":[6.516,11.75,6.516,10.516],"rotation":0,"texture":"#0","tintindex":0},"down":{"uv":[7.016,10.516,7.016,11.75],"rotation":0,"texture":"#0","tintindex":0}}}],"display":{"head":{"translation":[0.0,-6.4,0.0],"scale":[4.0,4.0,4.0]}}}