{"textures":{"0":"modelengine:entity/lizard_red"},"elements":[{"from":[8.0,8.822857,5.4742856],"to":[8.0,9.782857,8.354286],"rotation":{"angle":0.0,"axis":"y","origin":[8.0,8.183091,7.754286]},"faces":{"east":{"uv":[6.75,0.016,4.516,0.75],"rotation":0,"texture":"#0","tintindex":0},"south":{"uv":[9.016,10.016,9.016,10.75],"rotation":0,"texture":"#0","tintindex":0},"north":{"uv":[10.016,8.516,10.016,9.25],"rotation":0,"texture":"#0","tintindex":0},"west":{"uv":[4.516,0.016,6.75,0.75],"rotation":0,"texture":"#0","tintindex":0},"up":{"uv":[9.516,12.25,9.516,10.016],"rotation":0,"texture":"#0","tintindex":0},"down":{"uv":[10.016,10.016,10.016,12.25],"rotation":0,"texture":"#0","tintindex":0}}},{"from":[7.36,7.542857,5.4742856],"to":[8.64,8.822857,8.354286],"rotation":{"angle":0.0,"axis":"y","origin":[8.0,8.183091,7.754286]},"faces":{"east":{"uv":[0.016,0.016,2.25,0.984],"rotation":0,"texture":"#0","tintindex":0},"south":{"uv":[4.516,3.516,5.484,4.484],"rotation":0,"texture":"#0","tintindex":0},"north":{"uv":[3.016,4.516,3.984,5.484],"rotation":0,"texture":"#0","tintindex":0},"west":{"uv":[0.016,1.516,2.25,2.484],"rotation":0,"texture":"#0","tintindex":0},"up":{"uv":[0.984,5.25,0.016,3.016],"rotation":0,"texture":"#0","tintindex":0},"down":{"uv":[3.984,0.016,3.016,2.25],"rotation":0,"texture":"#0","tintindex":0}}}],"display":{"head":{"translation":[0.0,-6.4,0.0],"scale":[4.0,4.0,4.0]}}}