{"textures":{"0":"modelengine:entity/toffynocsy_owl_lvl1"},"elements":[{"from":[7.3621697,7.829708,7.573262],"to":[7.9335985,8.401136,8.1446905],"rotation":{"angle":-45.0,"axis":"z","origin":[7.595939,7.595939,7.6571426]},"faces":{"east":{"uv":[8.625,8.375,8.75,8.5],"rotation":0,"texture":"#0","tintindex":0},"south":{"uv":[8.625,8.625,8.75,8.75],"rotation":0,"texture":"#0","tintindex":0},"north":{"uv":[8.625,8.125,8.75,8.25],"rotation":0,"texture":"#0","tintindex":0},"west":{"uv":[0.75,8.75,0.875,8.875],"rotation":0,"texture":"#0","tintindex":0},"up":{"uv":[8.875,1.875,8.75,1.75],"rotation":0,"texture":"#0","tintindex":0},"down":{"uv":[8.875,2.0,8.75,2.125],"rotation":0,"texture":"#0","tintindex":0}}}],"display":{"head":{"translation":[0.0,-6.4,0.0],"scale":[4.0,4.0,4.0]}}}