{"textures":{"0":"modelengine:entity/toffynocsy_owl_lvl1"},"elements":[{"from":[5.714286,4.5714283,15.0],"to":[10.285714,8.0,15.0],"rotation":{"angle":-45.0,"axis":"x","origin":[8.0,-0.14285755,12.142858]},"faces":{"east":{"uv":[6.5,8.875,6.5,9.625],"rotation":0,"texture":"#0","tintindex":0},"south":{"uv":[0.0,2.75,1.0,3.5],"rotation":0,"texture":"#0","tintindex":0},"north":{"uv":[1.0,2.75,0.0,3.5],"rotation":0,"texture":"#0","tintindex":0},"west":{"uv":[6.625,8.875,6.625,9.625],"rotation":0,"texture":"#0","tintindex":0},"up":{"uv":[9.75,7.75,8.75,7.75],"rotation":0,"texture":"#0","tintindex":0},"down":{"uv":[9.875,1.375,8.875,1.375],"rotation":0,"texture":"#0","tintindex":0}}},{"from":[6.5714283,6.857143,14.714286],"to":[9.428572,8.571428,15.285715],"rotation":{"angle":-45.0,"axis":"x","origin":[8.0,-0.14285755,12.142858]},"faces":{"east":{"uv":[5.125,8.5,5.25,8.875],"rotation":0,"texture":"#0","tintindex":0},"south":{"uv":[6.75,3.125,7.375,3.5],"rotation":0,"texture":"#0","tintindex":0},"north":{"uv":[7.375,3.125,6.75,3.5],"rotation":0,"texture":"#0","tintindex":0},"west":{"uv":[5.375,8.5,5.5,8.875],"rotation":0,"texture":"#0","tintindex":0},"up":{"uv":[8.375,4.25,7.75,4.125],"rotation":0,"texture":"#0","tintindex":0},"down":{"uv":[8.5,1.625,7.875,1.75],"rotation":0,"texture":"#0","tintindex":0}}}],"display":{"head":{"translation":[0.0,-6.4,0.0],"scale":[4.0,4.0,4.0]}}}