{"textures":{"0":"modelengine:entity/toffynocsy_owl_lvl1"},"elements":[{"from":[9.571428,5.5751853,4.6398373],"to":[9.571428,10.146614,7.4969807],"rotation":{"angle":22.5,"axis":"y","origin":[9.714286,8.6609,5.8398376]},"faces":{"east":{"uv":[3.125,1.0,3.75,2.0],"rotation":0,"texture":"#0","tintindex":0},"south":{"uv":[1.0,8.75,1.0,9.75],"rotation":0,"texture":"#0","tintindex":0},"north":{"uv":[7.25,8.5,7.25,9.5],"rotation":0,"texture":"#0","tintindex":0},"west":{"uv":[0.0,3.625,0.625,4.625],"rotation":0,"texture":"#0","tintindex":0},"up":{"uv":[3.0,1.625,3.0,1.0],"rotation":0,"texture":"#0","tintindex":0},"down":{"uv":[3.625,2.125,3.625,2.75],"rotation":0,"texture":"#0","tintindex":0}}},{"from":[6.0,5.2323284,9.125552],"to":[10.0,10.946614,13.125552],"rotation":{"angle":-22.5,"axis":"x","origin":[8.0,1.2323284,9.268409]},"faces":{"east":{"uv":[1.0,0.0,1.875,1.25],"rotation":0,"texture":"#0","tintindex":0},"south":{"uv":[0.0,1.375,0.875,2.625],"rotation":0,"texture":"#0","tintindex":0},"north":{"uv":[0.0,0.0,0.875,1.25],"rotation":0,"texture":"#0","tintindex":0},"west":{"uv":[1.0,1.375,1.875,2.625],"rotation":0,"texture":"#0","tintindex":0},"up":{"uv":[2.875,0.875,2.0,0.0],"rotation":0,"texture":"#0","tintindex":0},"down":{"uv":[2.875,1.0,2.0,1.875],"rotation":0,"texture":"#0","tintindex":0}}},{"from":[6.428571,5.5751853,4.6398373],"to":[6.428571,10.146614,7.4969807],"rotation":{"angle":-22.5,"axis":"y","origin":[6.285714,8.6609,5.8398376]},"faces":{"east":{"uv":[0.75,3.75,1.375,4.75],"rotation":0,"texture":"#0","tintindex":0},"south":{"uv":[3.25,8.75,3.25,9.75],"rotation":0,"texture":"#0","tintindex":0},"north":{"uv":[2.375,8.75,2.375,9.75],"rotation":0,"texture":"#0","tintindex":0},"west":{"uv":[3.75,2.125,4.375,3.125],"rotation":0,"texture":"#0","tintindex":0},"up":{"uv":[5.375,2.375,5.375,1.75],"rotation":0,"texture":"#0","tintindex":0},"down":{"uv":[6.375,8.75,6.375,9.375],"rotation":0,"texture":"#0","tintindex":0}}}],"display":{"head":{"translation":[0.0,-6.4,0.0],"scale":[4.0,4.0,4.0]}}}