{"textures":{"0":"modelengine:entity/toffynocsy_owl_lvl1"},"elements":[{"from":[7.428571,4.5714283,6.0],"to":[8.0,8.0,8.857143],"rotation":{"angle":0.0,"axis":"y","origin":[10.0,-1.1428576,9.0]},"faces":{"east":{"uv":[4.0,5.0,4.625,5.75],"rotation":0,"texture":"#0","tintindex":0},"south":{"uv":[0.25,7.75,0.375,8.5],"rotation":0,"texture":"#0","tintindex":0},"north":{"uv":[0.0,7.75,0.125,8.5],"rotation":0,"texture":"#0","tintindex":0},"west":{"uv":[5.0,4.375,5.625,5.125],"rotation":0,"texture":"#0","tintindex":0},"up":{"uv":[1.25,8.5,1.125,7.875],"rotation":0,"texture":"#0","tintindex":0},"down":{"uv":[1.5,7.875,1.375,8.5],"rotation":0,"texture":"#0","tintindex":0}}},{"from":[7.428571,2.8571424,6.5714283],"to":[8.0,4.5714283,8.857143],"rotation":{"angle":0.0,"axis":"y","origin":[10.0,-1.1428576,9.0]},"faces":{"east":{"uv":[0.5,6.875,1.0,7.25],"rotation":0,"texture":"#0","tintindex":0},"south":{"uv":[4.375,8.5,4.5,8.875],"rotation":0,"texture":"#0","tintindex":0},"north":{"uv":[4.125,8.5,4.25,8.875],"rotation":0,"texture":"#0","tintindex":0},"west":{"uv":[6.875,1.125,7.375,1.5],"rotation":0,"texture":"#0","tintindex":0},"up":{"uv":[5.0,8.625,4.875,8.125],"rotation":0,"texture":"#0","tintindex":0},"down":{"uv":[8.25,8.0,8.125,8.5],"rotation":0,"texture":"#0","tintindex":0}}},{"from":[7.428571,1.1428566,6.5714283],"to":[7.428571,3.4285712,9.428572],"rotation":{"angle":0.0,"axis":"y","origin":[10.0,-1.1428576,9.0]},"faces":{"east":{"uv":[6.125,2.0,6.75,2.5],"rotation":0,"texture":"#0","tintindex":0},"south":{"uv":[5.875,8.875,5.875,9.375],"rotation":0,"texture":"#0","tintindex":0},"north":{"uv":[5.75,8.875,5.75,9.375],"rotation":0,"texture":"#0","tintindex":0},"west":{"uv":[6.25,0.5,6.875,1.0],"rotation":0,"texture":"#0","tintindex":0},"up":{"uv":[6.0,9.5,6.0,8.875],"rotation":0,"texture":"#0","tintindex":0},"down":{"uv":[8.875,6.0,8.875,6.625],"rotation":0,"texture":"#0","tintindex":0}}},{"from":[6.285714,4.0,5.714286],"to":[8.0,8.0,9.142858],"rotation":{"angle":-22.5,"axis":"z","origin":[8.0,5.142857,7.428571]},"faces":{"east":{"uv":[2.875,2.875,3.625,3.75],"rotation":0,"texture":"#0","tintindex":0},"south":{"uv":[4.25,5.875,4.625,6.75],"rotation":0,"texture":"#0","tintindex":0},"north":{"uv":[0.625,5.875,1.0,6.75],"rotation":0,"texture":"#0","tintindex":0},"west":{"uv":[3.0,0.0,3.75,0.875],"rotation":0,"texture":"#0","tintindex":0},"up":{"uv":[5.625,7.0,5.25,6.25],"rotation":0,"texture":"#0","tintindex":0},"down":{"uv":[3.625,6.375,3.25,7.125],"rotation":0,"texture":"#0","tintindex":0}}}],"display":{"head":{"translation":[0.0,-6.4,0.0],"scale":[4.0,4.0,4.0]}}}