{"textures":{"0":"modelengine:entity/toffynocsy_owl_lvl1"},"elements":[{"from":[8.0,4.5714283,6.0],"to":[8.571428,8.0,8.857143],"rotation":{"angle":0.0,"axis":"y","origin":[6.0,-1.1428576,9.0]},"faces":{"east":{"uv":[3.25,5.0,3.875,5.75],"rotation":0,"texture":"#0","tintindex":0},"south":{"uv":[7.625,7.5,7.75,8.25],"rotation":0,"texture":"#0","tintindex":0},"north":{"uv":[7.125,7.625,7.25,8.375],"rotation":0,"texture":"#0","tintindex":0},"west":{"uv":[5.0,3.5,5.625,4.25],"rotation":0,"texture":"#0","tintindex":0},"up":{"uv":[7.875,3.0,7.75,2.375],"rotation":0,"texture":"#0","tintindex":0},"down":{"uv":[7.875,3.125,7.75,3.75],"rotation":0,"texture":"#0","tintindex":0}}},{"from":[8.0,2.8571424,6.5714283],"to":[8.571428,4.5714283,8.857143],"rotation":{"angle":0.0,"axis":"y","origin":[6.0,-1.1428576,9.0]},"faces":{"east":{"uv":[6.75,4.625,7.25,5.0],"rotation":0,"texture":"#0","tintindex":0},"south":{"uv":[8.375,2.875,8.5,3.25],"rotation":0,"texture":"#0","tintindex":0},"north":{"uv":[8.375,2.375,8.5,2.75],"rotation":0,"texture":"#0","tintindex":0},"west":{"uv":[6.875,0.0,7.375,0.375],"rotation":0,"texture":"#0","tintindex":0},"up":{"uv":[8.0,8.5,7.875,8.0],"rotation":0,"texture":"#0","tintindex":0},"down":{"uv":[4.75,8.125,4.625,8.625],"rotation":0,"texture":"#0","tintindex":0}}},{"from":[8.571428,1.1428566,6.5714283],"to":[8.571428,3.4285712,9.428572],"rotation":{"angle":0.0,"axis":"y","origin":[6.0,-1.1428576,9.0]},"faces":{"east":{"uv":[6.0,5.75,6.625,6.25],"rotation":0,"texture":"#0","tintindex":0},"south":{"uv":[8.875,2.375,8.875,2.875],"rotation":0,"texture":"#0","tintindex":0},"north":{"uv":[8.875,0.75,8.875,1.25],"rotation":0,"texture":"#0","tintindex":0},"west":{"uv":[6.125,1.375,6.75,1.875],"rotation":0,"texture":"#0","tintindex":0},"up":{"uv":[8.875,3.625,8.875,3.0],"rotation":0,"texture":"#0","tintindex":0},"down":{"uv":[5.625,8.875,5.625,9.5],"rotation":0,"texture":"#0","tintindex":0}}},{"from":[8.0,4.0,5.714286],"to":[9.714286,8.0,9.142858],"rotation":{"angle":22.5,"axis":"z","origin":[8.0,5.142857,7.428571]},"faces":{"east":{"uv":[1.125,2.75,1.875,3.625],"rotation":0,"texture":"#0","tintindex":0},"south":{"uv":[5.75,3.25,6.125,4.125],"rotation":0,"texture":"#0","tintindex":0},"north":{"uv":[2.75,5.625,3.125,6.5],"rotation":0,"texture":"#0","tintindex":0},"west":{"uv":[2.0,2.875,2.75,3.75],"rotation":0,"texture":"#0","tintindex":0},"up":{"uv":[6.625,4.0,6.25,3.25],"rotation":0,"texture":"#0","tintindex":0},"down":{"uv":[5.125,6.25,4.75,7.0],"rotation":0,"texture":"#0","tintindex":0}}},{"from":[8.1285715,2.2391047,2.2637277],"to":[8.1285715,3.9533906,6.2637277],"rotation":{"angle":22.5,"axis":"x","origin":[8.142858,2.7571425,4.0]},"faces":{"east":{"uv":[5.75,4.25,6.625,4.625],"rotation":0,"texture":"#0","tintindex":0},"south":{"uv":[8.375,5.125,8.5,5.5],"rotation":0,"texture":"#0","tintindex":0},"north":{"uv":[8.375,3.375,8.5,3.75],"rotation":0,"texture":"#0","tintindex":0},"west":{"uv":[6.625,4.25,5.75,4.625],"rotation":0,"texture":"#0","tintindex":0},"up":{"uv":[2.5,8.125,2.375,7.25],"rotation":0,"texture":"#0","tintindex":0},"down":{"uv":[3.375,7.25,3.25,8.125],"rotation":0,"texture":"#0","tintindex":0}}},{"from":[8.1285715,1.6996503,2.24186],"to":[8.1285715,3.4139357,6.24186],"rotation":{"angle":-22.5,"axis":"x","origin":[8.142858,2.953041,3.9781322]},"faces":{"east":{"uv":[3.25,5.875,4.125,6.25],"rotation":0,"texture":"#0","tintindex":0},"south":{"uv":[8.375,6.625,8.5,7.0],"rotation":0,"texture":"#0","tintindex":0},"north":{"uv":[8.375,6.125,8.5,6.5],"rotation":0,"texture":"#0","tintindex":0},"west":{"uv":[4.125,5.875,3.25,6.25],"rotation":0,"texture":"#0","tintindex":0},"up":{"uv":[3.625,8.125,3.5,7.25],"rotation":0,"texture":"#0","tintindex":0},"down":{"uv":[0.75,7.375,0.625,8.25],"rotation":0,"texture":"#0","tintindex":0}}},{"from":[8.114285,1.9816122,1.9781322],"to":[8.142858,3.695898,7.1209893],"rotation":{"angle":0.0,"axis":"y","origin":[8.142858,2.953041,3.9781322]},"faces":{"east":{"uv":[5.5,2.75,6.625,3.125],"rotation":0,"texture":"#0","tintindex":0},"south":{"uv":[7.625,8.375,7.75,8.75],"rotation":0,"texture":"#0","tintindex":0},"north":{"uv":[7.375,8.375,7.5,8.75],"rotation":0,"texture":"#0","tintindex":0},"west":{"uv":[6.625,2.75,5.5,3.125],"rotation":0,"texture":"#0","tintindex":0},"up":{"uv":[3.125,7.75,3.0,6.625],"rotation":0,"texture":"#0","tintindex":0},"down":{"uv":[7.25,6.375,7.125,7.5],"rotation":0,"texture":"#0","tintindex":0}}},{"from":[8.114285,2.433207,1.689249],"to":[8.142858,2.8332076,2.0892491],"rotation":{"angle":-45.0,"axis":"x","origin":[8.1285715,2.8372688,1.6851878]},"faces":{"east":{"uv":[2.75,8.75,2.875,8.875],"rotation":0,"texture":"#0","tintindex":0},"south":{"uv":[3.0,8.75,3.125,8.875],"rotation":0,"texture":"#0","tintindex":0},"north":{"uv":[2.125,8.75,2.25,8.875],"rotation":0,"texture":"#0","tintindex":0},"west":{"uv":[2.875,8.75,2.75,8.875],"rotation":0,"texture":"#0","tintindex":0},"up":{"uv":[8.875,4.0,8.75,3.875],"rotation":0,"texture":"#0","tintindex":0},"down":{"uv":[8.875,4.125,8.75,4.25],"rotation":0,"texture":"#0","tintindex":0}}},{"from":[8.1285715,2.0291462,1.9277987],"to":[8.1285715,2.4434323,2.7420845],"rotation":{"angle":-45.0,"axis":"x","origin":[8.1285715,2.8372688,1.1339626]},"faces":{"east":{"uv":[2.5,9.75,2.678125,9.8375],"rotation":0,"texture":"#0","tintindex":0},"south":{"uv":[3.0,8.75,3.125,8.875],"rotation":0,"texture":"#0","tintindex":0},"north":{"uv":[2.125,8.75,2.25,8.875],"rotation":0,"texture":"#0","tintindex":0},"west":{"uv":[2.678125,9.75,2.5,9.8375],"rotation":0,"texture":"#0","tintindex":0},"up":{"uv":[8.875,4.0,8.75,3.875],"rotation":0,"texture":"#0","tintindex":0},"down":{"uv":[8.875,4.125,8.75,4.25],"rotation":0,"texture":"#0","tintindex":0}}},{"from":[8.128,3.5269718,2.0288138],"to":[8.128,3.9412575,2.8430996],"rotation":{"angle":45.0,"axis":"x","origin":[8.142285,3.108625,0.8309164]},"faces":{"east":{"uv":[2.5,9.5,2.678125,9.5875],"rotation":0,"texture":"#0","tintindex":0},"south":{"uv":[3.0,8.75,3.125,8.875],"rotation":0,"texture":"#0","tintindex":0},"north":{"uv":[2.125,8.75,2.25,8.875],"rotation":0,"texture":"#0","tintindex":0},"west":{"uv":[2.678125,9.5,2.5,9.5875],"rotation":0,"texture":"#0","tintindex":0},"up":{"uv":[8.875,4.0,8.75,3.875],"rotation":0,"texture":"#0","tintindex":0},"down":{"uv":[8.875,4.125,8.75,4.25],"rotation":0,"texture":"#0","tintindex":0}}},{"from":[7.8714285,2.5714283,6.285714],"to":[8.414286,3.142857,9.142858],"rotation":{"angle":0.0,"axis":"y","origin":[8.142858,2.8571424,7.7357144]},"faces":{"east":{"uv":[7.625,6.125,8.25,6.25],"rotation":0,"texture":"#0","tintindex":0},"south":{"uv":[4.875,8.75,5.0,8.875],"rotation":0,"texture":"#0","tintindex":0},"north":{"uv":[4.625,8.75,4.75,8.875],"rotation":0,"texture":"#0","tintindex":0},"west":{"uv":[7.75,3.875,8.375,4.0],"rotation":0,"texture":"#0","tintindex":0},"up":{"uv":[6.75,8.375,6.625,7.75],"rotation":0,"texture":"#0","tintindex":0},"down":{"uv":[7.0,7.75,6.875,8.375],"rotation":0,"texture":"#0","tintindex":0}}},{"from":[7.857143,1.2478046,5.907463],"to":[8.428572,2.9620905,6.4788914],"rotation":{"angle":22.5,"axis":"x","origin":[8.142858,2.2142854,6.285714]},"faces":{"east":{"uv":[1.625,8.5,1.75,8.875],"rotation":0,"texture":"#0","tintindex":0},"south":{"uv":[1.875,8.5,2.0,8.875],"rotation":0,"texture":"#0","tintindex":0},"north":{"uv":[8.375,8.0,8.5,8.375],"rotation":0,"texture":"#0","tintindex":0},"west":{"uv":[1.75,8.5,1.625,8.875],"rotation":0,"texture":"#0","tintindex":0},"up":{"uv":[8.875,5.0,8.75,4.875],"rotation":0,"texture":"#0","tintindex":0},"down":{"uv":[8.875,5.625,8.75,5.75],"rotation":0,"texture":"#0","tintindex":0}}},{"from":[7.857143,2.7003922,5.907463],"to":[8.428572,4.414678,6.4788914],"rotation":{"angle":-22.5,"axis":"x","origin":[8.142858,3.448197,6.285714]},"faces":{"east":{"uv":[3.375,8.5,3.5,8.875],"rotation":0,"texture":"#0","tintindex":0},"south":{"uv":[3.625,8.5,3.75,8.875],"rotation":0,"texture":"#0","tintindex":0},"north":{"uv":[2.5,8.5,2.625,8.875],"rotation":0,"texture":"#0","tintindex":0},"west":{"uv":[3.5,8.5,3.375,8.875],"rotation":0,"texture":"#0","tintindex":0},"up":{"uv":[6.25,8.875,6.125,8.75],"rotation":0,"texture":"#0","tintindex":0},"down":{"uv":[8.875,7.0,8.75,7.125],"rotation":0,"texture":"#0","tintindex":0}}},{"from":[7.742857,2.4571428,9.028571],"to":[8.542857,3.2571425,9.828571],"rotation":{"angle":-45.0,"axis":"z","origin":[8.142858,2.8571424,9.714286]},"faces":{"east":{"uv":[8.75,7.5,8.875,7.625],"rotation":0,"texture":"#0","tintindex":0},"south":{"uv":[8.875,0.0,9.0,0.125],"rotation":0,"texture":"#0","tintindex":0},"north":{"uv":[8.75,7.25,8.875,7.375],"rotation":0,"texture":"#0","tintindex":0},"west":{"uv":[8.875,0.25,9.0,0.375],"rotation":0,"texture":"#0","tintindex":0},"up":{"uv":[0.625,9.0,0.5,8.875],"rotation":0,"texture":"#0","tintindex":0},"down":{"uv":[9.0,0.5,8.875,0.625],"rotation":0,"texture":"#0","tintindex":0}}}],"display":{"head":{"translation":[0.0,-6.4,0.0],"scale":[4.0,4.0,4.0]}}}