{"textures":{"0":"modelengine:entity/nocsy_drakonin"},"elements":[{"from":[6.285714,5.121703,6.46508],"to":[8.571428,9.121703,9.893651],"rotation":{"angle":-22.5,"axis":"x","origin":[10.0,7.978846,8.750794]},"faces":{"east":{"uv":[7.3125,6.1875,7.6875,6.625],"rotation":0,"texture":"#0","tintindex":0},"south":{"uv":[8.25,4.5,8.5,4.9375],"rotation":0,"texture":"#0","tintindex":0},"north":{"uv":[4.25,8.25,4.5,8.6875],"rotation":0,"texture":"#0","tintindex":0},"west":{"uv":[7.375,2.375,7.75,2.8125],"rotation":0,"texture":"#0","tintindex":0},"up":{"uv":[9.0,0.75,8.75,0.375],"rotation":0,"texture":"#0","tintindex":0},"down":{"uv":[1.125,8.75,0.875,9.125],"rotation":0,"texture":"#0","tintindex":0}}}],"display":{"head":{"translation":[0.0,-6.4,0.0],"scale":[4.0,4.0,4.0]}}}