{"textures":{"0":"modelengine:entity/nocsy_drakonin"},"elements":[{"from":[6.285714,5.121703,5.893651],"to":[8.571428,9.693131,9.893651],"rotation":{"angle":-22.5,"axis":"x","origin":[10.0,7.978846,8.750794]},"faces":{"east":{"uv":[7.0625,0.0,7.5,0.5],"rotation":0,"texture":"#0","tintindex":0},"south":{"uv":[5.75,8.0625,6.0,8.5625],"rotation":0,"texture":"#0","tintindex":0},"north":{"uv":[5.4375,8.0625,5.6875,8.5625],"rotation":0,"texture":"#0","tintindex":0},"west":{"uv":[7.0625,0.5625,7.5,1.0625],"rotation":0,"texture":"#0","tintindex":0},"up":{"uv":[8.6875,0.8125,8.4375,0.375],"rotation":0,"texture":"#0","tintindex":0},"down":{"uv":[8.6875,5.0,8.4375,5.4375],"rotation":0,"texture":"#0","tintindex":0}}}],"display":{"head":{"translation":[0.0,-6.4,0.0],"scale":[4.0,4.0,4.0]}}}