{"textures":{"0":"modelengine:entity/nocsy_drakonin"},"elements":[{"from":[3.7327132,7.9457145,-1.9431486],"to":[12.304142,7.9457145,5.485424],"rotation":{"angle":0.0,"axis":"y","origin":[7.275571,7.9457145,5.8854237]},"faces":{"east":{"uv":[9.8125,6.875,9.0,6.875],"rotation":0,"texture":"#0","tintindex":0},"south":{"uv":[9.8125,3.25,8.875,3.25],"rotation":0,"texture":"#0","tintindex":0},"north":{"uv":[8.8125,3.25,7.875,3.25],"rotation":0,"texture":"#0","tintindex":0},"west":{"uv":[9.375,7.0625,8.5625,7.0625],"rotation":0,"texture":"#0","tintindex":0},"up":{"uv":[4.75,6.0625,5.6875,5.25],"rotation":0,"texture":"#0","tintindex":0},"down":{"uv":[5.5,0.0,6.4375,0.8125],"rotation":0,"texture":"#0","tintindex":0}}},{"from":[6.589856,6.517143,3.1997094],"to":[9.447,9.374286,5.485424],"rotation":{"angle":0.0,"axis":"y","origin":[7.275571,7.9457145,5.8854237]},"faces":{"east":{"uv":[1.125,9.1875,0.875,9.5],"rotation":0,"texture":"#0","tintindex":0},"south":{"uv":[8.8125,0.875,8.5,1.1875],"rotation":0,"texture":"#0","tintindex":0},"north":{"uv":[8.75,5.5,8.4375,5.8125],"rotation":0,"texture":"#0","tintindex":0},"west":{"uv":[9.375,7.625,9.125,7.9375],"rotation":0,"texture":"#0","tintindex":0},"up":{"uv":[1.1875,9.4375,1.5,9.1875],"rotation":0,"texture":"#0","tintindex":0},"down":{"uv":[2.0625,9.1875,2.375,9.4375],"rotation":0,"texture":"#0","tintindex":0}}},{"from":[8.002221,7.0885715,4.5414524],"to":[17.716507,8.802857,6.2557383],"rotation":{"angle":-22.5,"axis":"y","origin":[8.8593645,7.9457145,6.5414524]},"faces":{"east":{"uv":[10.25,7.375,10.0625,7.5625],"rotation":0,"texture":"#0","tintindex":0},"south":{"uv":[8.125,1.125,7.0625,1.3125],"rotation":0,"texture":"#0","tintindex":0},"north":{"uv":[7.875,3.4375,6.8125,3.625],"rotation":0,"texture":"#0","tintindex":0},"west":{"uv":[10.25,7.125,10.0625,7.3125],"rotation":0,"texture":"#0","tintindex":0},"up":{"uv":[7.0625,1.5625,8.125,1.375],"rotation":0,"texture":"#0","tintindex":0},"down":{"uv":[7.0625,1.625,8.125,1.8125],"rotation":0,"texture":"#0","tintindex":0}}},{"from":[15.784662,7.0942855,11.272357],"to":[22.058949,8.797143,12.975214],"rotation":{"angle":-45.0,"axis":"y","origin":[20.636091,7.9457145,12.123786]},"faces":{"east":{"uv":[7.875,10.0625,7.6875,10.25],"rotation":0,"texture":"#0","tintindex":0},"south":{"uv":[8.5,2.375,7.8125,2.5625],"rotation":0,"texture":"#0","tintindex":0},"north":{"uv":[8.4375,6.375,7.75,6.5625],"rotation":0,"texture":"#0","tintindex":0},"west":{"uv":[10.25,7.625,10.0625,7.8125],"rotation":0,"texture":"#0","tintindex":0},"up":{"uv":[7.8125,2.8125,8.5,2.625],"rotation":0,"texture":"#0","tintindex":0},"down":{"uv":[5.4375,7.8125,6.125,8.0],"rotation":0,"texture":"#0","tintindex":0}}},{"from":[20.75732,7.0885715,11.91591],"to":[22.471607,8.802857,18.201626],"rotation":{"angle":22.5,"axis":"y","origin":[23.900177,7.9457145,12.773053]},"faces":{"east":{"uv":[8.5,6.875,7.8125,7.0625],"rotation":0,"texture":"#0","tintindex":0},"south":{"uv":[0.1875,10.125,0.0,10.3125],"rotation":0,"texture":"#0","tintindex":0},"north":{"uv":[10.25,8.25,10.0625,8.4375],"rotation":0,"texture":"#0","tintindex":0},"west":{"uv":[8.5,6.625,7.8125,6.8125],"rotation":0,"texture":"#0","tintindex":0},"up":{"uv":[0.0,8.5625,0.1875,7.875],"rotation":0,"texture":"#0","tintindex":0},"down":{"uv":[0.25,7.875,0.4375,8.5625],"rotation":0,"texture":"#0","tintindex":0}}},{"from":[8.002221,8.002857,4.5414524],"to":[26.287937,8.117143,27.970026],"rotation":{"angle":0.0,"axis":"y","origin":[8.8593645,7.9457145,6.5414524]},"faces":{"east":{"uv":[10.0,7.375,7.4375,7.4375],"rotation":0,"texture":"#0","tintindex":0},"south":{"uv":[9.9375,3.4375,7.9375,3.5],"rotation":0,"texture":"#0","tintindex":0},"north":{"uv":[9.875,3.125,7.875,3.1875],"rotation":0,"texture":"#0","tintindex":0},"west":{"uv":[10.0,7.25,7.4375,7.3125],"rotation":0,"texture":"#0","tintindex":0},"up":{"uv":[0.0,2.5625,2.0,0.0],"rotation":0,"texture":"#0","tintindex":0},"down":{"uv":[2.0625,0.0,4.0625,2.5625],"rotation":0,"texture":"#0","tintindex":0}}}],"display":{"head":{"translation":[0.0,-6.4,0.0],"scale":[4.0,4.0,4.0]}}}