{"textures":{"0":"modelengine:entity/nocsy_drakonin"},"elements":[{"from":[7.428571,5.121703,6.46508],"to":[9.714286,9.121703,9.893651],"rotation":{"angle":-22.5,"axis":"x","origin":[6.0,7.978846,8.750794]},"faces":{"east":{"uv":[7.3125,5.6875,7.6875,6.125],"rotation":0,"texture":"#0","tintindex":0},"south":{"uv":[8.25,3.6875,8.5,4.125],"rotation":0,"texture":"#0","tintindex":0},"north":{"uv":[2.25,8.25,2.5,8.6875],"rotation":0,"texture":"#0","tintindex":0},"west":{"uv":[5.75,7.3125,6.125,7.75],"rotation":0,"texture":"#0","tintindex":0},"up":{"uv":[7.875,9.0,7.625,8.625],"rotation":0,"texture":"#0","tintindex":0},"down":{"uv":[8.75,8.625,8.5,9.0],"rotation":0,"texture":"#0","tintindex":0}}}],"display":{"head":{"translation":[0.0,-6.4,0.0],"scale":[4.0,4.0,4.0]}}}