{"textures":{"0":"modelengine:entity/nocsy_drakonin"},"elements":[{"from":[7.428571,5.121703,5.893651],"to":[9.714286,9.693131,9.893651],"rotation":{"angle":-22.5,"axis":"x","origin":[6.0,7.978846,8.750794]},"faces":{"east":{"uv":[4.25,6.9375,4.6875,7.4375],"rotation":0,"texture":"#0","tintindex":0},"south":{"uv":[3.0625,8.0,3.3125,8.5],"rotation":0,"texture":"#0","tintindex":0},"north":{"uv":[2.75,8.0,3.0,8.5],"rotation":0,"texture":"#0","tintindex":0},"west":{"uv":[4.75,6.9375,5.1875,7.4375],"rotation":0,"texture":"#0","tintindex":0},"up":{"uv":[4.8125,8.6875,4.5625,8.25],"rotation":0,"texture":"#0","tintindex":0},"down":{"uv":[8.4375,8.25,8.1875,8.6875],"rotation":0,"texture":"#0","tintindex":0}}}],"display":{"head":{"translation":[0.0,-6.4,0.0],"scale":[4.0,4.0,4.0]}}}