{"textures":{"0":"modelengine:entity/nocsy_drakonin"},"elements":[{"from":[6.0,4.4428897,6.7742376],"to":[10.0,8.44289,9.63138],"rotation":{"angle":22.5,"axis":"x","origin":[7.142857,5.932515,12.033907]},"faces":{"east":{"uv":[4.375,6.3125,4.6875,6.75],"rotation":0,"texture":"#0","tintindex":0},"south":{"uv":[5.25,7.1875,5.6875,7.625],"rotation":0,"texture":"#0","tintindex":0},"north":{"uv":[6.9375,7.125,7.375,7.5625],"rotation":0,"texture":"#0","tintindex":0},"west":{"uv":[4.5,7.75,4.8125,8.1875],"rotation":0,"texture":"#0","tintindex":0},"up":{"uv":[8.1875,4.9375,7.75,4.625],"rotation":0,"texture":"#0","tintindex":0},"down":{"uv":[8.1875,5.0,7.75,5.3125],"rotation":0,"texture":"#0","tintindex":0}}}],"display":{"head":{"translation":[0.0,-6.4,0.0],"scale":[4.0,4.0,4.0]}}}