{"textures":{"0":"modelengine:entity/nocsy_drakonin"},"elements":[{"from":[6.5714283,5.7632623,7.1870265],"to":[9.428572,9.1918335,11.187027],"rotation":{"angle":22.5,"axis":"x","origin":[7.714286,6.7367954,10.716557]},"faces":{"east":{"uv":[7.3125,6.6875,7.75,7.0625],"rotation":0,"texture":"#0","tintindex":0},"south":{"uv":[8.1875,1.6875,8.5,2.0625],"rotation":0,"texture":"#0","tintindex":0},"north":{"uv":[8.125,5.9375,8.4375,6.3125],"rotation":0,"texture":"#0","tintindex":0},"west":{"uv":[7.375,2.875,7.8125,3.25],"rotation":0,"texture":"#0","tintindex":0},"up":{"uv":[8.0625,5.8125,7.75,5.375],"rotation":0,"texture":"#0","tintindex":0},"down":{"uv":[8.0625,5.875,7.75,6.3125],"rotation":0,"texture":"#0","tintindex":0}}},{"from":[4.2285714,7.648977,8.329884],"to":[6.5142856,7.648977,12.901312],"rotation":{"angle":22.5,"axis":"z","origin":[5.428571,8.048977,10.615598]},"faces":{"east":{"uv":[10.3125,2.375,10.8125,2.375],"rotation":0,"texture":"#0","tintindex":0},"south":{"uv":[8.875,8.5625,9.125,8.5625],"rotation":0,"texture":"#0","tintindex":0},"north":{"uv":[8.6875,4.4375,8.9375,4.4375],"rotation":0,"texture":"#0","tintindex":0},"west":{"uv":[10.3125,2.4375,10.8125,2.4375],"rotation":0,"texture":"#0","tintindex":0},"up":{"uv":[5.125,8.625,4.875,8.125],"rotation":0,"texture":"#0","tintindex":0},"down":{"uv":[8.375,5.375,8.125,5.875],"rotation":0,"texture":"#0","tintindex":0}}},{"from":[9.485714,7.648977,8.329884],"to":[11.771429,7.648977,12.901312],"rotation":{"angle":-22.5,"axis":"z","origin":[10.571428,8.048977,10.615598]},"faces":{"east":{"uv":[10.3125,5.25,10.8125,5.25],"rotation":0,"texture":"#0","tintindex":0},"south":{"uv":[9.0625,3.0625,9.3125,3.0625],"rotation":0,"texture":"#0","tintindex":0},"north":{"uv":[9.0625,3.0,9.3125,3.0],"rotation":0,"texture":"#0","tintindex":0},"west":{"uv":[10.3125,5.3125,10.8125,5.3125],"rotation":0,"texture":"#0","tintindex":0},"up":{"uv":[6.3125,8.625,6.0625,8.125],"rotation":0,"texture":"#0","tintindex":0},"down":{"uv":[6.625,8.125,6.375,8.625],"rotation":0,"texture":"#0","tintindex":0}}}],"display":{"head":{"translation":[0.0,-6.4,0.0],"scale":[4.0,4.0,4.0]}}}