{"textures":{"0":"modelengine:entity/sprite_nether"},"elements":[{"from":[6.5714283,7.6666665,6.1827846],"to":[9.428572,10.523809,9.0399275],"rotation":{"angle":0.0,"axis":"y","origin":[7.9042215,6.5739985,8.990085]},"faces":{"east":{"uv":[4.0,5.0,5.25,6.25],"rotation":0,"texture":"#0","tintindex":0},"south":{"uv":[0.0,5.25,1.25,6.5],"rotation":0,"texture":"#0","tintindex":0},"north":{"uv":[4.0,3.5,5.25,4.75],"rotation":0,"texture":"#0","tintindex":0},"west":{"uv":[1.5,5.25,2.75,6.5],"rotation":0,"texture":"#0","tintindex":0},"up":{"uv":[6.75,4.75,5.5,3.5],"rotation":0,"texture":"#0","tintindex":0},"down":{"uv":[6.75,5.0,5.5,6.25],"rotation":0,"texture":"#0","tintindex":0}}},{"from":[5.8203225,8.380953,8.7902355],"to":[6.1060367,9.523809,9.361664],"rotation":{"angle":-45.0,"axis":"y","origin":[7.909086,6.5739985,8.990085]},"faces":{"east":{"uv":[7.5,6.75,7.75,7.25],"rotation":0,"texture":"#0","tintindex":0},"south":{"uv":[7.0,7.5,7.25,8.0],"rotation":0,"texture":"#0","tintindex":0},"north":{"uv":[6.5,7.5,6.75,8.0],"rotation":0,"texture":"#0","tintindex":0},"west":{"uv":[7.5,7.5,7.75,8.0],"rotation":0,"texture":"#0","tintindex":0},"up":{"uv":[7.75,8.5,7.5,8.25],"rotation":0,"texture":"#0","tintindex":0},"down":{"uv":[8.25,8.25,8.0,8.5],"rotation":0,"texture":"#0","tintindex":0}}},{"from":[9.712135,8.380953,9.047379],"to":[9.99785,9.523809,9.618807],"rotation":{"angle":45.0,"axis":"y","origin":[7.909086,6.5739985,8.990085]},"faces":{"east":{"uv":[0.5,7.75,0.75,8.25],"rotation":0,"texture":"#0","tintindex":0},"south":{"uv":[1.0,7.75,1.25,8.25],"rotation":0,"texture":"#0","tintindex":0},"north":{"uv":[0.0,7.75,0.25,8.25],"rotation":0,"texture":"#0","tintindex":0},"west":{"uv":[1.5,7.75,1.75,8.25],"rotation":0,"texture":"#0","tintindex":0},"up":{"uv":[0.25,8.75,0.0,8.5],"rotation":0,"texture":"#0","tintindex":0},"down":{"uv":[8.75,0.0,8.5,0.25],"rotation":0,"texture":"#0","tintindex":0}}}],"display":{"head":{"translation":[0.0,-6.4,0.0],"scale":[4.0,4.0,4.0]}}}