{"textures":{"0":"modelengine:entity/sprite_nether"},"elements":[{"from":[7.992857,7.222479,8.346542],"to":[7.992857,10.651051,12.346542],"rotation":{"angle":-22.5,"axis":"x","origin":[9.039936,7.071636,7.990187]},"faces":{"east":{"uv":[2.0,0.0,3.75,1.5],"rotation":0,"texture":"#0","tintindex":0},"south":{"uv":[8.75,4.25,8.75,5.75],"rotation":0,"texture":"#0","tintindex":0},"north":{"uv":[8.75,2.5,8.75,4.0],"rotation":0,"texture":"#0","tintindex":0},"west":{"uv":[2.0,1.75,3.75,3.25],"rotation":0,"texture":"#0","tintindex":0},"up":{"uv":[4.5,10.5,4.5,8.75],"rotation":0,"texture":"#0","tintindex":0},"down":{"uv":[4.75,8.75,4.75,10.5],"rotation":0,"texture":"#0","tintindex":0}}},{"from":[8.007143,5.357908,7.5508795],"to":[8.007143,8.786479,11.5508795],"rotation":{"angle":22.5,"axis":"x","origin":[9.039936,7.071636,7.990187]},"faces":{"east":{"uv":[0.0,0.0,1.75,1.5],"rotation":0,"texture":"#0","tintindex":0},"south":{"uv":[8.5,4.25,8.5,5.75],"rotation":0,"texture":"#0","tintindex":0},"north":{"uv":[8.5,2.5,8.5,4.0],"rotation":0,"texture":"#0","tintindex":0},"west":{"uv":[0.0,1.75,1.75,3.25],"rotation":0,"texture":"#0","tintindex":0},"up":{"uv":[8.5,7.75,8.5,6.0],"rotation":0,"texture":"#0","tintindex":0},"down":{"uv":[8.5,8.0,8.5,9.75],"rotation":0,"texture":"#0","tintindex":0}}}],"display":{"head":{"translation":[0.0,-6.4,0.0],"scale":[4.0,4.0,4.0]}}}