{"textures":{"0":"modelengine:entity/sprite_nether"},"elements":[{"from":[8.13688,5.607024,7.7285714],"to":[8.679737,6.7498817,8.271429],"rotation":{"angle":-45.0,"axis":"z","origin":[9.786132,7.851881,8.80491]},"faces":{"east":{"uv":[5.5,7.5,5.75,8.0],"rotation":0,"texture":"#0","tintindex":0},"south":{"uv":[6.0,7.5,6.25,8.0],"rotation":0,"texture":"#0","tintindex":0},"north":{"uv":[5.0,7.5,5.25,8.0],"rotation":0,"texture":"#0","tintindex":0},"west":{"uv":[7.5,6.0,7.75,6.5],"rotation":0,"texture":"#0","tintindex":0},"up":{"uv":[6.75,8.5,6.5,8.25],"rotation":0,"texture":"#0","tintindex":0},"down":{"uv":[7.25,8.25,7.0,8.5],"rotation":0,"texture":"#0","tintindex":0}}}],"display":{"head":{"translation":[0.0,-6.4,0.0],"scale":[4.0,4.0,4.0]}}}