{"textures":{"0":"modelengine:entity/sprite_nether"},"elements":[{"from":[6.5714283,6.609308,7.120162],"to":[9.428572,8.323593,8.834448],"rotation":{"angle":-22.5,"axis":"x","origin":[7.9042215,8.17275,8.478092]},"faces":{"east":{"uv":[7.0,4.0,7.75,4.75],"rotation":0,"texture":"#0","tintindex":0},"south":{"uv":[6.0,1.0,7.25,1.75],"rotation":0,"texture":"#0","tintindex":0},"north":{"uv":[6.0,0.0,7.25,0.75],"rotation":0,"texture":"#0","tintindex":0},"west":{"uv":[7.0,5.0,7.75,5.75],"rotation":0,"texture":"#0","tintindex":0},"up":{"uv":[7.25,2.75,6.0,2.0],"rotation":0,"texture":"#0","tintindex":0},"down":{"uv":[4.25,6.5,3.0,7.25],"rotation":0,"texture":"#0","tintindex":0}}}],"display":{"head":{"translation":[0.0,-6.4,0.0],"scale":[4.0,4.0,4.0]}}}