{"textures":{"0":"modelengine:entity/sprite_nether"},"elements":[{"from":[8.007143,7.222479,8.346542],"to":[8.007143,10.651051,12.346542],"rotation":{"angle":-22.5,"axis":"x","origin":[6.9600644,7.071636,7.990187]},"faces":{"east":{"uv":[0.0,3.5,1.75,5.0],"rotation":0,"texture":"#0","tintindex":0},"south":{"uv":[5.25,8.75,5.25,10.25],"rotation":0,"texture":"#0","tintindex":0},"north":{"uv":[5.0,8.75,5.0,10.25],"rotation":0,"texture":"#0","tintindex":0},"west":{"uv":[2.0,3.5,3.75,5.0],"rotation":0,"texture":"#0","tintindex":0},"up":{"uv":[5.5,10.5,5.5,8.75],"rotation":0,"texture":"#0","tintindex":0},"down":{"uv":[5.75,8.75,5.75,10.5],"rotation":0,"texture":"#0","tintindex":0}}},{"from":[7.992857,5.357908,7.5508795],"to":[7.992857,8.786479,11.5508795],"rotation":{"angle":22.5,"axis":"x","origin":[6.9600644,7.071636,7.990187]},"faces":{"east":{"uv":[4.0,0.0,5.75,1.5],"rotation":0,"texture":"#0","tintindex":0},"south":{"uv":[8.75,6.0,8.75,7.5],"rotation":0,"texture":"#0","tintindex":0},"north":{"uv":[6.0,8.75,6.0,10.25],"rotation":0,"texture":"#0","tintindex":0},"west":{"uv":[4.0,1.75,5.75,3.25],"rotation":0,"texture":"#0","tintindex":0},"up":{"uv":[6.25,10.5,6.25,8.75],"rotation":0,"texture":"#0","tintindex":0},"down":{"uv":[6.5,8.75,6.5,10.5],"rotation":0,"texture":"#0","tintindex":0}}}],"display":{"head":{"translation":[0.0,-6.4,0.0],"scale":[4.0,4.0,4.0]}}}