{"textures":{"0":"modelengine:entity/sprite_nether"},"elements":[{"from":[8.024324,5.974392,7.714286],"to":[8.595753,7.117249,8.285714],"rotation":{"angle":45.0,"axis":"z","origin":[6.9322147,7.076391,8.80491]},"faces":{"east":{"uv":[8.0,6.0,8.25,6.5],"rotation":0,"texture":"#0","tintindex":0},"south":{"uv":[8.0,6.75,8.25,7.25],"rotation":0,"texture":"#0","tintindex":0},"north":{"uv":[8.0,5.25,8.25,5.75],"rotation":0,"texture":"#0","tintindex":0},"west":{"uv":[8.0,7.5,8.25,8.0],"rotation":0,"texture":"#0","tintindex":0},"up":{"uv":[1.75,8.75,1.5,8.5],"rotation":0,"texture":"#0","tintindex":0},"down":{"uv":[8.75,1.5,8.5,1.75],"rotation":0,"texture":"#0","tintindex":0}}}],"display":{"head":{"translation":[0.0,-6.4,0.0],"scale":[4.0,4.0,4.0]}}}