{"textures":{"0":"modelengine:entity/sprite_nether"},"elements":[{"from":[7.714286,6.857143,7.714286],"to":[8.285714,8.0,8.285714],"rotation":{"angle":0.0,"axis":"y","origin":[7.381493,9.449721,7.874259]},"faces":{"east":{"uv":[8.0,0.0,8.25,0.5],"rotation":0,"texture":"#0","tintindex":0},"south":{"uv":[8.0,0.75,8.25,1.25],"rotation":0,"texture":"#0","tintindex":0},"north":{"uv":[2.0,7.75,2.25,8.25],"rotation":0,"texture":"#0","tintindex":0},"west":{"uv":[8.0,1.5,8.25,2.0],"rotation":0,"texture":"#0","tintindex":0},"up":{"uv":[0.75,8.75,0.5,8.5],"rotation":0,"texture":"#0","tintindex":0},"down":{"uv":[8.75,0.5,8.5,0.75],"rotation":0,"texture":"#0","tintindex":0}}}],"display":{"head":{"translation":[0.0,-6.4,0.0],"scale":[4.0,4.0,4.0]}}}