{"textures":{"0":"modelengine:entity/sprite_nether"},"elements":[{"from":[7.320263,5.607024,7.7285714],"to":[7.86312,6.7498817,8.271429],"rotation":{"angle":45.0,"axis":"z","origin":[6.213868,7.851881,8.80491]},"faces":{"east":{"uv":[3.0,8.25,3.25,8.75],"rotation":0,"texture":"#0","tintindex":0},"south":{"uv":[3.5,8.25,3.75,8.75],"rotation":0,"texture":"#0","tintindex":0},"north":{"uv":[2.5,8.25,2.75,8.75],"rotation":0,"texture":"#0","tintindex":0},"west":{"uv":[4.0,8.25,4.25,8.75],"rotation":0,"texture":"#0","tintindex":0},"up":{"uv":[2.25,8.75,2.0,8.5],"rotation":0,"texture":"#0","tintindex":0},"down":{"uv":[8.75,2.0,8.5,2.25],"rotation":0,"texture":"#0","tintindex":0}}}],"display":{"head":{"translation":[0.0,-6.4,0.0],"scale":[4.0,4.0,4.0]}}}