{"textures":{"0":"modelengine:entity/kraken"},"elements":[{"from":[7.502857,8.17022,5.9530935],"to":[8.497143,9.164507,7.941665],"rotation":{"angle":-22.5,"axis":"x","origin":[8.0,9.041286,9.51227]},"faces":{"east":{"uv":[6.484,10.016,5.016,10.984],"rotation":0,"texture":"#0","tintindex":0},"south":{"uv":[12.984,9.016,12.016,9.984],"rotation":0,"texture":"#0","tintindex":0},"north":{"uv":[10.484,12.016,9.516,12.984],"rotation":0,"texture":"#0","tintindex":0},"west":{"uv":[11.484,4.516,10.016,5.484],"rotation":0,"texture":"#0","tintindex":0},"up":{"uv":[1.484,10.516,0.016,11.484],"rotation":90,"texture":"#0","tintindex":0},"down":{"uv":[11.984,0.984,10.516,0.016],"rotation":270,"texture":"#0","tintindex":0}}}],"display":{"head":{"translation":[0.0,-6.4,0.0],"scale":[4.0,4.0,4.0]}}}