{"textures":{"0":"modelengine:entity/kraken"},"elements":[{"from":[7.337143,6.153209,7.3376117],"to":[8.662857,8.141781,8.663326],"rotation":{"angle":45.0,"axis":"x","origin":[8.0,7.9515996,8.393766]},"faces":{"east":{"uv":[8.484,10.516,7.516,11.984],"rotation":0,"texture":"#0","tintindex":0},"south":{"uv":[2.484,10.516,1.516,11.984],"rotation":0,"texture":"#0","tintindex":0},"north":{"uv":[11.484,7.516,10.516,8.984],"rotation":0,"texture":"#0","tintindex":0},"west":{"uv":[7.484,10.016,6.516,11.484],"rotation":0,"texture":"#0","tintindex":0},"up":{"uv":[12.984,10.016,12.016,10.984],"rotation":90,"texture":"#0","tintindex":0},"down":{"uv":[12.984,11.984,12.016,11.016],"rotation":270,"texture":"#0","tintindex":0}}}],"display":{"head":{"translation":[0.0,-6.4,0.0],"scale":[4.0,4.0,4.0]}}}