{"textures":{"0":"modelengine:entity/kraken"},"elements":[{"from":[7.264734,6.0031996,7.337143],"to":[8.590448,7.991771,8.662857],"rotation":{"angle":45.0,"axis":"z","origin":[7.4985695,7.837314,7.8794804]},"faces":{"east":{"uv":[11.484,7.516,10.516,8.984],"rotation":0,"texture":"#0","tintindex":0},"south":{"uv":[8.484,10.516,7.516,11.984],"rotation":0,"texture":"#0","tintindex":0},"north":{"uv":[7.484,10.016,6.516,11.484],"rotation":0,"texture":"#0","tintindex":0},"west":{"uv":[2.484,10.516,1.516,11.984],"rotation":0,"texture":"#0","tintindex":0},"up":{"uv":[12.016,10.984,12.984,10.016],"rotation":0,"texture":"#0","tintindex":0},"down":{"uv":[12.016,11.016,12.984,11.984],"rotation":0,"texture":"#0","tintindex":0}}}],"display":{"head":{"translation":[0.0,-6.4,0.0],"scale":[4.0,4.0,4.0]}}}