{"textures":{"0":"modelengine:entity/sprite_forest"},"elements":[{"from":[7.7214284,7.645926,5.8932476],"to":[8.278571,8.788783,6.4646764],"rotation":{"angle":-45.0,"axis":"x","origin":[8.62565,10.508895,7.839596]},"faces":{"east":{"uv":[3.5,7.5,3.75,8.0],"rotation":0,"texture":"#0","tintindex":0},"south":{"uv":[4.0,7.5,4.25,8.0],"rotation":0,"texture":"#0","tintindex":0},"north":{"uv":[3.0,7.5,3.25,8.0],"rotation":0,"texture":"#0","tintindex":0},"west":{"uv":[4.5,7.5,4.75,8.0],"rotation":0,"texture":"#0","tintindex":0},"up":{"uv":[5.75,8.5,5.5,8.25],"rotation":0,"texture":"#0","tintindex":0},"down":{"uv":[6.25,8.25,6.0,8.5],"rotation":0,"texture":"#0","tintindex":0}}}],"display":{"head":{"translation":[0.0,-6.4,0.0],"scale":[4.0,4.0,4.0]}}}