{"textures":{"0":"modelengine:entity/sprite_forest"},"elements":[{"from":[7.714286,6.857143,7.714286],"to":[8.285714,8.0,8.285714],"rotation":{"angle":0.0,"axis":"y","origin":[8.618507,9.449721,7.874259]},"faces":{"east":{"uv":[7.5,1.5,7.75,2.0],"rotation":0,"texture":"#0","tintindex":0},"south":{"uv":[7.5,2.25,7.75,2.75],"rotation":0,"texture":"#0","tintindex":0},"north":{"uv":[7.5,0.75,7.75,1.25],"rotation":0,"texture":"#0","tintindex":0},"west":{"uv":[2.5,7.5,2.75,8.0],"rotation":0,"texture":"#0","tintindex":0},"up":{"uv":[4.75,8.5,4.5,8.25],"rotation":0,"texture":"#0","tintindex":0},"down":{"uv":[5.25,8.25,5.0,8.5],"rotation":0,"texture":"#0","tintindex":0}}}],"display":{"head":{"translation":[0.0,-6.4,0.0],"scale":[4.0,4.0,4.0]}}}