{"textures":{"0":"modelengine:entity/sprite_forest"},"elements":[{"from":[7.4042473,5.974392,7.714286],"to":[7.975676,7.117249,8.285714],"rotation":{"angle":-45.0,"axis":"z","origin":[9.067785,7.076391,8.80491]},"faces":{"east":{"uv":[7.0,6.0,7.25,6.5],"rotation":0,"texture":"#0","tintindex":0},"south":{"uv":[7.0,6.75,7.25,7.25],"rotation":0,"texture":"#0","tintindex":0},"north":{"uv":[2.5,6.75,2.75,7.25],"rotation":0,"texture":"#0","tintindex":0},"west":{"uv":[7.5,0.0,7.75,0.5],"rotation":0,"texture":"#0","tintindex":0},"up":{"uv":[6.25,3.25,6.0,3.0],"rotation":0,"texture":"#0","tintindex":0},"down":{"uv":[6.75,3.0,6.5,3.25],"rotation":0,"texture":"#0","tintindex":0}}}],"display":{"head":{"translation":[0.0,-6.4,0.0],"scale":[4.0,4.0,4.0]}}}