{"textures":{"0":"modelengine:entity/sprite_forest"},"elements":[{"from":[7.7214284,7.645926,5.8932476],"to":[8.278571,8.788783,6.4646764],"rotation":{"angle":-45.0,"axis":"x","origin":[7.37435,10.508895,7.839596]},"faces":{"east":{"uv":[8.0,3.0,8.25,3.5],"rotation":0,"texture":"#0","tintindex":0},"south":{"uv":[8.0,3.75,8.25,4.25],"rotation":0,"texture":"#0","tintindex":0},"north":{"uv":[8.0,2.25,8.25,2.75],"rotation":0,"texture":"#0","tintindex":0},"west":{"uv":[8.0,4.5,8.25,5.0],"rotation":0,"texture":"#0","tintindex":0},"up":{"uv":[1.25,8.75,1.0,8.5],"rotation":0,"texture":"#0","tintindex":0},"down":{"uv":[8.75,1.0,8.5,1.25],"rotation":0,"texture":"#0","tintindex":0}}}],"display":{"head":{"translation":[0.0,-6.4,0.0],"scale":[4.0,4.0,4.0]}}}