{"textures":{"0":"modelengine:entity/sprite_forest"},"elements":[{"from":[6.857143,8.168371,7.1333337],"to":[9.142858,9.882657,8.847619],"rotation":{"angle":-22.5,"axis":"x","origin":[7.9042215,8.017529,8.491264]},"faces":{"east":{"uv":[3.0,5.25,3.75,6.0],"rotation":0,"texture":"#0","tintindex":0},"south":{"uv":[5.75,6.5,6.75,7.25],"rotation":0,"texture":"#0","tintindex":0},"north":{"uv":[4.5,6.5,5.5,7.25],"rotation":0,"texture":"#0","tintindex":0},"west":{"uv":[7.0,3.0,7.75,3.75],"rotation":0,"texture":"#0","tintindex":0},"up":{"uv":[1.0,7.5,0.0,6.75],"rotation":0,"texture":"#0","tintindex":0},"down":{"uv":[2.25,6.75,1.25,7.5],"rotation":0,"texture":"#0","tintindex":0}}}],"display":{"head":{"translation":[0.0,-6.4,0.0],"scale":[4.0,4.0,4.0]}}}