{"textures":{"0":"minecraft:nocsy/toffy_yarn"},"elements":[{"from":[6.6615987,6.7247515,6.535714],"to":[9.518742,9.581895,9.392858],"rotation":{"angle":0.0,"axis":"y","origin":[3.5187416,6.7247515,3.392857]},"faces":{"east":{"uv":[7.0,3.5,9.5,6.0],"rotation":0,"texture":"#0","tintindex":0},"south":{"uv":[6.5,7.0,9.0,9.5],"rotation":0,"texture":"#0","tintindex":0},"north":{"uv":[3.5,7.0,6.0,9.5],"rotation":0,"texture":"#0","tintindex":0},"west":{"uv":[9.5,6.5,12.0,9.0],"rotation":0,"texture":"#0","tintindex":0},"up":{"uv":[12.0,12.0,9.5,9.5],"rotation":0,"texture":"#0","tintindex":0},"down":{"uv":[6.0,10.0,3.5,12.5],"rotation":0,"texture":"#0","tintindex":0}}},{"from":[5.5187416,7.153323,6.3785715],"to":[8.375885,8.29618,6.3785715],"rotation":{"angle":22.5,"axis":"z","origin":[8.09017,8.153323,6.964286]},"faces":{"east":{"uv":[10.5,1.5,12.0,2.5],"rotation":0,"texture":"#0","tintindex":0},"south":{"uv":[10.5,0.0,13.0,1.0],"rotation":0,"texture":"#0","tintindex":0},"north":{"uv":[0.0,10.5,2.5,11.5],"rotation":0,"texture":"#0","tintindex":0},"west":{"uv":[0.0,12.0,1.5,13.0],"rotation":0,"texture":"#0","tintindex":0},"up":{"uv":[12.5,5.0,10.0,3.5],"rotation":0,"texture":"#0","tintindex":0},"down":{"uv":[9.0,10.0,6.5,11.5],"rotation":0,"texture":"#0","tintindex":0}}},{"from":[5.5187416,7.153323,6.3785715],"to":[5.5187416,8.29618,7.5214286],"rotation":{"angle":22.5,"axis":"z","origin":[8.09017,8.153323,6.964286]},"faces":{"east":{"uv":[10.5,1.5,11.5,2.5],"rotation":0,"texture":"#0","tintindex":0},"south":{"uv":[10.5,0.0,13.0,1.0],"rotation":0,"texture":"#0","tintindex":0},"north":{"uv":[0.0,10.5,2.5,11.5],"rotation":0,"texture":"#0","tintindex":0},"west":{"uv":[0.0,12.0,1.0,13.0],"rotation":0,"texture":"#0","tintindex":0},"up":{"uv":[12.5,5.0,10.0,3.5],"rotation":0,"texture":"#0","tintindex":0},"down":{"uv":[9.0,10.0,6.5,11.5],"rotation":0,"texture":"#0","tintindex":0}}},{"from":[6.5187416,6.5818944,6.392857],"to":[9.661599,9.724751,9.535714],"rotation":{"angle":0.0,"axis":"y","origin":[3.5187416,6.7247515,3.392857]},"faces":{"east":{"uv":[0.0,3.5,3.0,6.5],"rotation":0,"texture":"#0","tintindex":0},"south":{"uv":[3.5,0.0,6.5,3.0],"rotation":0,"texture":"#0","tintindex":0},"north":{"uv":[0.0,0.0,3.0,3.0],"rotation":0,"texture":"#0","tintindex":0},"west":{"uv":[3.5,3.5,6.5,6.5],"rotation":0,"texture":"#0","tintindex":0},"up":{"uv":[3.0,10.0,0.0,7.0],"rotation":0,"texture":"#0","tintindex":0},"down":{"uv":[10.0,0.0,7.0,3.0],"rotation":0,"texture":"#0","tintindex":0}}}],"display":{"head":{"translation":[0.0,-6.4,0.0],"scale":[4.0,4.0,4.0]}}}