{"textures":{"0":"modelengine:entity/nocsy_drakonin4"},"elements":[{"from":[5.82059,5.8754835,5.3885746],"to":[5.82059,8.161198,9.960003],"rotation":{"angle":-22.5,"axis":"z","origin":[5.592019,7.646912,7.6742887]},"faces":{"east":{"uv":[7.9375,2.125,8.4375,2.375],"rotation":0,"texture":"#0","tintindex":0},"south":{"uv":[8.3125,2.75,8.3125,3.0],"rotation":0,"texture":"#0","tintindex":0},"north":{"uv":[6.5,7.0625,6.5,7.3125],"rotation":0,"texture":"#0","tintindex":0},"west":{"uv":[3.625,7.9375,4.125,8.1875],"rotation":0,"texture":"#0","tintindex":0},"up":{"uv":[8.375,10.5,8.375,10.0],"rotation":0,"texture":"#0","tintindex":0},"down":{"uv":[9.125,10.0,9.125,10.5],"rotation":0,"texture":"#0","tintindex":0}}},{"from":[10.17941,5.8754835,5.3885746],"to":[10.17941,8.161198,9.960003],"rotation":{"angle":22.5,"axis":"z","origin":[10.407981,7.646912,7.6742887]},"faces":{"east":{"uv":[6.0,7.9375,6.5,8.1875],"rotation":0,"texture":"#0","tintindex":0},"south":{"uv":[8.5625,2.125,8.5625,2.375],"rotation":0,"texture":"#0","tintindex":0},"north":{"uv":[8.5,2.125,8.5,2.375],"rotation":0,"texture":"#0","tintindex":0},"west":{"uv":[6.5625,7.9375,7.0625,8.1875],"rotation":0,"texture":"#0","tintindex":0},"up":{"uv":[9.1875,10.5,9.1875,10.0],"rotation":0,"texture":"#0","tintindex":0},"down":{"uv":[9.25,10.0,9.25,10.5],"rotation":0,"texture":"#0","tintindex":0}}},{"from":[6.0,8.03458,5.3885746],"to":[10.0,12.03458,11.10286],"rotation":{"angle":0.0,"axis":"y","origin":[8.0,9.548865,7.734985]},"faces":{"east":{"uv":[5.5,2.1875,6.125,2.625],"rotation":0,"texture":"#0","tintindex":0},"south":{"uv":[6.875,5.9375,7.3125,6.375],"rotation":0,"texture":"#0","tintindex":0},"north":{"uv":[5.0,6.875,5.4375,7.3125],"rotation":0,"texture":"#0","tintindex":0},"west":{"uv":[5.5,2.6875,6.125,3.125],"rotation":0,"texture":"#0","tintindex":0},"up":{"uv":[5.9375,3.8125,5.5,3.1875],"rotation":0,"texture":"#0","tintindex":0},"down":{"uv":[5.9375,3.875,5.5,4.5],"rotation":0,"texture":"#0","tintindex":0}}},{"from":[9.442785,8.891723,6.7027884],"to":[13.442785,12.891723,6.7027884],"rotation":{"angle":-45.0,"axis":"y","origin":[11.442785,10.320294,6.7027884]},"faces":{"east":{"uv":[9.3125,10.0,9.3125,10.4375],"rotation":0,"texture":"#0","tintindex":0},"south":{"uv":[6.9375,0.0,7.375,0.4375],"rotation":0,"texture":"#0","tintindex":0},"north":{"uv":[6.5625,6.875,7.0,7.3125],"rotation":0,"texture":"#0","tintindex":0},"west":{"uv":[9.375,10.0,9.375,10.4375],"rotation":0,"texture":"#0","tintindex":0},"up":{"uv":[5.9375,5.125,5.5,5.125],"rotation":0,"texture":"#0","tintindex":0},"down":{"uv":[5.9375,5.1875,5.5,5.1875],"rotation":0,"texture":"#0","tintindex":0}}},{"from":[5.428571,13.280203,5.9364543],"to":[10.571428,13.280203,8.222169],"rotation":{"angle":-22.5,"axis":"x","origin":[7.428571,11.280202,8.793597]},"faces":{"east":{"uv":[6.3125,0.5,6.5625,0.5],"rotation":0,"texture":"#0","tintindex":0},"south":{"uv":[7.8125,4.0,8.375,4.0],"rotation":0,"texture":"#0","tintindex":0},"north":{"uv":[7.5625,7.3125,8.125,7.3125],"rotation":0,"texture":"#0","tintindex":0},"west":{"uv":[6.0625,6.375,6.3125,6.375],"rotation":0,"texture":"#0","tintindex":0},"up":{"uv":[8.125,7.125,7.5625,6.875],"rotation":0,"texture":"#0","tintindex":0},"down":{"uv":[4.1875,7.625,3.625,7.875],"rotation":0,"texture":"#0","tintindex":0}}},{"from":[5.428571,13.717531,7.1657495],"to":[10.571428,13.717531,9.451464],"rotation":{"angle":-45.0,"axis":"x","origin":[7.428571,13.717531,8.308606]},"faces":{"east":{"uv":[6.0625,6.4375,6.3125,6.4375],"rotation":0,"texture":"#0","tintindex":0},"south":{"uv":[8.5625,3.8125,9.125,3.8125],"rotation":0,"texture":"#0","tintindex":0},"north":{"uv":[8.4375,4.0,9.0,4.0],"rotation":0,"texture":"#0","tintindex":0},"west":{"uv":[6.625,5.3125,6.875,5.3125],"rotation":0,"texture":"#0","tintindex":0},"up":{"uv":[6.5625,7.875,6.0,7.625],"rotation":0,"texture":"#0","tintindex":0},"down":{"uv":[7.1875,7.625,6.625,7.875],"rotation":0,"texture":"#0","tintindex":0}}},{"from":[5.428571,13.39032,6.905624],"to":[10.571428,13.39032,9.191339],"rotation":{"angle":-45.0,"axis":"x","origin":[8.0,13.609018,9.14795]},"faces":{"east":{"uv":[6.625,5.375,6.875,5.375],"rotation":0,"texture":"#0","tintindex":0},"south":{"uv":[9.0625,4.0,9.625,4.0],"rotation":0,"texture":"#0","tintindex":0},"north":{"uv":[8.625,7.125,9.1875,7.125],"rotation":0,"texture":"#0","tintindex":0},"west":{"uv":[6.875,6.4375,7.125,6.4375],"rotation":0,"texture":"#0","tintindex":0},"up":{"uv":[7.8125,7.875,7.25,7.625],"rotation":0,"texture":"#0","tintindex":0},"down":{"uv":[4.8125,7.6875,4.25,7.9375],"rotation":0,"texture":"#0","tintindex":0}}},{"from":[5.428571,13.398464,9.770222],"to":[10.571428,15.684178,9.770222],"rotation":{"angle":22.5,"axis":"x","origin":[8.0,14.541321,9.770222]},"faces":{"east":{"uv":[6.8125,8.5625,6.8125,8.8125],"rotation":0,"texture":"#0","tintindex":0},"south":{"uv":[7.75,3.0625,8.3125,3.3125],"rotation":0,"texture":"#0","tintindex":0},"north":{"uv":[4.875,7.6875,5.4375,7.9375],"rotation":0,"texture":"#0","tintindex":0},"west":{"uv":[6.875,8.5625,6.875,8.8125],"rotation":0,"texture":"#0","tintindex":0},"up":{"uv":[9.75,3.8125,9.1875,3.8125],"rotation":0,"texture":"#0","tintindex":0},"down":{"uv":[10.375,1.875,9.8125,1.875],"rotation":0,"texture":"#0","tintindex":0}}},{"from":[8.314285,8.320294,5.2885747],"to":[10.028572,12.320294,5.2885747],"rotation":{"angle":0.0,"axis":"y","origin":[8.028571,9.548865,7.634985]},"faces":{"east":{"uv":[9.4375,10.0,9.4375,10.4375],"rotation":0,"texture":"#0","tintindex":0},"south":{"uv":[7.75,8.9375,7.9375,9.375],"rotation":0,"texture":"#0","tintindex":0},"north":{"uv":[7.5,8.9375,7.6875,9.375],"rotation":0,"texture":"#0","tintindex":0},"west":{"uv":[9.5,10.0,9.5,10.4375],"rotation":0,"texture":"#0","tintindex":0},"up":{"uv":[5.1875,6.3125,5.0,6.3125],"rotation":0,"texture":"#0","tintindex":0},"down":{"uv":[7.0,2.625,6.8125,2.625],"rotation":0,"texture":"#0","tintindex":0}}},{"from":[5.9714284,8.320294,5.2885747],"to":[7.6857142,12.320294,5.2885747],"rotation":{"angle":0.0,"axis":"y","origin":[7.9714284,9.548865,7.634985]},"faces":{"east":{"uv":[9.5625,10.0,9.5625,10.4375],"rotation":0,"texture":"#0","tintindex":0},"south":{"uv":[8.875,8.9375,9.0625,9.375],"rotation":0,"texture":"#0","tintindex":0},"north":{"uv":[8.625,8.9375,8.8125,9.375],"rotation":0,"texture":"#0","tintindex":0},"west":{"uv":[0.375,10.0625,0.375,10.5],"rotation":0,"texture":"#0","tintindex":0},"up":{"uv":[7.0,2.6875,6.8125,2.6875],"rotation":0,"texture":"#0","tintindex":0},"down":{"uv":[5.1875,7.375,5.0,7.375],"rotation":0,"texture":"#0","tintindex":0}}},{"from":[2.5572147,8.891723,6.7027884],"to":[6.5572147,12.891723,6.7027884],"rotation":{"angle":45.0,"axis":"y","origin":[4.5572147,10.320294,6.7027884]},"faces":{"east":{"uv":[0.4375,10.0625,0.4375,10.5],"rotation":0,"texture":"#0","tintindex":0},"south":{"uv":[5.5,6.9375,5.9375,7.375],"rotation":0,"texture":"#0","tintindex":0},"north":{"uv":[6.9375,5.3125,7.375,5.75],"rotation":0,"texture":"#0","tintindex":0},"west":{"uv":[0.5,10.0625,0.5,10.5],"rotation":0,"texture":"#0","tintindex":0},"up":{"uv":[6.4375,7.5625,6.0,7.5625],"rotation":0,"texture":"#0","tintindex":0},"down":{"uv":[9.6875,7.125,9.25,7.125],"rotation":0,"texture":"#0","tintindex":0}}},{"from":[5.9714284,8.320294,5.3457174],"to":[7.6857142,12.320294,5.3457174],"rotation":{"angle":0.0,"axis":"y","origin":[7.9714284,9.548865,7.6921277]},"faces":{"east":{"uv":[0.5625,10.0625,0.5625,10.5],"rotation":0,"texture":"#0","tintindex":0},"south":{"uv":[0.25,9.0,0.4375,9.4375],"rotation":0,"texture":"#0","tintindex":0},"north":{"uv":[0.0,9.0,0.1875,9.4375],"rotation":0,"texture":"#0","tintindex":0},"west":{"uv":[0.625,10.0625,0.625,10.5],"rotation":0,"texture":"#0","tintindex":0},"up":{"uv":[5.4375,7.375,5.25,7.375],"rotation":0,"texture":"#0","tintindex":0},"down":{"uv":[4.4375,7.625,4.25,7.625],"rotation":0,"texture":"#0","tintindex":0}}},{"from":[8.314285,8.320294,5.3457174],"to":[10.028572,12.320294,5.3457174],"rotation":{"angle":0.0,"axis":"y","origin":[9.171429,10.320294,5.3457174]},"faces":{"east":{"uv":[0.6875,10.0625,0.6875,10.5],"rotation":0,"texture":"#0","tintindex":0},"south":{"uv":[0.75,9.0,0.9375,9.4375],"rotation":0,"texture":"#0","tintindex":0},"north":{"uv":[0.5,9.0,0.6875,9.4375],"rotation":0,"texture":"#0","tintindex":0},"west":{"uv":[0.75,10.0625,0.75,10.5],"rotation":0,"texture":"#0","tintindex":0},"up":{"uv":[8.0,6.8125,7.8125,6.8125],"rotation":0,"texture":"#0","tintindex":0},"down":{"uv":[8.1875,3.0,8.0,3.0],"rotation":0,"texture":"#0","tintindex":0}}},{"from":[6.542857,7.977437,5.2885747],"to":[6.8285713,11.291723,5.2885747],"rotation":{"angle":0.0,"axis":"y","origin":[7.9714284,9.548865,7.6921277]},"faces":{"east":{"uv":[0.8125,10.0625,0.8125,10.4375],"rotation":0,"texture":"#0","tintindex":0},"south":{"uv":[5.5,9.8125,5.5625,10.1875],"rotation":0,"texture":"#0","tintindex":0},"north":{"uv":[6.0625,1.6875,6.125,2.0625],"rotation":0,"texture":"#0","tintindex":0},"west":{"uv":[0.875,10.0625,0.875,10.4375],"rotation":0,"texture":"#0","tintindex":0},"up":{"uv":[6.125,2.125,6.0625,2.125],"rotation":0,"texture":"#0","tintindex":0},"down":{"uv":[6.6875,1.625,6.625,1.625],"rotation":0,"texture":"#0","tintindex":0}}},{"from":[9.171429,7.977437,5.2885747],"to":[9.457143,11.291723,5.2885747],"rotation":{"angle":0.0,"axis":"y","origin":[8.028571,9.548865,7.6921277]},"faces":{"east":{"uv":[0.9375,10.0625,0.9375,10.4375],"rotation":0,"texture":"#0","tintindex":0},"south":{"uv":[8.0625,9.8125,8.125,10.1875],"rotation":0,"texture":"#0","tintindex":0},"north":{"uv":[7.125,9.8125,7.1875,10.1875],"rotation":0,"texture":"#0","tintindex":0},"west":{"uv":[1.0,10.0625,1.0,10.4375],"rotation":0,"texture":"#0","tintindex":0},"up":{"uv":[3.9375,6.8125,3.875,6.8125],"rotation":0,"texture":"#0","tintindex":0},"down":{"uv":[3.8125,7.0625,3.75,7.0625],"rotation":0,"texture":"#0","tintindex":0}}},{"from":[5.9714284,8.320294,5.3457174],"to":[5.9714284,12.320294,7.0600033],"rotation":{"angle":0.0,"axis":"y","origin":[8.0,9.548865,7.734985]},"faces":{"east":{"uv":[1.0,9.0,1.1875,9.4375],"rotation":0,"texture":"#0","tintindex":0},"south":{"uv":[1.125,10.0625,1.125,10.5],"rotation":0,"texture":"#0","tintindex":0},"north":{"uv":[1.0625,10.0625,1.0625,10.5],"rotation":0,"texture":"#0","tintindex":0},"west":{"uv":[1.25,9.0,1.4375,9.4375],"rotation":0,"texture":"#0","tintindex":0},"up":{"uv":[6.0,4.5,6.0,4.3125],"rotation":0,"texture":"#0","tintindex":0},"down":{"uv":[6.5625,4.0625,6.5625,4.25],"rotation":0,"texture":"#0","tintindex":0}}},{"from":[10.028572,8.320294,5.3457174],"to":[10.028572,12.320294,7.0600033],"rotation":{"angle":0.0,"axis":"y","origin":[8.0,9.548865,7.734985]},"faces":{"east":{"uv":[1.5,9.0,1.6875,9.4375],"rotation":0,"texture":"#0","tintindex":0},"south":{"uv":[1.25,10.0625,1.25,10.5],"rotation":0,"texture":"#0","tintindex":0},"north":{"uv":[1.1875,10.0625,1.1875,10.5],"rotation":0,"texture":"#0","tintindex":0},"west":{"uv":[9.0,1.625,9.1875,2.0625],"rotation":0,"texture":"#0","tintindex":0},"up":{"uv":[8.1875,5.75,8.1875,5.5625],"rotation":0,"texture":"#0","tintindex":0},"down":{"uv":[8.25,5.5625,8.25,5.75],"rotation":0,"texture":"#0","tintindex":0}}},{"from":[6.9714284,5.4060087,2.3028598],"to":[6.9714284,9.406009,7.4457173],"rotation":{"angle":0.0,"axis":"y","origin":[8.0,7.4060087,4.8742886]},"faces":{"east":{"uv":[6.1875,2.25,6.75,2.6875],"rotation":0,"texture":"#0","tintindex":0},"south":{"uv":[1.375,10.0625,1.375,10.5],"rotation":0,"texture":"#0","tintindex":0},"north":{"uv":[1.3125,10.0625,1.3125,10.5],"rotation":0,"texture":"#0","tintindex":0},"west":{"uv":[6.3125,0.0,6.875,0.4375],"rotation":0,"texture":"#0","tintindex":0},"up":{"uv":[1.4375,10.625,1.4375,10.0625],"rotation":0,"texture":"#0","tintindex":0},"down":{"uv":[1.5,10.0625,1.5,10.625],"rotation":0,"texture":"#0","tintindex":0}}},{"from":[9.028571,5.4060087,2.3028598],"to":[9.028571,9.406009,7.4457173],"rotation":{"angle":0.0,"axis":"y","origin":[8.0,7.4060087,4.8742886]},"faces":{"east":{"uv":[2.75,6.3125,3.3125,6.75],"rotation":0,"texture":"#0","tintindex":0},"south":{"uv":[1.625,10.0625,1.625,10.5],"rotation":0,"texture":"#0","tintindex":0},"north":{"uv":[1.5625,10.0625,1.5625,10.5],"rotation":0,"texture":"#0","tintindex":0},"west":{"uv":[3.375,6.3125,3.9375,6.75],"rotation":0,"texture":"#0","tintindex":0},"up":{"uv":[1.6875,10.625,1.6875,10.0625],"rotation":0,"texture":"#0","tintindex":0},"down":{"uv":[1.75,10.0625,1.75,10.625],"rotation":0,"texture":"#0","tintindex":0}}},{"from":[6.862857,9.145205,3.1925797],"to":[9.137143,10.276633,6.0382943],"rotation":{"angle":0.0,"axis":"y","origin":[8.0,9.710918,4.6154375]},"faces":{"east":{"uv":[9.125,7.6875,9.4375,7.8125],"rotation":0,"texture":"#0","tintindex":0},"south":{"uv":[8.625,0.6875,8.875,0.8125],"rotation":0,"texture":"#0","tintindex":0},"north":{"uv":[8.3125,0.3125,8.5625,0.4375],"rotation":0,"texture":"#0","tintindex":0},"west":{"uv":[9.625,0.5,9.9375,0.625],"rotation":0,"texture":"#0","tintindex":0},"up":{"uv":[6.3125,5.75,6.0625,5.4375],"rotation":0,"texture":"#0","tintindex":0},"down":{"uv":[9.1875,6.25,8.9375,6.5625],"rotation":0,"texture":"#0","tintindex":0}}},{"from":[7.142857,9.596633,3.4154372],"to":[8.857143,10.7394905,6.27258],"rotation":{"angle":-22.5,"axis":"x","origin":[8.285714,9.710918,4.6154375]},"faces":{"east":{"uv":[9.75,2.1875,10.0625,2.3125],"rotation":0,"texture":"#0","tintindex":0},"south":{"uv":[10.0,6.1875,10.1875,6.3125],"rotation":0,"texture":"#0","tintindex":0},"north":{"uv":[7.0625,3.125,7.25,3.25],"rotation":0,"texture":"#0","tintindex":0},"west":{"uv":[9.75,6.5,10.0625,6.625],"rotation":0,"texture":"#0","tintindex":0},"up":{"uv":[6.625,9.75,6.4375,9.4375],"rotation":0,"texture":"#0","tintindex":0},"down":{"uv":[9.0625,9.4375,8.875,9.75],"rotation":0,"texture":"#0","tintindex":0}}},{"from":[6.857143,9.978214,2.5970178],"to":[9.142858,11.121071,3.7398753],"rotation":{"angle":-45.0,"axis":"x","origin":[7.428571,10.149643,4.197018]},"faces":{"east":{"uv":[8.6875,3.0625,8.8125,3.1875],"rotation":0,"texture":"#0","tintindex":0},"south":{"uv":[10.0,0.5,10.25,0.625],"rotation":0,"texture":"#0","tintindex":0},"north":{"uv":[9.8125,5.75,10.0625,5.875],"rotation":0,"texture":"#0","tintindex":0},"west":{"uv":[7.0625,9.1875,7.1875,9.3125],"rotation":0,"texture":"#0","tintindex":0},"up":{"uv":[10.25,1.5625,10.0,1.4375],"rotation":0,"texture":"#0","tintindex":0},"down":{"uv":[10.25,4.5625,10.0,4.6875],"rotation":0,"texture":"#0","tintindex":0}}},{"from":[7.142857,8.211559,3.5769706],"to":[8.857143,9.354416,6.4341135],"rotation":{"angle":0.0,"axis":"y","origin":[6.857143,8.868702,5.180524]},"faces":{"east":{"uv":[9.75,7.4375,10.0625,7.5625],"rotation":0,"texture":"#0","tintindex":0},"south":{"uv":[10.0,6.875,10.1875,7.0],"rotation":0,"texture":"#0","tintindex":0},"north":{"uv":[10.0,6.6875,10.1875,6.8125],"rotation":0,"texture":"#0","tintindex":0},"west":{"uv":[0.0,9.8125,0.3125,9.9375],"rotation":0,"texture":"#0","tintindex":0},"up":{"uv":[4.4375,9.8125,4.25,9.5],"rotation":0,"texture":"#0","tintindex":0},"down":{"uv":[4.6875,9.5,4.5,9.8125],"rotation":0,"texture":"#0","tintindex":0}}},{"from":[7.142857,7.0687017,3.8626847],"to":[8.857143,9.354416,3.8626847],"rotation":{"angle":0.0,"axis":"y","origin":[6.857143,8.868702,5.180524]},"faces":{"east":{"uv":[2.3125,9.0,2.3125,9.25],"rotation":0,"texture":"#0","tintindex":0},"south":{"uv":[9.5,7.3125,9.6875,7.5625],"rotation":0,"texture":"#0","tintindex":0},"north":{"uv":[6.6875,9.5,6.875,9.75],"rotation":0,"texture":"#0","tintindex":0},"west":{"uv":[6.9375,9.5,6.9375,9.75],"rotation":0,"texture":"#0","tintindex":0},"up":{"uv":[8.5,5.6875,8.3125,5.6875],"rotation":0,"texture":"#0","tintindex":0},"down":{"uv":[8.5,5.75,8.3125,5.75],"rotation":0,"texture":"#0","tintindex":0}}}],"display":{"head":{"translation":[0.0,-6.4,0.0],"scale":[4.0,4.0,4.0]}}}