{"textures":{"0":"modelengine:entity/nocsy_drakonin4"},"elements":[{"from":[6.4241457,6.01961,6.9694037],"to":[8.138432,8.305325,10.969404],"rotation":{"angle":22.5,"axis":"z","origin":[7.4527173,7.1624675,10.055119]},"faces":{"east":{"uv":[8.3125,0.0,8.75,0.25],"rotation":0,"texture":"#0","tintindex":0},"south":{"uv":[9.5,6.25,9.6875,6.5],"rotation":0,"texture":"#0","tintindex":0},"north":{"uv":[9.5,5.9375,9.6875,6.1875],"rotation":0,"texture":"#0","tintindex":0},"west":{"uv":[8.3125,2.4375,8.75,2.6875],"rotation":0,"texture":"#0","tintindex":0},"up":{"uv":[3.125,9.4375,2.9375,9.0],"rotation":0,"texture":"#0","tintindex":0},"down":{"uv":[3.375,9.0,3.1875,9.4375],"rotation":0,"texture":"#0","tintindex":0}}},{"from":[5.77029,7.7337027,9.267734],"to":[7.2560043,9.219418,12.467733],"rotation":{"angle":-22.5,"axis":"x","origin":[5.035493,6.8923464,12.542049]},"faces":{"east":{"uv":[2.25,9.3125,2.625,9.5],"rotation":0,"texture":"#0","tintindex":0},"south":{"uv":[6.875,9.8125,7.0625,10.0],"rotation":0,"texture":"#0","tintindex":0},"north":{"uv":[6.625,9.8125,6.8125,10.0],"rotation":0,"texture":"#0","tintindex":0},"west":{"uv":[9.3125,3.0,9.6875,3.1875],"rotation":0,"texture":"#0","tintindex":0},"up":{"uv":[9.5,3.625,9.3125,3.25],"rotation":0,"texture":"#0","tintindex":0},"down":{"uv":[9.5625,0.25,9.375,0.625],"rotation":0,"texture":"#0","tintindex":0}}},{"from":[5.7631836,10.011505,11.382596],"to":[7.248898,10.011505,14.811168],"rotation":{"angle":-45.0,"axis":"x","origin":[6.540704,9.011791,13.44583]},"faces":{"east":{"uv":[9.8125,2.875,10.1875,2.875],"rotation":0,"texture":"#0","tintindex":0},"south":{"uv":[8.25,6.375,8.4375,6.375],"rotation":0,"texture":"#0","tintindex":0},"north":{"uv":[8.25,6.3125,8.4375,6.3125],"rotation":0,"texture":"#0","tintindex":0},"west":{"uv":[9.875,5.4375,10.25,5.4375],"rotation":0,"texture":"#0","tintindex":0},"up":{"uv":[9.5625,5.5625,9.375,5.1875],"rotation":0,"texture":"#0","tintindex":0},"down":{"uv":[7.25,9.375,7.0625,9.75],"rotation":0,"texture":"#0","tintindex":0}}},{"from":[6.575367,9.212077,11.394779],"to":[6.575367,10.697791,14.823351],"rotation":{"angle":-45.0,"axis":"x","origin":[6.540704,9.011791,13.44583]},"faces":{"east":{"uv":[9.375,9.25,9.75,9.4375],"rotation":0,"texture":"#0","tintindex":0},"south":{"uv":[2.25,9.0,2.25,9.1875],"rotation":0,"texture":"#0","tintindex":0},"north":{"uv":[6.75,8.9375,6.75,9.125],"rotation":0,"texture":"#0","tintindex":0},"west":{"uv":[9.4375,0.6875,9.8125,0.875],"rotation":0,"texture":"#0","tintindex":0},"up":{"uv":[1.9375,10.4375,1.9375,10.0625],"rotation":0,"texture":"#0","tintindex":0},"down":{"uv":[2.0,10.0625,2.0,10.4375],"rotation":0,"texture":"#0","tintindex":0}}}],"display":{"head":{"translation":[0.0,-6.4,0.0],"scale":[4.0,4.0,4.0]}}}