{"textures":{"0":"modelengine:entity/nocsy_drakonin4"},"elements":[{"from":[6.061298,6.3689003,6.5714283],"to":[8.918441,9.226044,9.428572],"rotation":{"angle":0.0,"axis":"y","origin":[8.3470125,6.555906,6.7388253]},"faces":{"east":{"uv":[8.5625,4.8125,8.875,5.125],"rotation":0,"texture":"#0","tintindex":0},"south":{"uv":[4.9375,8.5625,5.25,8.875],"rotation":0,"texture":"#0","tintindex":0},"north":{"uv":[4.5625,8.5625,4.875,8.875],"rotation":0,"texture":"#0","tintindex":0},"west":{"uv":[8.5625,6.3125,8.875,6.625],"rotation":0,"texture":"#0","tintindex":0},"up":{"uv":[6.75,8.875,6.4375,8.5625],"rotation":0,"texture":"#0","tintindex":0},"down":{"uv":[8.0,8.5625,7.6875,8.875],"rotation":0,"texture":"#0","tintindex":0}}},{"from":[-0.79584503,6.9403286,7.0857143],"to":[6.6327267,8.654614,8.8],"rotation":{"angle":0.0,"axis":"y","origin":[8.3470125,6.555906,6.7388253]},"faces":{"east":{"uv":[2.625,9.8125,2.8125,10.0],"rotation":0,"texture":"#0","tintindex":0},"south":{"uv":[7.4375,0.25,8.25,0.4375],"rotation":0,"texture":"#0","tintindex":0},"north":{"uv":[7.4375,0.0,8.25,0.1875],"rotation":0,"texture":"#0","tintindex":0},"west":{"uv":[9.8125,2.625,10.0,2.8125],"rotation":0,"texture":"#0","tintindex":0},"up":{"uv":[5.5,7.625,4.6875,7.4375],"rotation":0,"texture":"#0","tintindex":0},"down":{"uv":[8.25,5.3125,7.4375,5.5],"rotation":0,"texture":"#0","tintindex":0}}},{"from":[-2.3167439,6.946043,2.8344297],"to":[-0.61388683,8.6489,6.8230014],"rotation":{"angle":45.0,"axis":"y","origin":[0.8203988,7.797472,5.971573]},"faces":{"east":{"uv":[4.1875,8.9375,4.625,9.125],"rotation":0,"texture":"#0","tintindex":0},"south":{"uv":[3.125,9.8125,3.3125,10.0],"rotation":0,"texture":"#0","tintindex":0},"north":{"uv":[2.875,9.8125,3.0625,10.0],"rotation":0,"texture":"#0","tintindex":0},"west":{"uv":[4.6875,8.9375,5.125,9.125],"rotation":0,"texture":"#0","tintindex":0},"up":{"uv":[2.875,9.375,2.6875,8.9375],"rotation":0,"texture":"#0","tintindex":0},"down":{"uv":[5.375,8.9375,5.1875,9.375],"rotation":0,"texture":"#0","tintindex":0}}},{"from":[-4.4548855,6.9403286,1.7957988],"to":[-2.7405996,8.654614,5.7957993],"rotation":{"angle":22.5,"axis":"y","origin":[-3.597743,7.797472,3.7957993]},"faces":{"east":{"uv":[8.9375,4.8125,9.375,5.0],"rotation":0,"texture":"#0","tintindex":0},"south":{"uv":[3.375,9.8125,3.5625,10.0],"rotation":0,"texture":"#0","tintindex":0},"north":{"uv":[9.8125,3.1875,10.0,3.375],"rotation":0,"texture":"#0","tintindex":0},"west":{"uv":[5.4375,8.9375,5.875,9.125],"rotation":0,"texture":"#0","tintindex":0},"up":{"uv":[6.125,9.375,5.9375,8.9375],"rotation":0,"texture":"#0","tintindex":0},"down":{"uv":[6.625,8.9375,6.4375,9.375],"rotation":0,"texture":"#0","tintindex":0}}},{"from":[-4.3243933,7.8546147,2.4518275],"to":[7.675607,7.9689,25.8804],"rotation":{"angle":0.0,"axis":"y","origin":[-5.1815367,7.797472,4.451828]},"faces":{"east":{"uv":[7.375,4.3125,9.9375,4.375],"rotation":0,"texture":"#0","tintindex":0},"south":{"uv":[8.9375,5.0625,10.25,5.125],"rotation":0,"texture":"#0","tintindex":0},"north":{"uv":[8.9375,1.0625,10.25,1.125],"rotation":0,"texture":"#0","tintindex":0},"west":{"uv":[7.375,4.4375,9.9375,4.5],"rotation":0,"texture":"#0","tintindex":0},"up":{"uv":[1.3125,7.8125,0.0,5.25],"rotation":0,"texture":"#0","tintindex":0},"down":{"uv":[2.6875,5.25,1.375,7.8125],"rotation":0,"texture":"#0","tintindex":0}}}],"display":{"head":{"translation":[0.0,-6.4,0.0],"scale":[4.0,4.0,4.0]}}}