{"textures":{"0":"modelengine:entity/nocsy_drakonin4"},"elements":[{"from":[6.285714,8.063616,7.399993],"to":[9.714286,12.063617,10.828565],"rotation":{"angle":0.0,"axis":"y","origin":[7.428571,9.805804,9.4561615]},"faces":{"east":{"uv":[7.3125,3.125,7.6875,3.5625],"rotation":0,"texture":"#0","tintindex":0},"south":{"uv":[7.375,0.5,7.75,0.9375],"rotation":0,"texture":"#0","tintindex":0},"north":{"uv":[4.25,7.125,4.625,7.5625],"rotation":0,"texture":"#0","tintindex":0},"west":{"uv":[7.375,1.0,7.75,1.4375],"rotation":0,"texture":"#0","tintindex":0},"up":{"uv":[5.9375,7.8125,5.5625,7.4375],"rotation":0,"texture":"#0","tintindex":0},"down":{"uv":[7.9375,2.625,7.5625,3.0],"rotation":0,"texture":"#0","tintindex":0}}},{"from":[6.2914286,11.568721,6.9874563],"to":[9.708571,13.843007,10.404599],"rotation":{"angle":-22.5,"axis":"x","origin":[8.0,12.864656,9.361072]},"faces":{"east":{"uv":[5.75,8.625,6.125,8.875],"rotation":0,"texture":"#0","tintindex":0},"south":{"uv":[8.625,6.8125,9.0,7.0625],"rotation":0,"texture":"#0","tintindex":0},"north":{"uv":[5.3125,8.625,5.6875,8.875],"rotation":0,"texture":"#0","tintindex":0},"west":{"uv":[0.375,8.6875,0.75,8.9375],"rotation":0,"texture":"#0","tintindex":0},"up":{"uv":[3.125,7.9375,2.75,7.5625],"rotation":0,"texture":"#0","tintindex":0},"down":{"uv":[3.5625,7.5625,3.1875,7.9375],"rotation":0,"texture":"#0","tintindex":0}}}],"display":{"head":{"translation":[0.0,-6.4,0.0],"scale":[4.0,4.0,4.0]}}}