{"textures":{"0":"modelengine:entity/nocsy_drakonin4"},"elements":[{"from":[7.428571,5.121703,5.893651],"to":[9.714286,9.693131,9.893651],"rotation":{"angle":-22.5,"axis":"x","origin":[6.0,7.978846,8.750794]},"faces":{"east":{"uv":[7.0,2.75,6.5625,3.25],"rotation":0,"texture":"#0","tintindex":0},"south":{"uv":[3.0,8.0,2.75,8.5],"rotation":0,"texture":"#0","tintindex":0},"north":{"uv":[8.25,2.4375,8.0,2.9375],"rotation":0,"texture":"#0","tintindex":0},"west":{"uv":[6.5,6.5,6.0625,7.0],"rotation":0,"texture":"#0","tintindex":0},"up":{"uv":[1.125,8.9375,1.375,8.5],"rotation":0,"texture":"#0","tintindex":0},"down":{"uv":[1.4375,8.5,1.6875,8.9375],"rotation":0,"texture":"#0","tintindex":0}}}],"display":{"head":{"translation":[0.0,-6.4,0.0],"scale":[4.0,4.0,4.0]}}}