{"textures":{"0":"modelengine:entity/nocsy_drakonin4"},"elements":[{"from":[7.081559,6.3689003,6.5714283],"to":[9.938702,9.226044,9.428572],"rotation":{"angle":0.0,"axis":"y","origin":[7.6529875,6.555906,6.7388253]},"faces":{"east":{"uv":[8.875,6.3125,8.5625,6.625],"rotation":0,"texture":"#0","tintindex":0},"south":{"uv":[5.25,8.5625,4.9375,8.875],"rotation":0,"texture":"#0","tintindex":0},"north":{"uv":[4.875,8.5625,4.5625,8.875],"rotation":0,"texture":"#0","tintindex":0},"west":{"uv":[8.875,4.8125,8.5625,5.125],"rotation":0,"texture":"#0","tintindex":0},"up":{"uv":[6.4375,8.875,6.75,8.5625],"rotation":0,"texture":"#0","tintindex":0},"down":{"uv":[7.6875,8.5625,8.0,8.875],"rotation":0,"texture":"#0","tintindex":0}}},{"from":[9.367273,6.9403286,7.0857143],"to":[16.795845,8.654614,8.8],"rotation":{"angle":0.0,"axis":"y","origin":[7.6529875,6.555906,6.7388253]},"faces":{"east":{"uv":[10.0,2.625,9.8125,2.8125],"rotation":0,"texture":"#0","tintindex":0},"south":{"uv":[8.25,0.25,7.4375,0.4375],"rotation":0,"texture":"#0","tintindex":0},"north":{"uv":[8.25,0.0,7.4375,0.1875],"rotation":0,"texture":"#0","tintindex":0},"west":{"uv":[2.8125,9.8125,2.625,10.0],"rotation":0,"texture":"#0","tintindex":0},"up":{"uv":[4.6875,7.625,5.5,7.4375],"rotation":0,"texture":"#0","tintindex":0},"down":{"uv":[7.4375,5.3125,8.25,5.5],"rotation":0,"texture":"#0","tintindex":0}}},{"from":[16.613888,6.946043,2.8344297],"to":[18.316744,8.6489,6.8230014],"rotation":{"angle":-45.0,"axis":"y","origin":[15.179602,7.797472,5.971573]},"faces":{"east":{"uv":[5.125,8.9375,4.6875,9.125],"rotation":0,"texture":"#0","tintindex":0},"south":{"uv":[3.3125,9.8125,3.125,10.0],"rotation":0,"texture":"#0","tintindex":0},"north":{"uv":[3.0625,9.8125,2.875,10.0],"rotation":0,"texture":"#0","tintindex":0},"west":{"uv":[4.625,8.9375,4.1875,9.125],"rotation":0,"texture":"#0","tintindex":0},"up":{"uv":[2.6875,9.375,2.875,8.9375],"rotation":0,"texture":"#0","tintindex":0},"down":{"uv":[5.1875,8.9375,5.375,9.375],"rotation":0,"texture":"#0","tintindex":0}}},{"from":[18.7406,6.9403286,1.7957988],"to":[20.454885,8.654614,5.7957993],"rotation":{"angle":-22.5,"axis":"y","origin":[19.597744,7.797472,3.7957993]},"faces":{"east":{"uv":[5.875,8.9375,5.4375,9.125],"rotation":0,"texture":"#0","tintindex":0},"south":{"uv":[3.5625,9.8125,3.375,10.0],"rotation":0,"texture":"#0","tintindex":0},"north":{"uv":[10.0,3.1875,9.8125,3.375],"rotation":0,"texture":"#0","tintindex":0},"west":{"uv":[9.375,4.8125,8.9375,5.0],"rotation":0,"texture":"#0","tintindex":0},"up":{"uv":[5.9375,9.375,6.125,8.9375],"rotation":0,"texture":"#0","tintindex":0},"down":{"uv":[6.4375,8.9375,6.625,9.375],"rotation":0,"texture":"#0","tintindex":0}}},{"from":[8.324392,7.8546147,2.4518275],"to":[20.324394,7.9689,25.8804],"rotation":{"angle":0.0,"axis":"y","origin":[21.181538,7.797472,4.451828]},"faces":{"east":{"uv":[9.9375,4.4375,7.375,4.5],"rotation":0,"texture":"#0","tintindex":0},"south":{"uv":[10.25,5.0625,8.9375,5.125],"rotation":0,"texture":"#0","tintindex":0},"north":{"uv":[10.25,1.0625,8.9375,1.125],"rotation":0,"texture":"#0","tintindex":0},"west":{"uv":[9.9375,4.3125,7.375,4.375],"rotation":0,"texture":"#0","tintindex":0},"up":{"uv":[0.0,7.8125,1.3125,5.25],"rotation":0,"texture":"#0","tintindex":0},"down":{"uv":[1.375,5.25,2.6875,7.8125],"rotation":0,"texture":"#0","tintindex":0}}}],"display":{"head":{"translation":[0.0,-6.4,0.0],"scale":[4.0,4.0,4.0]}}}