{"textures":{"0":"modelengine:entity/voidtiger"},"elements":[{"from":[3.4908752,7.357714,9.366011],"to":[4.2908754,8.571428,11.321439],"rotation":{"angle":-45.0,"axis":"y","origin":[6.058754,9.520465,8.556937]},"faces":{"east":{"uv":[14.5,8.75,15.5,9.375],"rotation":0,"texture":"#0","tintindex":0},"south":{"uv":[14.25,8.125,15.75,9.75],"rotation":0,"texture":"#0","tintindex":0},"north":{"uv":[14.25,8.125,15.75,9.75],"rotation":0,"texture":"#0","tintindex":0},"west":{"uv":[14.5,8.75,15.5,9.375],"rotation":0,"texture":"#0","tintindex":0},"up":{"uv":[14.5,8.5,14.875,9.5],"rotation":0,"texture":"#0","tintindex":0},"down":{"uv":[14.5,8.5,14.875,9.5],"rotation":0,"texture":"#0","tintindex":0}}},{"from":[4.342857,6.008515,5.3856115],"to":[6.742857,6.885086,8.217611],"rotation":{"angle":22.5,"axis":"x","origin":[5.4873257,9.577608,9.01408]},"faces":{"east":{"uv":[14.0,8.0,14.625,8.5],"rotation":0,"texture":"#0","tintindex":0},"south":{"uv":[14.0,8.0,14.625,8.5],"rotation":0,"texture":"#0","tintindex":0},"north":{"uv":[14.0,8.0,14.625,8.5],"rotation":0,"texture":"#0","tintindex":0},"west":{"uv":[14.0,8.0,14.625,8.5],"rotation":0,"texture":"#0","tintindex":0},"up":{"uv":[14.0,8.0,14.5,8.625],"rotation":0,"texture":"#0","tintindex":0},"down":{"uv":[14.0,8.0,14.5,8.625],"rotation":0,"texture":"#0","tintindex":0}}},{"from":[4.9142857,11.602238,3.3355703],"to":[6.2285714,12.209095,5.1561418],"rotation":{"angle":-45.0,"axis":"x","origin":[5.4873257,9.577608,9.01408]},"faces":{"east":{"uv":[14.0,12.0,14.875,12.375],"rotation":0,"texture":"#0","tintindex":0},"south":{"uv":[14.0,12.0,14.75,12.375],"rotation":0,"texture":"#0","tintindex":0},"north":{"uv":[14.0,12.0,14.75,12.375],"rotation":0,"texture":"#0","tintindex":0},"west":{"uv":[14.0,12.0,14.875,12.375],"rotation":0,"texture":"#0","tintindex":0},"up":{"uv":[14.0,12.0,14.75,12.875],"rotation":0,"texture":"#0","tintindex":0},"down":{"uv":[14.0,12.0,14.75,12.875],"rotation":0,"texture":"#0","tintindex":0}}},{"from":[4.5142856,9.085427,4.4710383],"to":[6.5714283,10.771141,6.76361],"rotation":{"angle":-22.5,"axis":"x","origin":[5.4873257,9.577608,9.01408]},"faces":{"east":{"uv":[14.25,12.0,15.375,12.75],"rotation":0,"texture":"#0","tintindex":0},"south":{"uv":[14.5,12.125,16.0,13.125],"rotation":0,"texture":"#0","tintindex":0},"north":{"uv":[14.5,12.125,15.625,12.875],"rotation":0,"texture":"#0","tintindex":0},"west":{"uv":[14.25,12.0,15.375,12.75],"rotation":0,"texture":"#0","tintindex":0},"up":{"uv":[14.375,12.625,15.625,14.0],"rotation":0,"texture":"#0","tintindex":0},"down":{"uv":[14.5,12.125,16.0,13.75],"rotation":0,"texture":"#0","tintindex":0}}},{"from":[2.366766,7.1242733,8.736],"to":[5.2810516,10.360846,9.410286],"rotation":{"angle":-22.5,"axis":"z","origin":[5.4873257,9.577608,9.01408]},"faces":{"east":{"uv":[14.0,12.0,15.625,12.375],"rotation":90,"texture":"#0","tintindex":0},"south":{"uv":[14.0,12.0,15.5,13.625],"rotation":0,"texture":"#0","tintindex":0},"north":{"uv":[14.0,12.0,15.5,13.625],"rotation":0,"texture":"#0","tintindex":0},"west":{"uv":[14.0,12.0,15.625,12.375],"rotation":90,"texture":"#0","tintindex":0},"up":{"uv":[14.0,12.0,15.5,13.625],"rotation":0,"texture":"#0","tintindex":0},"down":{"uv":[14.0,12.0,15.5,13.625],"rotation":0,"texture":"#0","tintindex":0}}},{"from":[2.67171,7.568641,9.480412],"to":[5.5859957,10.287361,10.046812],"rotation":{"angle":-22.5,"axis":"z","origin":[5.4873257,9.577608,9.01408]},"faces":{"east":{"uv":[14.0,12.0,15.5,13.625],"rotation":0,"texture":"#0","tintindex":0},"south":{"uv":[14.0,12.0,16.0,14.0],"rotation":0,"texture":"#0","tintindex":0},"north":{"uv":[14.0,12.0,15.5,13.625],"rotation":0,"texture":"#0","tintindex":0},"west":{"uv":[14.0,12.0,15.75,12.375],"rotation":90,"texture":"#0","tintindex":0},"up":{"uv":[14.0,12.0,15.5,13.625],"rotation":0,"texture":"#0","tintindex":0},"down":{"uv":[14.0,12.0,15.5,13.625],"rotation":0,"texture":"#0","tintindex":0}}},{"from":[2.811376,7.8171215,10.154697],"to":[5.7256618,9.726699,10.721097],"rotation":{"angle":-22.5,"axis":"z","origin":[5.4873257,9.577608,9.01408]},"faces":{"east":{"uv":[14.0,12.0,15.5,13.625],"rotation":0,"texture":"#0","tintindex":0},"south":{"uv":[14.0,12.0,16.0,13.25],"rotation":0,"texture":"#0","tintindex":0},"north":{"uv":[14.0,12.0,15.5,13.625],"rotation":0,"texture":"#0","tintindex":0},"west":{"uv":[14.0,12.0,15.25,12.375],"rotation":90,"texture":"#0","tintindex":0},"up":{"uv":[14.0,12.0,15.5,13.625],"rotation":0,"texture":"#0","tintindex":0},"down":{"uv":[14.0,12.0,15.5,13.625],"rotation":0,"texture":"#0","tintindex":0}}},{"from":[3.0300522,8.138163,10.828983],"to":[5.944338,9.10374,11.395383],"rotation":{"angle":-22.5,"axis":"z","origin":[5.4873257,9.577608,9.01408]},"faces":{"east":{"uv":[14.0,12.0,15.5,13.625],"rotation":0,"texture":"#0","tintindex":0},"south":{"uv":[14.0,12.0,15.875,12.625],"rotation":0,"texture":"#0","tintindex":0},"north":{"uv":[14.0,12.0,15.875,12.625],"rotation":0,"texture":"#0","tintindex":0},"west":{"uv":[14.0,12.0,14.625,12.375],"rotation":90,"texture":"#0","tintindex":0},"up":{"uv":[14.0,12.0,15.5,13.625],"rotation":0,"texture":"#0","tintindex":0},"down":{"uv":[14.0,12.0,15.5,13.625],"rotation":0,"texture":"#0","tintindex":0}}},{"from":[5.585036,7.1773367,8.736],"to":[8.499322,10.413908,9.410286],"rotation":{"angle":22.5,"axis":"z","origin":[5.4873257,9.577608,9.01408]},"faces":{"east":{"uv":[14.0,12.0,15.625,12.375],"rotation":90,"texture":"#0","tintindex":0},"south":{"uv":[14.0,12.0,15.5,13.625],"rotation":0,"texture":"#0","tintindex":0},"north":{"uv":[14.0,12.0,15.5,13.625],"rotation":0,"texture":"#0","tintindex":0},"west":{"uv":[14.0,12.0,15.625,12.375],"rotation":90,"texture":"#0","tintindex":0},"up":{"uv":[14.0,12.0,15.5,13.625],"rotation":0,"texture":"#0","tintindex":0},"down":{"uv":[14.0,12.0,15.5,13.625],"rotation":0,"texture":"#0","tintindex":0}}},{"from":[5.2800913,7.621704,9.480412],"to":[8.194377,10.340425,10.046812],"rotation":{"angle":22.5,"axis":"z","origin":[5.4873257,9.577608,9.01408]},"faces":{"east":{"uv":[14.0,12.0,15.75,12.375],"rotation":90,"texture":"#0","tintindex":0},"south":{"uv":[14.0,12.0,16.0,14.0],"rotation":0,"texture":"#0","tintindex":0},"north":{"uv":[14.0,12.0,15.5,13.625],"rotation":0,"texture":"#0","tintindex":0},"west":{"uv":[14.0,12.0,15.75,12.375],"rotation":90,"texture":"#0","tintindex":0},"up":{"uv":[14.0,12.0,15.5,13.625],"rotation":0,"texture":"#0","tintindex":0},"down":{"uv":[14.0,12.0,15.5,13.625],"rotation":0,"texture":"#0","tintindex":0}}},{"from":[5.1404257,7.7353272,10.154697],"to":[8.054711,9.779761,10.721097],"rotation":{"angle":22.5,"axis":"z","origin":[5.4873257,9.577608,9.01408]},"faces":{"east":{"uv":[14.0,12.0,15.25,12.375],"rotation":90,"texture":"#0","tintindex":0},"south":{"uv":[14.0,12.0,16.0,13.25],"rotation":0,"texture":"#0","tintindex":0},"north":{"uv":[14.0,12.0,15.5,13.625],"rotation":0,"texture":"#0","tintindex":0},"west":{"uv":[14.0,12.0,15.25,12.375],"rotation":90,"texture":"#0","tintindex":0},"up":{"uv":[14.0,12.0,15.5,13.625],"rotation":0,"texture":"#0","tintindex":0},"down":{"uv":[14.0,12.0,15.5,13.625],"rotation":0,"texture":"#0","tintindex":0}}},{"from":[4.9217496,8.191226,10.828983],"to":[7.8360353,9.156803,11.395383],"rotation":{"angle":22.5,"axis":"z","origin":[5.4873257,9.577608,9.01408]},"faces":{"east":{"uv":[14.0,12.0,14.625,12.375],"rotation":90,"texture":"#0","tintindex":0},"south":{"uv":[14.0,12.0,15.875,12.625],"rotation":0,"texture":"#0","tintindex":0},"north":{"uv":[14.0,12.0,15.875,12.625],"rotation":0,"texture":"#0","tintindex":0},"west":{"uv":[14.0,12.0,14.625,12.375],"rotation":90,"texture":"#0","tintindex":0},"up":{"uv":[14.0,12.0,15.5,13.625],"rotation":0,"texture":"#0","tintindex":0},"down":{"uv":[14.0,12.0,15.5,13.625],"rotation":0,"texture":"#0","tintindex":0}}},{"from":[1.5925426,8.684986,8.668571],"to":[3.2496853,10.100986,9.477715],"rotation":{"angle":22.5,"axis":"z","origin":[5.4873257,9.149036,9.01408]},"faces":{"east":{"uv":[14.0,8.5,14.625,9.25],"rotation":0,"texture":"#0","tintindex":0},"south":{"uv":[14.0,8.0,16.0,8.75],"rotation":0,"texture":"#0","tintindex":0},"north":{"uv":[14.0,8.0,16.0,8.75],"rotation":0,"texture":"#0","tintindex":0},"west":{"uv":[14.0,8.5,14.625,9.25],"rotation":0,"texture":"#0","tintindex":0},"up":{"uv":[14.0,8.0,16.0,8.625],"rotation":0,"texture":"#0","tintindex":0},"down":{"uv":[14.0,8.0,16.0,8.625],"rotation":0,"texture":"#0","tintindex":0}}},{"from":[2.0875983,8.93516,9.423772],"to":[3.7447414,10.124599,10.103452],"rotation":{"angle":22.5,"axis":"z","origin":[5.4873257,9.149036,9.01408]},"faces":{"east":{"uv":[14.0,8.5,14.625,9.25],"rotation":0,"texture":"#0","tintindex":0},"south":{"uv":[14.0,8.0,16.0,8.75],"rotation":0,"texture":"#0","tintindex":0},"north":{"uv":[14.0,8.0,16.0,8.75],"rotation":0,"texture":"#0","tintindex":0},"west":{"uv":[14.0,8.5,14.625,9.25],"rotation":0,"texture":"#0","tintindex":0},"up":{"uv":[14.0,8.0,16.0,8.625],"rotation":0,"texture":"#0","tintindex":0},"down":{"uv":[14.0,8.0,16.0,8.625],"rotation":0,"texture":"#0","tintindex":0}}},{"from":[2.4050756,8.981354,10.098057],"to":[3.89079,10.170794,10.777738],"rotation":{"angle":22.5,"axis":"z","origin":[5.4873257,9.149036,9.01408]},"faces":{"east":{"uv":[14.0,8.5,14.625,9.25],"rotation":0,"texture":"#0","tintindex":0},"south":{"uv":[14.0,8.0,16.0,8.75],"rotation":0,"texture":"#0","tintindex":0},"north":{"uv":[14.0,8.0,16.0,8.75],"rotation":0,"texture":"#0","tintindex":0},"west":{"uv":[14.0,8.5,14.625,9.25],"rotation":0,"texture":"#0","tintindex":0},"up":{"uv":[14.0,8.0,16.0,8.625],"rotation":0,"texture":"#0","tintindex":0},"down":{"uv":[14.0,8.0,16.0,8.625],"rotation":0,"texture":"#0","tintindex":0}}},{"from":[6.9752975,8.92829,10.098057],"to":[8.461012,10.117731,10.777738],"rotation":{"angle":-22.5,"axis":"z","origin":[5.4873257,9.149036,9.01408]},"faces":{"east":{"uv":[14.0,8.5,14.625,9.25],"rotation":0,"texture":"#0","tintindex":0},"south":{"uv":[14.0,8.0,16.0,8.75],"rotation":0,"texture":"#0","tintindex":0},"north":{"uv":[14.0,8.0,16.0,8.75],"rotation":0,"texture":"#0","tintindex":0},"west":{"uv":[14.0,8.5,14.625,9.25],"rotation":0,"texture":"#0","tintindex":0},"up":{"uv":[14.0,8.0,16.0,8.625],"rotation":0,"texture":"#0","tintindex":0},"down":{"uv":[14.0,8.0,16.0,8.625],"rotation":0,"texture":"#0","tintindex":0}}},{"from":[6.5752974,8.92829,10.772343],"to":[8.061012,10.117731,11.452023],"rotation":{"angle":-22.5,"axis":"z","origin":[5.4873257,9.149036,9.01408]},"faces":{"east":{"uv":[14.0,8.5,14.625,9.25],"rotation":0,"texture":"#0","tintindex":0},"south":{"uv":[14.0,8.0,16.0,8.75],"rotation":0,"texture":"#0","tintindex":0},"north":{"uv":[14.0,8.0,16.0,8.75],"rotation":0,"texture":"#0","tintindex":0},"west":{"uv":[14.0,8.5,14.625,9.25],"rotation":0,"texture":"#0","tintindex":0},"up":{"uv":[14.0,8.0,16.0,8.625],"rotation":0,"texture":"#0","tintindex":0},"down":{"uv":[14.0,8.0,16.0,8.625],"rotation":0,"texture":"#0","tintindex":0}}},{"from":[2.8050756,8.981354,10.772343],"to":[4.2907896,10.170794,11.452023],"rotation":{"angle":22.5,"axis":"z","origin":[5.4873257,9.149036,9.01408]},"faces":{"east":{"uv":[14.0,8.5,14.625,9.25],"rotation":0,"texture":"#0","tintindex":0},"south":{"uv":[14.0,8.0,16.0,8.75],"rotation":0,"texture":"#0","tintindex":0},"north":{"uv":[14.0,8.0,16.0,8.75],"rotation":0,"texture":"#0","tintindex":0},"west":{"uv":[14.0,8.5,14.625,9.25],"rotation":0,"texture":"#0","tintindex":0},"up":{"uv":[14.0,8.0,16.0,8.625],"rotation":0,"texture":"#0","tintindex":0},"down":{"uv":[14.0,8.0,16.0,8.625],"rotation":0,"texture":"#0","tintindex":0}}},{"from":[7.6164017,8.631923,8.668571],"to":[9.273544,10.047923,9.477715],"rotation":{"angle":-22.5,"axis":"z","origin":[5.4873257,9.149036,9.01408]},"faces":{"east":{"uv":[14.0,8.5,14.625,9.25],"rotation":0,"texture":"#0","tintindex":0},"south":{"uv":[14.0,8.0,16.0,8.75],"rotation":0,"texture":"#0","tintindex":0},"north":{"uv":[14.0,8.0,16.0,8.75],"rotation":0,"texture":"#0","tintindex":0},"west":{"uv":[14.0,8.5,14.625,9.25],"rotation":0,"texture":"#0","tintindex":0},"up":{"uv":[14.0,8.0,16.0,8.625],"rotation":0,"texture":"#0","tintindex":0},"down":{"uv":[14.0,8.0,16.0,8.625],"rotation":0,"texture":"#0","tintindex":0}}},{"from":[7.0642033,8.882096,9.423772],"to":[8.721346,10.071537,10.103452],"rotation":{"angle":-22.5,"axis":"z","origin":[5.4873257,9.149036,9.01408]},"faces":{"east":{"uv":[14.0,8.5,14.625,9.25],"rotation":0,"texture":"#0","tintindex":0},"south":{"uv":[14.0,8.0,16.0,8.75],"rotation":0,"texture":"#0","tintindex":0},"north":{"uv":[14.0,8.0,16.0,8.75],"rotation":0,"texture":"#0","tintindex":0},"west":{"uv":[14.0,8.5,14.625,9.25],"rotation":0,"texture":"#0","tintindex":0},"up":{"uv":[14.0,8.0,16.0,8.625],"rotation":0,"texture":"#0","tintindex":0},"down":{"uv":[14.0,8.0,16.0,8.625],"rotation":0,"texture":"#0","tintindex":0}}},{"from":[2.2332506,8.612923,8.668571],"to":[5.1475363,9.894066,9.477715],"rotation":{"angle":-45.0,"axis":"z","origin":[5.4873257,9.577608,9.01408]},"faces":{"east":{"uv":[14.0,8.5,14.625,9.25],"rotation":0,"texture":"#0","tintindex":0},"south":{"uv":[14.0,8.0,16.0,8.75],"rotation":0,"texture":"#0","tintindex":0},"north":{"uv":[14.0,8.0,16.0,8.75],"rotation":0,"texture":"#0","tintindex":0},"west":{"uv":[14.0,8.5,14.625,9.25],"rotation":0,"texture":"#0","tintindex":0},"up":{"uv":[14.0,8.0,16.0,8.625],"rotation":0,"texture":"#0","tintindex":0},"down":{"uv":[14.0,8.0,16.0,8.625],"rotation":0,"texture":"#0","tintindex":0}}},{"from":[2.5805955,8.739787,9.423772],"to":[5.4948816,9.815947,10.103452],"rotation":{"angle":-45.0,"axis":"z","origin":[5.4873257,9.577608,9.01408]},"faces":{"east":{"uv":[14.0,8.5,14.625,9.25],"rotation":0,"texture":"#0","tintindex":0},"south":{"uv":[14.0,8.0,16.0,8.75],"rotation":0,"texture":"#0","tintindex":0},"north":{"uv":[14.0,8.0,16.0,8.75],"rotation":0,"texture":"#0","tintindex":0},"west":{"uv":[14.0,8.5,14.625,9.25],"rotation":0,"texture":"#0","tintindex":0},"up":{"uv":[14.0,8.0,16.0,8.625],"rotation":0,"texture":"#0","tintindex":0},"down":{"uv":[14.0,8.0,16.0,8.625],"rotation":0,"texture":"#0","tintindex":0}}},{"from":[2.9442506,8.310674,10.098057],"to":[5.8585362,9.386834,10.777738],"rotation":{"angle":-45.0,"axis":"z","origin":[5.4873257,9.577608,9.01408]},"faces":{"east":{"uv":[14.0,8.5,14.625,9.25],"rotation":0,"texture":"#0","tintindex":0},"south":{"uv":[14.0,8.0,16.0,8.75],"rotation":0,"texture":"#0","tintindex":0},"north":{"uv":[14.0,8.0,16.0,8.75],"rotation":0,"texture":"#0","tintindex":0},"west":{"uv":[14.0,8.5,14.625,9.25],"rotation":0,"texture":"#0","tintindex":0},"up":{"uv":[14.0,8.0,16.0,8.625],"rotation":0,"texture":"#0","tintindex":0},"down":{"uv":[14.0,8.0,16.0,8.625],"rotation":0,"texture":"#0","tintindex":0}}},{"from":[3.3483114,7.833882,10.772343],"to":[6.2625976,8.910042,11.452023],"rotation":{"angle":-45.0,"axis":"z","origin":[5.4873257,9.577608,9.01408]},"faces":{"east":{"uv":[14.0,8.5,14.625,9.25],"rotation":0,"texture":"#0","tintindex":0},"south":{"uv":[14.0,8.0,16.0,8.75],"rotation":0,"texture":"#0","tintindex":0},"north":{"uv":[14.0,8.0,16.0,8.75],"rotation":0,"texture":"#0","tintindex":0},"west":{"uv":[14.0,8.5,14.625,9.25],"rotation":0,"texture":"#0","tintindex":0},"up":{"uv":[14.0,8.0,16.0,8.625],"rotation":0,"texture":"#0","tintindex":0},"down":{"uv":[14.0,8.0,16.0,8.625],"rotation":0,"texture":"#0","tintindex":0}}},{"from":[5.7440233,8.71097,8.668571],"to":[8.65831,9.992113,9.477715],"rotation":{"angle":45.0,"axis":"z","origin":[5.4873257,9.577608,9.01408]},"faces":{"east":{"uv":[14.0,8.5,14.625,9.25],"rotation":0,"texture":"#0","tintindex":0},"south":{"uv":[14.0,8.0,16.0,8.75],"rotation":0,"texture":"#0","tintindex":0},"north":{"uv":[14.0,8.0,16.0,8.75],"rotation":0,"texture":"#0","tintindex":0},"west":{"uv":[14.0,8.5,14.625,9.25],"rotation":0,"texture":"#0","tintindex":0},"up":{"uv":[14.0,8.0,16.0,8.625],"rotation":0,"texture":"#0","tintindex":0},"down":{"uv":[14.0,8.0,16.0,8.625],"rotation":0,"texture":"#0","tintindex":0}}},{"from":[5.396679,8.837834,9.423772],"to":[8.310965,9.913995,10.103452],"rotation":{"angle":45.0,"axis":"z","origin":[5.4873257,9.577608,9.01408]},"faces":{"east":{"uv":[14.0,8.5,14.625,9.25],"rotation":0,"texture":"#0","tintindex":0},"south":{"uv":[14.0,8.0,16.0,8.75],"rotation":0,"texture":"#0","tintindex":0},"north":{"uv":[14.0,8.0,16.0,8.75],"rotation":0,"texture":"#0","tintindex":0},"west":{"uv":[14.0,8.5,14.625,9.25],"rotation":0,"texture":"#0","tintindex":0},"up":{"uv":[14.0,8.0,16.0,8.625],"rotation":0,"texture":"#0","tintindex":0},"down":{"uv":[14.0,8.0,16.0,8.625],"rotation":0,"texture":"#0","tintindex":0}}},{"from":[5.033024,8.408722,10.098057],"to":[7.9473095,9.484881,10.777738],"rotation":{"angle":45.0,"axis":"z","origin":[5.4873257,9.577608,9.01408]},"faces":{"east":{"uv":[14.0,8.5,14.625,9.25],"rotation":0,"texture":"#0","tintindex":0},"south":{"uv":[14.0,8.0,16.0,8.75],"rotation":0,"texture":"#0","tintindex":0},"north":{"uv":[14.0,8.0,16.0,8.75],"rotation":0,"texture":"#0","tintindex":0},"west":{"uv":[14.0,8.5,14.625,9.25],"rotation":0,"texture":"#0","tintindex":0},"up":{"uv":[14.0,8.0,16.0,8.625],"rotation":0,"texture":"#0","tintindex":0},"down":{"uv":[14.0,8.0,16.0,8.625],"rotation":0,"texture":"#0","tintindex":0}}},{"from":[4.6289625,7.9319296,10.772343],"to":[7.5432487,9.008089,11.452023],"rotation":{"angle":45.0,"axis":"z","origin":[5.4873257,9.577608,9.01408]},"faces":{"east":{"uv":[14.0,8.5,14.625,9.25],"rotation":0,"texture":"#0","tintindex":0},"south":{"uv":[14.0,8.0,16.0,8.75],"rotation":0,"texture":"#0","tintindex":0},"north":{"uv":[14.0,8.0,16.0,8.75],"rotation":0,"texture":"#0","tintindex":0},"west":{"uv":[14.0,8.5,14.625,9.25],"rotation":0,"texture":"#0","tintindex":0},"up":{"uv":[14.0,8.0,16.0,8.625],"rotation":0,"texture":"#0","tintindex":0},"down":{"uv":[14.0,8.0,16.0,8.625],"rotation":0,"texture":"#0","tintindex":0}}},{"from":[4.4559755,10.57067,8.736],"to":[6.284547,12.593527,9.410286],"rotation":{"angle":22.5,"axis":"z","origin":[5.4873257,9.577608,9.01408]},"faces":{"east":{"uv":[14.0,12.0,15.625,12.375],"rotation":90,"texture":"#0","tintindex":0},"south":{"uv":[14.0,12.0,15.5,13.625],"rotation":0,"texture":"#0","tintindex":0},"north":{"uv":[14.0,12.0,15.5,13.625],"rotation":0,"texture":"#0","tintindex":0},"west":{"uv":[14.0,12.0,15.625,12.375],"rotation":90,"texture":"#0","tintindex":0},"up":{"uv":[14.0,12.0,15.625,12.375],"rotation":0,"texture":"#0","tintindex":0},"down":{"uv":[14.0,12.0,15.5,13.625],"rotation":0,"texture":"#0","tintindex":0}}},{"from":[4.3685045,9.906126,9.480412],"to":[6.1970763,12.144754,10.046812],"rotation":{"angle":22.5,"axis":"z","origin":[5.4873257,9.577608,9.01408]},"faces":{"east":{"uv":[14.0,12.0,15.625,12.375],"rotation":90,"texture":"#0","tintindex":0},"south":{"uv":[14.0,12.0,15.5,13.625],"rotation":0,"texture":"#0","tintindex":0},"north":{"uv":[14.0,12.0,15.5,13.625],"rotation":0,"texture":"#0","tintindex":0},"west":{"uv":[14.0,12.0,15.625,12.375],"rotation":90,"texture":"#0","tintindex":0},"up":{"uv":[14.0,12.0,15.625,12.375],"rotation":0,"texture":"#0","tintindex":0},"down":{"uv":[14.0,12.0,15.5,13.625],"rotation":0,"texture":"#0","tintindex":0}}},{"from":[4.171696,9.345463,10.154697],"to":[6.0002675,11.584092,10.721097],"rotation":{"angle":22.5,"axis":"z","origin":[5.4873257,9.577608,9.01408]},"faces":{"east":{"uv":[14.0,12.0,15.625,12.375],"rotation":90,"texture":"#0","tintindex":0},"south":{"uv":[14.0,12.0,15.5,13.625],"rotation":0,"texture":"#0","tintindex":0},"north":{"uv":[14.0,12.0,15.5,13.625],"rotation":0,"texture":"#0","tintindex":0},"west":{"uv":[14.0,12.0,15.625,12.375],"rotation":90,"texture":"#0","tintindex":0},"up":{"uv":[14.0,12.0,15.625,12.375],"rotation":0,"texture":"#0","tintindex":0},"down":{"uv":[14.0,12.0,15.5,13.625],"rotation":0,"texture":"#0","tintindex":0}}},{"from":[3.95302,8.722505,10.828983],"to":[5.7815914,10.961133,11.395383],"rotation":{"angle":22.5,"axis":"z","origin":[5.4873257,9.577608,9.01408]},"faces":{"east":{"uv":[14.0,12.0,15.625,12.375],"rotation":90,"texture":"#0","tintindex":0},"south":{"uv":[14.0,12.0,15.5,13.25],"rotation":0,"texture":"#0","tintindex":0},"north":{"uv":[14.0,12.0,15.5,13.625],"rotation":0,"texture":"#0","tintindex":0},"west":{"uv":[14.0,12.0,15.625,12.375],"rotation":90,"texture":"#0","tintindex":0},"up":{"uv":[14.0,12.0,15.625,12.375],"rotation":0,"texture":"#0","tintindex":0},"down":{"uv":[14.0,12.0,15.5,13.625],"rotation":0,"texture":"#0","tintindex":0}}},{"from":[4.5815406,10.517607,8.736],"to":[6.4101124,12.540464,9.410286],"rotation":{"angle":-22.5,"axis":"z","origin":[5.4873257,9.577608,9.01408]},"faces":{"east":{"uv":[14.0,12.0,15.625,12.375],"rotation":90,"texture":"#0","tintindex":0},"south":{"uv":[14.0,12.0,15.5,13.625],"rotation":0,"texture":"#0","tintindex":0},"north":{"uv":[14.0,12.0,15.5,13.625],"rotation":0,"texture":"#0","tintindex":0},"west":{"uv":[14.0,12.0,15.625,12.375],"rotation":90,"texture":"#0","tintindex":0},"up":{"uv":[14.0,12.0,15.625,12.375],"rotation":0,"texture":"#0","tintindex":0},"down":{"uv":[14.0,12.0,15.5,13.625],"rotation":0,"texture":"#0","tintindex":0}}},{"from":[4.669011,10.449635,9.480412],"to":[6.497583,12.148834,10.046812],"rotation":{"angle":-22.5,"axis":"z","origin":[5.4873257,9.577608,9.01408]},"faces":{"east":{"uv":[14.0,12.0,15.625,12.375],"rotation":90,"texture":"#0","tintindex":0},"south":{"uv":[14.0,12.0,15.5,13.625],"rotation":0,"texture":"#0","tintindex":0},"north":{"uv":[14.0,12.0,15.5,13.625],"rotation":0,"texture":"#0","tintindex":0},"west":{"uv":[14.0,12.0,15.625,12.375],"rotation":90,"texture":"#0","tintindex":0},"up":{"uv":[14.0,12.0,15.625,12.375],"rotation":0,"texture":"#0","tintindex":0},"down":{"uv":[14.0,12.0,15.5,13.625],"rotation":0,"texture":"#0","tintindex":0}}},{"from":[4.86582,9.888971,10.154697],"to":[6.6943913,11.588172,10.721097],"rotation":{"angle":-22.5,"axis":"z","origin":[5.4873257,9.577608,9.01408]},"faces":{"east":{"uv":[14.0,12.0,15.625,12.375],"rotation":90,"texture":"#0","tintindex":0},"south":{"uv":[14.0,12.0,15.5,13.625],"rotation":0,"texture":"#0","tintindex":0},"north":{"uv":[14.0,12.0,15.5,13.625],"rotation":0,"texture":"#0","tintindex":0},"west":{"uv":[14.0,12.0,15.625,12.375],"rotation":90,"texture":"#0","tintindex":0},"up":{"uv":[14.0,12.0,15.625,12.375],"rotation":0,"texture":"#0","tintindex":0},"down":{"uv":[14.0,12.0,15.5,13.625],"rotation":0,"texture":"#0","tintindex":0}}},{"from":[5.0844965,9.266013,10.828983],"to":[6.913068,10.965213,11.395383],"rotation":{"angle":-22.5,"axis":"z","origin":[5.4873257,9.577608,9.01408]},"faces":{"east":{"uv":[14.0,12.0,15.625,12.375],"rotation":90,"texture":"#0","tintindex":0},"south":{"uv":[14.0,12.0,15.5,13.25],"rotation":0,"texture":"#0","tintindex":0},"north":{"uv":[14.0,12.0,15.5,13.625],"rotation":0,"texture":"#0","tintindex":0},"west":{"uv":[14.0,12.0,15.625,12.375],"rotation":90,"texture":"#0","tintindex":0},"up":{"uv":[14.0,12.0,15.625,12.375],"rotation":0,"texture":"#0","tintindex":0},"down":{"uv":[14.0,12.0,15.5,13.625],"rotation":0,"texture":"#0","tintindex":0}}},{"from":[5.028571,9.328,8.668571],"to":[6.1142855,12.766857,9.477715],"rotation":{"angle":0.0,"axis":"y","origin":[5.4873257,9.577608,9.01408]},"faces":{"east":{"uv":[14.25,8.0,14.75,10.0],"rotation":0,"texture":"#0","tintindex":0},"south":{"uv":[14.375,8.0,15.25,10.0],"rotation":0,"texture":"#0","tintindex":0},"north":{"uv":[14.375,8.0,15.25,10.0],"rotation":0,"texture":"#0","tintindex":0},"west":{"uv":[14.25,8.0,14.75,10.0],"rotation":0,"texture":"#0","tintindex":0},"up":{"uv":[14.125,8.125,15.0,8.625],"rotation":0,"texture":"#0","tintindex":0},"down":{"uv":[14.125,8.125,15.0,8.625],"rotation":0,"texture":"#0","tintindex":0}}},{"from":[5.028571,9.408915,9.423772],"to":[6.1142855,12.297554,10.103452],"rotation":{"angle":0.0,"axis":"y","origin":[5.4873257,9.577608,9.01408]},"faces":{"east":{"uv":[14.25,8.0,14.75,10.0],"rotation":0,"texture":"#0","tintindex":0},"south":{"uv":[14.375,8.0,15.25,10.0],"rotation":0,"texture":"#0","tintindex":0},"north":{"uv":[14.375,8.0,15.25,10.0],"rotation":0,"texture":"#0","tintindex":0},"west":{"uv":[14.25,8.0,14.75,10.0],"rotation":0,"texture":"#0","tintindex":0},"up":{"uv":[14.125,8.125,15.0,8.625],"rotation":0,"texture":"#0","tintindex":0},"down":{"uv":[14.125,8.125,15.0,8.625],"rotation":0,"texture":"#0","tintindex":0}}},{"from":[5.028571,8.802057,10.098057],"to":[6.1142855,11.690698,10.777738],"rotation":{"angle":0.0,"axis":"y","origin":[5.4873257,9.577608,9.01408]},"faces":{"east":{"uv":[14.25,8.0,14.75,10.0],"rotation":0,"texture":"#0","tintindex":0},"south":{"uv":[14.375,8.0,15.25,10.0],"rotation":0,"texture":"#0","tintindex":0},"north":{"uv":[14.375,8.0,15.25,10.0],"rotation":0,"texture":"#0","tintindex":0},"west":{"uv":[14.25,8.0,14.75,10.0],"rotation":0,"texture":"#0","tintindex":0},"up":{"uv":[14.125,8.125,15.0,8.625],"rotation":0,"texture":"#0","tintindex":0},"down":{"uv":[14.125,8.125,15.0,8.625],"rotation":0,"texture":"#0","tintindex":0}}},{"from":[5.028571,8.127771,10.772343],"to":[6.1142855,11.016412,11.452023],"rotation":{"angle":0.0,"axis":"y","origin":[5.4873257,9.577608,9.01408]},"faces":{"east":{"uv":[14.25,8.0,14.75,10.0],"rotation":0,"texture":"#0","tintindex":0},"south":{"uv":[14.375,8.0,15.25,10.0],"rotation":0,"texture":"#0","tintindex":0},"north":{"uv":[14.375,8.0,15.25,10.0],"rotation":0,"texture":"#0","tintindex":0},"west":{"uv":[14.25,8.0,14.75,10.0],"rotation":0,"texture":"#0","tintindex":0},"up":{"uv":[14.125,8.125,15.0,8.625],"rotation":0,"texture":"#0","tintindex":0},"down":{"uv":[14.125,8.125,15.0,8.625],"rotation":0,"texture":"#0","tintindex":0}}},{"from":[3.771428,8.949554,6.4775176],"to":[7.3714285,9.826126,7.9609466],"rotation":{"angle":0.0,"axis":"y","origin":[5.4873257,9.577608,9.01408]},"faces":{"east":{"uv":[14.375,8.0,15.25,8.5],"rotation":0,"texture":"#0","tintindex":0},"south":{"uv":[14.0,8.0,16.0,8.5],"rotation":0,"texture":"#0","tintindex":0},"north":{"uv":[14.0,8.125,16.0,8.625],"rotation":0,"texture":"#0","tintindex":0},"west":{"uv":[14.375,8.0,15.25,8.5],"rotation":0,"texture":"#0","tintindex":0},"up":{"uv":[14.0,8.0,16.0,8.875],"rotation":0,"texture":"#0","tintindex":0},"down":{"uv":[14.0,8.0,16.0,8.875],"rotation":0,"texture":"#0","tintindex":0}}},{"from":[4.0571427,9.005457,7.2317905],"to":[7.0857143,10.084314,7.9060764],"rotation":{"angle":22.5,"axis":"x","origin":[5.4873257,9.577608,9.01408]},"faces":{"east":{"uv":[14.125,12.0,14.5,12.625],"rotation":0,"texture":"#0","tintindex":0},"south":{"uv":[14.0,12.0,16.0,12.625],"rotation":0,"texture":"#0","tintindex":0},"north":{"uv":[14.0,12.0,16.0,12.625],"rotation":0,"texture":"#0","tintindex":0},"west":{"uv":[14.125,12.0,14.5,12.625],"rotation":0,"texture":"#0","tintindex":0},"up":{"uv":[14.0,12.0,16.0,12.375],"rotation":0,"texture":"#0","tintindex":0},"down":{"uv":[14.0,12.0,16.0,12.375],"rotation":0,"texture":"#0","tintindex":0}}},{"from":[5.2,8.8706,6.692362],"to":[5.885714,9.6226,7.0969334],"rotation":{"angle":22.5,"axis":"x","origin":[5.4873257,9.577608,9.01408]},"faces":{"east":{"uv":[10.375,10.5,11.5,11.625],"rotation":0,"texture":"#0","tintindex":0},"south":{"uv":[10.375,10.5,11.5,11.625],"rotation":0,"texture":"#0","tintindex":0},"north":{"uv":[10.375,10.5,11.5,11.625],"rotation":0,"texture":"#0","tintindex":0},"west":{"uv":[10.375,10.5,11.5,11.625],"rotation":0,"texture":"#0","tintindex":0},"up":{"uv":[10.375,10.5,11.5,11.625],"rotation":0,"texture":"#0","tintindex":0},"down":{"uv":[10.375,10.5,11.5,11.625],"rotation":0,"texture":"#0","tintindex":0}}},{"from":[5.3142858,12.759609,8.851268],"to":[5.8285713,12.940181,9.312983],"rotation":{"angle":0.0,"axis":"y","origin":[5.5714283,12.678467,9.024982]},"faces":{"east":{"uv":[14.0,10.0,15.125,11.125],"rotation":0,"texture":"#0","tintindex":0},"south":{"uv":[14.0,10.0,15.125,11.125],"rotation":0,"texture":"#0","tintindex":0},"north":{"uv":[14.0,10.0,15.125,11.125],"rotation":0,"texture":"#0","tintindex":0},"west":{"uv":[14.0,10.0,15.125,11.125],"rotation":0,"texture":"#0","tintindex":0},"up":{"uv":[14.0,10.0,15.125,11.125],"rotation":0,"texture":"#0","tintindex":0},"down":{"uv":[14.0,10.0,15.125,11.125],"rotation":0,"texture":"#0","tintindex":0}}},{"from":[2.342857,11.95961,8.851268],"to":[2.8571424,12.197324,9.312983],"rotation":{"angle":45.0,"axis":"z","origin":[3.1714287,12.278467,9.082125]},"faces":{"east":{"uv":[14.0,10.0,15.125,11.125],"rotation":0,"texture":"#0","tintindex":0},"south":{"uv":[14.0,10.0,15.125,11.125],"rotation":0,"texture":"#0","tintindex":0},"north":{"uv":[14.0,10.0,15.125,11.125],"rotation":0,"texture":"#0","tintindex":0},"west":{"uv":[14.0,10.0,15.125,11.125],"rotation":0,"texture":"#0","tintindex":0},"up":{"uv":[14.0,10.0,15.125,11.125],"rotation":0,"texture":"#0","tintindex":0},"down":{"uv":[14.0,10.0,15.125,11.125],"rotation":0,"texture":"#0","tintindex":0}}},{"from":[1.2864528,7.288992,8.851268],"to":[1.8007388,7.7552776,9.312983],"rotation":{"angle":22.5,"axis":"z","origin":[0.68645287,8.379277,9.082125]},"faces":{"east":{"uv":[14.0,10.0,15.125,11.125],"rotation":0,"texture":"#0","tintindex":0},"south":{"uv":[14.0,10.0,15.125,11.125],"rotation":0,"texture":"#0","tintindex":0},"north":{"uv":[14.0,10.0,15.125,11.125],"rotation":0,"texture":"#0","tintindex":0},"west":{"uv":[14.0,10.0,15.125,11.125],"rotation":0,"texture":"#0","tintindex":0},"up":{"uv":[14.0,10.0,15.125,11.125],"rotation":0,"texture":"#0","tintindex":0},"down":{"uv":[14.0,10.0,15.125,11.125],"rotation":0,"texture":"#0","tintindex":0}}},{"from":[9.056404,7.288992,8.851268],"to":[9.57069,7.7552776,9.312983],"rotation":{"angle":-22.5,"axis":"z","origin":[10.17069,8.379277,9.082125]},"faces":{"east":{"uv":[15.125,10.0,14.0,11.125],"rotation":0,"texture":"#0","tintindex":0},"south":{"uv":[15.125,10.0,14.0,11.125],"rotation":0,"texture":"#0","tintindex":0},"north":{"uv":[15.125,10.0,14.0,11.125],"rotation":0,"texture":"#0","tintindex":0},"west":{"uv":[15.125,10.0,14.0,11.125],"rotation":0,"texture":"#0","tintindex":0},"up":{"uv":[15.125,10.0,14.0,11.125],"rotation":0,"texture":"#0","tintindex":0},"down":{"uv":[15.125,10.0,14.0,11.125],"rotation":0,"texture":"#0","tintindex":0}}},{"from":[8.0,11.95961,8.851268],"to":[8.514286,12.197324,9.312983],"rotation":{"angle":-45.0,"axis":"z","origin":[7.6857142,12.278467,9.082125]},"faces":{"east":{"uv":[15.125,10.0,14.0,11.125],"rotation":0,"texture":"#0","tintindex":0},"south":{"uv":[15.125,10.0,14.0,11.125],"rotation":0,"texture":"#0","tintindex":0},"north":{"uv":[15.125,10.0,14.0,11.125],"rotation":0,"texture":"#0","tintindex":0},"west":{"uv":[15.125,10.0,14.0,11.125],"rotation":0,"texture":"#0","tintindex":0},"up":{"uv":[15.125,10.0,14.0,11.125],"rotation":0,"texture":"#0","tintindex":0},"down":{"uv":[15.125,10.0,14.0,11.125],"rotation":0,"texture":"#0","tintindex":0}}},{"from":[5.2,9.275171,7.164362],"to":[5.942857,10.826029,7.973505],"rotation":{"angle":22.5,"axis":"x","origin":[5.4873257,9.577608,9.01408]},"faces":{"east":{"uv":[14.5,8.25,15.0,9.375],"rotation":0,"texture":"#0","tintindex":0},"south":{"uv":[14.5,8.375,15.0,9.375],"rotation":0,"texture":"#0","tintindex":0},"north":{"uv":[14.5,8.375,15.0,9.375],"rotation":0,"texture":"#0","tintindex":0},"west":{"uv":[14.5,8.25,15.0,9.375],"rotation":0,"texture":"#0","tintindex":0},"up":{"uv":[14.75,8.75,15.125,9.125],"rotation":0,"texture":"#0","tintindex":0},"down":{"uv":[14.75,8.75,15.125,9.125],"rotation":0,"texture":"#0","tintindex":0}}},{"from":[5.028571,8.735743,6.962076],"to":[6.1142855,9.882029,7.7712193],"rotation":{"angle":22.5,"axis":"x","origin":[5.4873257,9.577608,9.01408]},"faces":{"east":{"uv":[14.75,8.25,15.25,9.0],"rotation":0,"texture":"#0","tintindex":0},"south":{"uv":[14.5,8.0,15.25,8.75],"rotation":0,"texture":"#0","tintindex":0},"north":{"uv":[14.5,8.0,15.25,8.75],"rotation":0,"texture":"#0","tintindex":0},"west":{"uv":[14.75,8.25,15.25,9.0],"rotation":0,"texture":"#0","tintindex":0},"up":{"uv":[14.75,8.5,15.5,9.25],"rotation":0,"texture":"#0","tintindex":0},"down":{"uv":[14.75,8.5,15.5,9.25],"rotation":0,"texture":"#0","tintindex":0}}},{"from":[6.0,8.803171,7.164362],"to":[7.3142858,9.612314,7.973505],"rotation":{"angle":22.5,"axis":"x","origin":[5.4873257,9.577608,9.01408]},"faces":{"east":{"uv":[14.5,9.0,15.0,9.5],"rotation":0,"texture":"#0","tintindex":0},"south":{"uv":[14.875,8.5,15.75,9.0],"rotation":0,"texture":"#0","tintindex":0},"north":{"uv":[14.875,8.5,15.75,9.0],"rotation":0,"texture":"#0","tintindex":0},"west":{"uv":[14.5,9.0,15.0,9.5],"rotation":0,"texture":"#0","tintindex":0},"up":{"uv":[14.625,8.375,15.75,9.125],"rotation":0,"texture":"#0","tintindex":0},"down":{"uv":[14.625,8.375,15.75,9.125],"rotation":0,"texture":"#0","tintindex":0}}},{"from":[3.8285713,8.803171,7.164362],"to":[5.142857,9.612314,7.973505],"rotation":{"angle":22.5,"axis":"x","origin":[5.4873257,9.577608,9.01408]},"faces":{"east":{"uv":[14.5,9.0,15.0,9.5],"rotation":0,"texture":"#0","tintindex":0},"south":{"uv":[14.875,8.5,15.75,9.0],"rotation":0,"texture":"#0","tintindex":0},"north":{"uv":[14.875,8.5,15.75,9.0],"rotation":0,"texture":"#0","tintindex":0},"west":{"uv":[14.5,9.0,15.0,9.5],"rotation":0,"texture":"#0","tintindex":0},"up":{"uv":[14.625,8.375,15.75,9.125],"rotation":0,"texture":"#0","tintindex":0},"down":{"uv":[14.625,8.375,15.75,9.125],"rotation":0,"texture":"#0","tintindex":0}}},{"from":[4.342857,10.084314,7.2317905],"to":[6.857143,10.623743,7.9060764],"rotation":{"angle":22.5,"axis":"x","origin":[5.4873257,9.577608,9.01408]},"faces":{"east":{"uv":[14.125,12.0,14.5,12.375],"rotation":0,"texture":"#0","tintindex":0},"south":{"uv":[14.0,12.0,16.0,12.375],"rotation":0,"texture":"#0","tintindex":0},"north":{"uv":[14.0,12.0,16.0,12.375],"rotation":0,"texture":"#0","tintindex":0},"west":{"uv":[14.125,12.0,14.5,12.375],"rotation":0,"texture":"#0","tintindex":0},"up":{"uv":[14.0,12.0,16.0,12.375],"rotation":0,"texture":"#0","tintindex":0},"down":{"uv":[14.0,12.0,16.0,12.375],"rotation":0,"texture":"#0","tintindex":0}}},{"from":[6.1714287,5.8839226,6.246362],"to":[7.257143,6.8953514,7.527505],"rotation":{"angle":22.5,"axis":"x","origin":[5.4873257,9.577608,9.01408]},"faces":{"east":{"uv":[14.0,8.0,14.625,8.5],"rotation":0,"texture":"#0","tintindex":0},"south":{"uv":[14.0,8.0,14.625,8.5],"rotation":0,"texture":"#0","tintindex":0},"north":{"uv":[14.0,8.0,14.625,8.5],"rotation":0,"texture":"#0","tintindex":0},"west":{"uv":[14.0,8.0,14.625,8.5],"rotation":0,"texture":"#0","tintindex":0},"up":{"uv":[14.0,8.0,14.5,8.625],"rotation":0,"texture":"#0","tintindex":0},"down":{"uv":[14.0,8.0,14.5,8.625],"rotation":0,"texture":"#0","tintindex":0}}},{"from":[3.885714,5.8839226,6.246362],"to":[4.9142857,6.8953514,7.527505],"rotation":{"angle":22.5,"axis":"x","origin":[5.4873257,9.577608,9.01408]},"faces":{"east":{"uv":[14.0,8.0,14.625,8.5],"rotation":0,"texture":"#0","tintindex":0},"south":{"uv":[14.0,8.0,14.625,8.5],"rotation":0,"texture":"#0","tintindex":0},"north":{"uv":[14.0,8.0,14.625,8.5],"rotation":0,"texture":"#0","tintindex":0},"west":{"uv":[14.0,8.0,14.625,8.5],"rotation":0,"texture":"#0","tintindex":0},"up":{"uv":[14.0,8.0,14.5,8.625],"rotation":0,"texture":"#0","tintindex":0},"down":{"uv":[14.0,8.0,14.5,8.625],"rotation":0,"texture":"#0","tintindex":0}}},{"from":[3.4285712,8.151132,5.3662524],"to":[4.5142856,9.095131,6.6473956],"rotation":{"angle":-22.5,"axis":"x","origin":[5.4873257,9.577608,9.01408]},"faces":{"east":{"uv":[14.0,8.0,14.625,8.5],"rotation":0,"texture":"#0","tintindex":0},"south":{"uv":[14.0,8.0,14.625,8.5],"rotation":0,"texture":"#0","tintindex":0},"north":{"uv":[14.0,8.0,14.625,8.5],"rotation":0,"texture":"#0","tintindex":0},"west":{"uv":[14.0,8.0,14.625,8.5],"rotation":0,"texture":"#0","tintindex":0},"up":{"uv":[14.0,8.0,14.5,8.625],"rotation":0,"texture":"#0","tintindex":0},"down":{"uv":[14.0,8.0,14.5,8.625],"rotation":0,"texture":"#0","tintindex":0}}},{"from":[6.5714283,8.151132,5.3662524],"to":[7.6571426,9.095131,6.6473956],"rotation":{"angle":-22.5,"axis":"x","origin":[5.4873257,9.577608,9.01408]},"faces":{"east":{"uv":[14.0,8.0,14.625,8.5],"rotation":0,"texture":"#0","tintindex":0},"south":{"uv":[14.0,8.0,14.625,8.5],"rotation":0,"texture":"#0","tintindex":0},"north":{"uv":[14.0,8.0,14.625,8.5],"rotation":0,"texture":"#0","tintindex":0},"west":{"uv":[14.0,8.0,14.625,8.5],"rotation":0,"texture":"#0","tintindex":0},"up":{"uv":[14.0,8.0,14.5,8.625],"rotation":0,"texture":"#0","tintindex":0},"down":{"uv":[14.0,8.0,14.5,8.625],"rotation":0,"texture":"#0","tintindex":0}}},{"from":[3.142857,8.151132,6.44511],"to":[3.9428568,9.971703,7.7262526],"rotation":{"angle":-22.5,"axis":"x","origin":[5.4873257,9.577608,9.01408]},"faces":{"east":{"uv":[14.0,8.0,14.625,8.875],"rotation":0,"texture":"#0","tintindex":0},"south":{"uv":[14.0,8.0,14.5,8.875],"rotation":0,"texture":"#0","tintindex":0},"north":{"uv":[14.0,8.0,14.5,8.875],"rotation":0,"texture":"#0","tintindex":0},"west":{"uv":[14.0,8.0,14.625,8.875],"rotation":0,"texture":"#0","tintindex":0},"up":{"uv":[14.0,8.0,14.5,8.625],"rotation":0,"texture":"#0","tintindex":0},"down":{"uv":[14.0,8.0,14.5,8.625],"rotation":0,"texture":"#0","tintindex":0}}},{"from":[7.142857,8.151132,6.44511],"to":[7.9428573,9.971703,7.7262526],"rotation":{"angle":-22.5,"axis":"x","origin":[5.4873257,9.577608,9.01408]},"faces":{"east":{"uv":[14.0,8.0,14.625,8.875],"rotation":0,"texture":"#0","tintindex":0},"south":{"uv":[14.0,8.0,14.5,8.875],"rotation":0,"texture":"#0","tintindex":0},"north":{"uv":[14.0,8.0,14.5,8.875],"rotation":0,"texture":"#0","tintindex":0},"west":{"uv":[14.0,8.0,14.625,8.875],"rotation":0,"texture":"#0","tintindex":0},"up":{"uv":[14.0,8.0,14.5,8.625],"rotation":0,"texture":"#0","tintindex":0},"down":{"uv":[14.0,8.0,14.5,8.625],"rotation":0,"texture":"#0","tintindex":0}}},{"from":[6.762309,7.357714,9.45868],"to":[7.5623093,8.571428,11.414108],"rotation":{"angle":45.0,"axis":"y","origin":[4.915897,9.520465,8.556937]},"faces":{"east":{"uv":[14.5,8.75,15.5,9.375],"rotation":0,"texture":"#0","tintindex":0},"south":{"uv":[14.25,8.125,15.75,9.75],"rotation":0,"texture":"#0","tintindex":0},"north":{"uv":[14.25,8.125,15.75,9.75],"rotation":0,"texture":"#0","tintindex":0},"west":{"uv":[14.5,8.75,15.5,9.375],"rotation":0,"texture":"#0","tintindex":0},"up":{"uv":[14.5,8.5,14.875,9.5],"rotation":0,"texture":"#0","tintindex":0},"down":{"uv":[14.5,8.5,14.875,9.5],"rotation":0,"texture":"#0","tintindex":0}}}],"display":{"head":{"translation":[0.0,-6.4,0.0],"scale":[4.0,4.0,4.0]}}}