{"textures":{"0":"modelengine:entity/voidtiger"},"elements":[{"from":[6.1142855,5.337143,6.9142857],"to":[9.542857,9.851429,10.971429],"rotation":{"angle":-22.5,"axis":"x","origin":[10.171429,4.5142856,6.5714283]},"faces":{"east":{"uv":[1.25,5.875,2.125,6.875],"rotation":0,"texture":"#0","tintindex":0},"south":{"uv":[1.125,5.625,2.0,6.625],"rotation":0,"texture":"#0","tintindex":0},"north":{"uv":[13.0,0.875,11.875,2.0],"rotation":0,"texture":"#0","tintindex":0},"west":{"uv":[1.25,5.875,2.125,6.875],"rotation":0,"texture":"#0","tintindex":0},"up":{"uv":[1.0,5.75,1.875,6.75],"rotation":0,"texture":"#0","tintindex":0},"down":{"uv":[2.125,5.75,1.375,6.75],"rotation":0,"texture":"#0","tintindex":0}}},{"from":[6.5142856,6.9714284,8.6285715],"to":[9.314285,11.142858,10.342857],"rotation":{"angle":0.0,"axis":"y","origin":[5.2571425,3.7142854,6.457143]},"faces":{"east":{"uv":[1.375,5.5,2.125,6.875],"rotation":0,"texture":"#0","tintindex":0},"south":{"uv":[1.375,5.5,2.125,6.625],"rotation":0,"texture":"#0","tintindex":0},"north":{"uv":[13.0,0.875,11.875,2.0],"rotation":0,"texture":"#0","tintindex":0},"west":{"uv":[1.375,5.5,2.125,6.875],"rotation":0,"texture":"#0","tintindex":0},"up":{"uv":[1.125,6.25,1.875,6.625],"rotation":0,"texture":"#0","tintindex":0},"down":{"uv":[2.125,5.75,1.375,6.75],"rotation":0,"texture":"#0","tintindex":0}}}],"display":{"head":{"translation":[0.0,-6.4,0.0],"scale":[4.0,4.0,4.0]}}}