{"textures":{"0":"modelengine:entity/voidtiger"},"elements":[{"from":[6.1714287,9.485714,8.114285],"to":[7.3714285,11.314286,9.942858],"rotation":{"angle":-45.0,"axis":"x","origin":[7.7714286,8.8,8.0]},"faces":{"east":{"uv":[14.0,8.0,15.5,9.5],"rotation":0,"texture":"#0","tintindex":0},"south":{"uv":[14.0,8.0,14.625,9.5],"rotation":0,"texture":"#0","tintindex":0},"north":{"uv":[14.0,8.0,14.625,9.5],"rotation":0,"texture":"#0","tintindex":0},"west":{"uv":[14.0,8.0,15.5,9.5],"rotation":0,"texture":"#0","tintindex":0},"up":{"uv":[14.0,8.0,14.625,9.5],"rotation":0,"texture":"#0","tintindex":0},"down":{"uv":[14.0,8.0,14.625,9.5],"rotation":0,"texture":"#0","tintindex":0}}},{"from":[5.885714,9.542857,8.685715],"to":[6.5142856,10.914286,10.057143],"rotation":{"angle":-45.0,"axis":"x","origin":[7.142857,8.285714,8.0]},"faces":{"east":{"uv":[14.0,10.0,15.25,11.25],"rotation":0,"texture":"#0","tintindex":0},"south":{"uv":[14.0,10.0,15.25,11.25],"rotation":0,"texture":"#0","tintindex":0},"north":{"uv":[14.0,10.0,15.25,11.25],"rotation":0,"texture":"#0","tintindex":0},"west":{"uv":[14.0,10.0,15.25,11.25],"rotation":0,"texture":"#0","tintindex":0},"up":{"uv":[14.0,10.0,15.25,11.25],"rotation":0,"texture":"#0","tintindex":0},"down":{"uv":[14.0,10.0,15.25,11.25],"rotation":0,"texture":"#0","tintindex":0}}},{"from":[8.457143,9.6,7.2],"to":[9.428572,12.742857,10.4],"rotation":{"angle":-45.0,"axis":"x","origin":[9.142858,9.828571,7.9428573]},"faces":{"east":{"uv":[14.0,12.0,15.5,13.5],"rotation":0,"texture":"#0","tintindex":0},"south":{"uv":[14.0,12.0,14.375,13.5],"rotation":0,"texture":"#0","tintindex":0},"north":{"uv":[14.0,12.0,15.5,13.5],"rotation":0,"texture":"#0","tintindex":0},"west":{"uv":[14.0,12.0,15.5,13.5],"rotation":0,"texture":"#0","tintindex":0},"up":{"uv":[14.0,12.0,14.375,13.5],"rotation":0,"texture":"#0","tintindex":0},"down":{"uv":[14.0,12.0,15.5,13.5],"rotation":0,"texture":"#0","tintindex":0}}},{"from":[8.457143,9.428572,5.3714285],"to":[9.428572,11.3714285,9.828571],"rotation":{"angle":0.0,"axis":"y","origin":[9.828571,8.171429,6.0]},"faces":{"east":{"uv":[14.0,12.0,15.5,13.5],"rotation":0,"texture":"#0","tintindex":0},"south":{"uv":[14.0,12.0,14.375,13.0],"rotation":0,"texture":"#0","tintindex":0},"north":{"uv":[14.0,12.0,14.375,13.0],"rotation":0,"texture":"#0","tintindex":0},"west":{"uv":[14.0,12.0,15.5,13.5],"rotation":0,"texture":"#0","tintindex":0},"up":{"uv":[14.0,12.0,15.5,13.5],"rotation":0,"texture":"#0","tintindex":0},"down":{"uv":[14.0,12.0,15.5,13.5],"rotation":0,"texture":"#0","tintindex":0}}},{"from":[7.6,9.085714,5.3714285],"to":[8.457143,11.028572,9.828571],"rotation":{"angle":0.0,"axis":"y","origin":[9.2,7.8285713,6.0]},"faces":{"east":{"uv":[14.0,12.0,15.5,13.5],"rotation":0,"texture":"#0","tintindex":0},"south":{"uv":[14.0,12.0,14.375,13.0],"rotation":0,"texture":"#0","tintindex":0},"north":{"uv":[14.0,12.0,14.375,13.0],"rotation":0,"texture":"#0","tintindex":0},"west":{"uv":[14.0,12.0,15.5,13.5],"rotation":0,"texture":"#0","tintindex":0},"up":{"uv":[14.0,12.0,15.5,13.5],"rotation":0,"texture":"#0","tintindex":0},"down":{"uv":[14.0,12.0,15.5,13.5],"rotation":0,"texture":"#0","tintindex":0}}},{"from":[7.6005716,9.257143,7.2],"to":[8.457143,12.4,10.4],"rotation":{"angle":-45.0,"axis":"x","origin":[8.514286,9.485714,7.9428573]},"faces":{"east":{"uv":[14.0,12.0,15.5,13.5],"rotation":0,"texture":"#0","tintindex":0},"south":{"uv":[14.0,12.0,14.375,13.5],"rotation":0,"texture":"#0","tintindex":0},"north":{"uv":[14.0,12.0,15.5,13.5],"rotation":0,"texture":"#0","tintindex":0},"west":{"uv":[14.0,12.0,15.5,13.5],"rotation":0,"texture":"#0","tintindex":0},"up":{"uv":[14.0,12.0,14.375,13.5],"rotation":0,"texture":"#0","tintindex":0},"down":{"uv":[14.0,12.0,15.5,13.5],"rotation":0,"texture":"#0","tintindex":0}}},{"from":[6.8,8.685715,6.9714284],"to":[7.6,11.771429,10.057143],"rotation":{"angle":-45.0,"axis":"x","origin":[8.342857,9.142858,8.0]},"faces":{"east":{"uv":[14.0,8.0,15.5,9.5],"rotation":0,"texture":"#0","tintindex":0},"south":{"uv":[14.0,8.0,14.625,9.5],"rotation":0,"texture":"#0","tintindex":0},"north":{"uv":[14.0,8.0,14.625,9.5],"rotation":0,"texture":"#0","tintindex":0},"west":{"uv":[14.0,8.0,15.5,9.5],"rotation":0,"texture":"#0","tintindex":0},"up":{"uv":[14.0,8.0,14.625,9.5],"rotation":0,"texture":"#0","tintindex":0},"down":{"uv":[14.0,8.0,14.625,9.5],"rotation":0,"texture":"#0","tintindex":0}}},{"from":[6.4,7.542857,6.9714284],"to":[7.6,10.6285715,10.057143],"rotation":{"angle":-45.0,"axis":"x","origin":[8.0,8.0,8.0]},"faces":{"east":{"uv":[14.0,8.0,15.5,9.5],"rotation":0,"texture":"#0","tintindex":0},"south":{"uv":[14.0,8.0,14.625,9.5],"rotation":0,"texture":"#0","tintindex":0},"north":{"uv":[14.0,8.0,14.625,9.5],"rotation":0,"texture":"#0","tintindex":0},"west":{"uv":[14.0,8.0,15.5,9.5],"rotation":0,"texture":"#0","tintindex":0},"up":{"uv":[14.0,8.0,14.625,9.5],"rotation":0,"texture":"#0","tintindex":0},"down":{"uv":[14.0,8.0,14.625,9.5],"rotation":0,"texture":"#0","tintindex":0}}}],"display":{"head":{"translation":[0.0,-6.4,0.0],"scale":[4.0,4.0,4.0]}}}