{"textures":{"0":"modelengine:entity/voidtiger"},"elements":[{"from":[4.785714,0.7919636,7.4849925],"to":[7.1285715,6.3919635,9.656422],"rotation":{"angle":22.5,"axis":"x","origin":[4.7285714,-2.090498,13.100775]},"faces":{"east":{"uv":[7.75,5.375,8.5,6.75],"rotation":0,"texture":"#0","tintindex":0},"south":{"uv":[1.875,5.5,1.25,7.0],"rotation":0,"texture":"#0","tintindex":0},"north":{"uv":[1.125,5.5,1.875,7.0],"rotation":0,"texture":"#0","tintindex":0},"west":{"uv":[7.75,5.375,8.375,6.75],"rotation":0,"texture":"#0","tintindex":0},"up":{"uv":[6.5,5.25,6.0,5.875],"rotation":0,"texture":"#0","tintindex":0},"down":{"uv":[9.375,4.375,8.875,5.0],"rotation":0,"texture":"#0","tintindex":0}}},{"from":[4.957143,4.92374,7.483577],"to":[6.9,7.32374,12.512149],"rotation":{"angle":22.5,"axis":"x","origin":[17.414288,8.392802,12.5770855]},"faces":{"east":{"uv":[9.25,1.5,10.75,2.25],"rotation":0,"texture":"#0","tintindex":0},"south":{"uv":[1.625,5.25,0.875,6.875],"rotation":0,"texture":"#0","tintindex":0},"north":{"uv":[1.125,5.25,1.875,7.0],"rotation":0,"texture":"#0","tintindex":0},"west":{"uv":[9.25,1.5,10.75,2.25],"rotation":0,"texture":"#0","tintindex":0},"up":{"uv":[2.125,5.625,1.625,7.0],"rotation":0,"texture":"#0","tintindex":0},"down":{"uv":[1.375,5.25,2.0,6.5],"rotation":0,"texture":"#0","tintindex":0}}},{"from":[4.3285713,1.6168766,8.111632],"to":[7.7,2.816877,11.368775],"rotation":{"angle":0.0,"axis":"y","origin":[5.958739,1.3993144,10.368561]},"faces":{"east":{"uv":[7.75,5.125,8.5,5.5],"rotation":0,"texture":"#0","tintindex":0},"south":{"uv":[6.75,6.0,6.0,5.625],"rotation":0,"texture":"#0","tintindex":0},"north":{"uv":[6.875,5.0,6.125,4.625],"rotation":0,"texture":"#0","tintindex":0},"west":{"uv":[8.5,5.125,7.75,5.5],"rotation":0,"texture":"#0","tintindex":0},"up":{"uv":[6.75,6.25,5.875,5.5],"rotation":0,"texture":"#0","tintindex":0},"down":{"uv":[3.125,0.375,2.375,1.125],"rotation":0,"texture":"#0","tintindex":0}}},{"from":[5.2483993,1.5311627,7.1081257],"to":[5.591256,2.2168765,7.79384],"rotation":{"angle":22.5,"axis":"y","origin":[5.958739,1.3993144,10.539989]},"faces":{"east":{"uv":[0.875,6.75,1.0,7.0],"rotation":0,"texture":"#0","tintindex":0},"south":{"uv":[0.875,6.75,1.0,7.0],"rotation":0,"texture":"#0","tintindex":0},"north":{"uv":[0.875,6.75,1.0,7.0],"rotation":0,"texture":"#0","tintindex":0},"west":{"uv":[0.875,6.75,1.0,7.0],"rotation":0,"texture":"#0","tintindex":0},"up":{"uv":[0.875,6.75,1.0,7.0],"rotation":0,"texture":"#0","tintindex":0},"down":{"uv":[0.875,6.75,1.0,7.0],"rotation":0,"texture":"#0","tintindex":0}}},{"from":[5.7,1.5311627,7.025918],"to":[6.042857,2.2168765,7.7116323],"rotation":{"angle":0.0,"axis":"y","origin":[5.958739,1.3993144,10.539989]},"faces":{"east":{"uv":[0.875,6.75,1.0,7.0],"rotation":0,"texture":"#0","tintindex":0},"south":{"uv":[0.875,6.75,1.0,7.0],"rotation":0,"texture":"#0","tintindex":0},"north":{"uv":[0.875,6.75,1.0,7.0],"rotation":0,"texture":"#0","tintindex":0},"west":{"uv":[0.875,6.75,1.0,7.0],"rotation":0,"texture":"#0","tintindex":0},"up":{"uv":[0.875,6.75,1.0,7.0],"rotation":0,"texture":"#0","tintindex":0},"down":{"uv":[0.875,6.75,1.0,7.0],"rotation":0,"texture":"#0","tintindex":0}}},{"from":[6.3847647,1.5311627,7.1312146],"to":[6.7276216,2.2168765,7.816929],"rotation":{"angle":-22.5,"axis":"y","origin":[5.958739,1.3993144,10.539989]},"faces":{"east":{"uv":[0.875,6.75,1.0,7.0],"rotation":0,"texture":"#0","tintindex":0},"south":{"uv":[0.875,6.75,1.0,7.0],"rotation":0,"texture":"#0","tintindex":0},"north":{"uv":[0.875,6.75,1.0,7.0],"rotation":0,"texture":"#0","tintindex":0},"west":{"uv":[0.875,6.75,1.0,7.0],"rotation":0,"texture":"#0","tintindex":0},"up":{"uv":[0.875,6.75,1.0,7.0],"rotation":0,"texture":"#0","tintindex":0},"down":{"uv":[0.875,6.75,1.0,7.0],"rotation":0,"texture":"#0","tintindex":0}}},{"from":[5.957158,1.6740198,7.3078237],"to":[7.3285866,2.9311624,9.02211],"rotation":{"angle":-22.5,"axis":"y","origin":[5.958739,1.3993144,10.368561]},"faces":{"east":{"uv":[0.75,5.375,0.375,5.75],"rotation":0,"texture":"#0","tintindex":0},"south":{"uv":[0.75,5.375,0.375,5.75],"rotation":0,"texture":"#0","tintindex":0},"north":{"uv":[0.75,5.375,0.375,5.75],"rotation":0,"texture":"#0","tintindex":0},"west":{"uv":[0.75,5.375,0.375,5.75],"rotation":0,"texture":"#0","tintindex":0},"up":{"uv":[0.75,5.375,0.375,5.75],"rotation":0,"texture":"#0","tintindex":0},"down":{"uv":[0.75,5.375,0.375,5.75],"rotation":0,"texture":"#0","tintindex":0}}},{"from":[5.185714,1.6740198,7.197346],"to":[6.6142855,2.9311624,8.911633],"rotation":{"angle":0.0,"axis":"y","origin":[5.958739,1.3993144,10.368561]},"faces":{"east":{"uv":[0.75,5.375,0.375,5.75],"rotation":0,"texture":"#0","tintindex":0},"south":{"uv":[0.75,5.375,0.375,5.75],"rotation":0,"texture":"#0","tintindex":0},"north":{"uv":[0.75,5.375,0.375,5.75],"rotation":0,"texture":"#0","tintindex":0},"west":{"uv":[0.75,5.375,0.375,5.75],"rotation":0,"texture":"#0","tintindex":0},"up":{"uv":[0.75,5.375,0.375,5.75],"rotation":0,"texture":"#0","tintindex":0},"down":{"uv":[0.75,5.375,0.375,5.75],"rotation":0,"texture":"#0","tintindex":0}}},{"from":[4.76172,1.6740198,7.2847347],"to":[5.9045773,2.9311624,8.999021],"rotation":{"angle":22.5,"axis":"y","origin":[5.958739,1.3993144,10.368561]},"faces":{"east":{"uv":[0.75,5.375,0.375,5.75],"rotation":0,"texture":"#0","tintindex":0},"south":{"uv":[0.75,5.375,0.375,5.75],"rotation":0,"texture":"#0","tintindex":0},"north":{"uv":[0.75,5.375,0.375,5.75],"rotation":0,"texture":"#0","tintindex":0},"west":{"uv":[0.75,5.375,0.375,5.75],"rotation":0,"texture":"#0","tintindex":0},"up":{"uv":[0.75,5.375,0.375,5.75],"rotation":0,"texture":"#0","tintindex":0},"down":{"uv":[0.75,5.375,0.375,5.75],"rotation":0,"texture":"#0","tintindex":0}}}],"display":{"head":{"translation":[0.0,-6.4,0.0],"scale":[4.0,4.0,4.0]}}}