{"textures":{"0":"modelengine:entity/voidtiger"},"elements":[{"from":[7.0857143,5.885714,2.7999997],"to":[9.085714,10.571428,5.2],"rotation":{"angle":22.5,"axis":"x","origin":[6.6285715,0.39999962,1.6571422]},"faces":{"east":{"uv":[7.75,5.375,8.5,6.75],"rotation":0,"texture":"#0","tintindex":0},"south":{"uv":[1.875,5.5,1.25,7.0],"rotation":0,"texture":"#0","tintindex":0},"north":{"uv":[1.125,5.5,1.875,7.0],"rotation":0,"texture":"#0","tintindex":0},"west":{"uv":[7.75,5.375,8.375,6.75],"rotation":0,"texture":"#0","tintindex":0},"up":{"uv":[6.5,5.25,6.0,5.875],"rotation":0,"texture":"#0","tintindex":0},"down":{"uv":[9.375,4.375,8.875,5.0],"rotation":0,"texture":"#0","tintindex":0}}},{"from":[10.571428,3.7999997,3.0857139],"to":[10.914286,4.485714,3.771428],"rotation":{"angle":-22.5,"axis":"y","origin":[9.714286,3.7999997,0.742857]},"faces":{"east":{"uv":[0.875,6.75,1.0,7.0],"rotation":0,"texture":"#0","tintindex":0},"south":{"uv":[0.875,6.75,1.0,7.0],"rotation":0,"texture":"#0","tintindex":0},"north":{"uv":[0.875,6.75,1.0,7.0],"rotation":0,"texture":"#0","tintindex":0},"west":{"uv":[0.875,6.75,1.0,7.0],"rotation":0,"texture":"#0","tintindex":0},"up":{"uv":[0.875,6.75,1.0,7.0],"rotation":0,"texture":"#0","tintindex":0},"down":{"uv":[0.875,6.75,1.0,7.0],"rotation":0,"texture":"#0","tintindex":0}}},{"from":[9.028571,3.9428568,3.1999998],"to":[10.4,5.2,4.9142857],"rotation":{"angle":-22.5,"axis":"y","origin":[9.028571,3.9428568,3.1999998]},"faces":{"east":{"uv":[0.75,5.375,0.375,5.75],"rotation":0,"texture":"#0","tintindex":0},"south":{"uv":[0.75,5.375,0.375,5.75],"rotation":0,"texture":"#0","tintindex":0},"north":{"uv":[0.75,5.375,0.375,5.75],"rotation":0,"texture":"#0","tintindex":0},"west":{"uv":[0.75,5.375,0.375,5.75],"rotation":0,"texture":"#0","tintindex":0},"up":{"uv":[0.75,5.375,0.375,5.75],"rotation":0,"texture":"#0","tintindex":0},"down":{"uv":[0.75,5.375,0.375,5.75],"rotation":0,"texture":"#0","tintindex":0}}},{"from":[4.8571424,3.7999997,3.0857139],"to":[5.2,4.485714,3.771428],"rotation":{"angle":22.5,"axis":"y","origin":[5.942857,3.7999997,0.742857]},"faces":{"east":{"uv":[0.875,6.75,1.0,7.0],"rotation":0,"texture":"#0","tintindex":0},"south":{"uv":[0.875,6.75,1.0,7.0],"rotation":0,"texture":"#0","tintindex":0},"north":{"uv":[0.875,6.75,1.0,7.0],"rotation":0,"texture":"#0","tintindex":0},"west":{"uv":[0.875,6.75,1.0,7.0],"rotation":0,"texture":"#0","tintindex":0},"up":{"uv":[0.875,6.75,1.0,7.0],"rotation":0,"texture":"#0","tintindex":0},"down":{"uv":[0.875,6.75,1.0,7.0],"rotation":0,"texture":"#0","tintindex":0}}},{"from":[5.485714,3.9428568,3.1999998],"to":[6.6285715,5.2,4.9142857],"rotation":{"angle":22.5,"axis":"y","origin":[6.6285715,3.9428568,3.1999998]},"faces":{"east":{"uv":[0.75,5.375,0.375,5.75],"rotation":0,"texture":"#0","tintindex":0},"south":{"uv":[0.75,5.375,0.375,5.75],"rotation":0,"texture":"#0","tintindex":0},"north":{"uv":[0.75,5.375,0.375,5.75],"rotation":0,"texture":"#0","tintindex":0},"west":{"uv":[0.75,5.375,0.375,5.75],"rotation":0,"texture":"#0","tintindex":0},"up":{"uv":[0.75,5.375,0.375,5.75],"rotation":0,"texture":"#0","tintindex":0},"down":{"uv":[0.75,5.375,0.375,5.75],"rotation":0,"texture":"#0","tintindex":0}}},{"from":[7.0857143,3.9428568,2.8571424],"to":[8.514286,5.2,4.5714283],"rotation":{"angle":0.0,"axis":"y","origin":[8.8,3.9428568,2.8571424]},"faces":{"east":{"uv":[0.75,5.375,0.375,5.75],"rotation":0,"texture":"#0","tintindex":0},"south":{"uv":[0.75,5.375,0.375,5.75],"rotation":0,"texture":"#0","tintindex":0},"north":{"uv":[0.75,5.375,0.375,5.75],"rotation":0,"texture":"#0","tintindex":0},"west":{"uv":[0.75,5.375,0.375,5.75],"rotation":0,"texture":"#0","tintindex":0},"up":{"uv":[0.75,5.375,0.375,5.75],"rotation":0,"texture":"#0","tintindex":0},"down":{"uv":[0.75,5.375,0.375,5.75],"rotation":0,"texture":"#0","tintindex":0}}},{"from":[7.6,3.7999997,2.6857138],"to":[7.9428573,4.485714,3.371428],"rotation":{"angle":0.0,"axis":"y","origin":[8.685715,3.7999997,0.39999962]},"faces":{"east":{"uv":[0.875,6.75,1.0,7.0],"rotation":0,"texture":"#0","tintindex":0},"south":{"uv":[0.875,6.75,1.0,7.0],"rotation":0,"texture":"#0","tintindex":0},"north":{"uv":[0.875,6.75,1.0,7.0],"rotation":0,"texture":"#0","tintindex":0},"west":{"uv":[0.875,6.75,1.0,7.0],"rotation":0,"texture":"#0","tintindex":0},"up":{"uv":[0.875,6.75,1.0,7.0],"rotation":0,"texture":"#0","tintindex":0},"down":{"uv":[0.875,6.75,1.0,7.0],"rotation":0,"texture":"#0","tintindex":0}}},{"from":[6.2285714,3.885714,3.771428],"to":[9.6,5.0857143,7.028571],"rotation":{"angle":0.0,"axis":"y","origin":[6.6285715,-1.5428581,0.5142851]},"faces":{"east":{"uv":[7.75,5.125,8.5,5.5],"rotation":0,"texture":"#0","tintindex":0},"south":{"uv":[6.75,6.0,6.0,5.625],"rotation":0,"texture":"#0","tintindex":0},"north":{"uv":[6.875,5.0,6.125,4.625],"rotation":0,"texture":"#0","tintindex":0},"west":{"uv":[8.5,5.125,7.75,5.5],"rotation":0,"texture":"#0","tintindex":0},"up":{"uv":[6.75,6.25,5.875,5.5],"rotation":0,"texture":"#0","tintindex":0},"down":{"uv":[3.125,0.375,2.375,1.125],"rotation":0,"texture":"#0","tintindex":0}}}],"display":{"head":{"translation":[0.0,-6.4,0.0],"scale":[4.0,4.0,4.0]}}}