{"textures":{"0":"modelengine:entity/voidtiger"},"elements":[{"from":[7.714286,6.1142855,6.9714284],"to":[10.457143,9.771429,10.6285715],"rotation":{"angle":-45.0,"axis":"x","origin":[11.942858,6.5714283,8.0]},"faces":{"east":{"uv":[2.125,5.875,1.25,6.875],"rotation":0,"texture":"#0","tintindex":0},"south":{"uv":[2.0,5.625,1.125,6.625],"rotation":0,"texture":"#0","tintindex":0},"north":{"uv":[11.875,0.875,13.0,2.0],"rotation":0,"texture":"#0","tintindex":0},"west":{"uv":[8.75,0.0,10.0,1.375],"rotation":0,"texture":"#0","tintindex":0},"up":{"uv":[1.875,5.75,1.0,6.75],"rotation":0,"texture":"#0","tintindex":0},"down":{"uv":[1.375,5.75,2.125,6.75],"rotation":0,"texture":"#0","tintindex":0}}},{"from":[7.9428573,4.1142855,6.5142856],"to":[10.171429,8.171429,9.6],"rotation":{"angle":0.0,"axis":"y","origin":[6.742857,5.2,6.1714287]},"faces":{"east":{"uv":[2.125,5.25,1.25,6.875],"rotation":0,"texture":"#0","tintindex":0},"south":{"uv":[0.875,5.25,1.625,6.875],"rotation":0,"texture":"#0","tintindex":0},"north":{"uv":[2.0,5.25,1.25,7.0],"rotation":0,"texture":"#0","tintindex":0},"west":{"uv":[2.125,5.25,1.25,6.875],"rotation":0,"texture":"#0","tintindex":0},"up":{"uv":[0.0,0.0,1.25,4.0],"rotation":0,"texture":"#0","tintindex":0},"down":{"uv":[1.75,5.25,2.25,6.0],"rotation":0,"texture":"#0","tintindex":0}}}],"display":{"head":{"translation":[0.0,-6.4,0.0],"scale":[4.0,4.0,4.0]}}}