{"textures":{"0":"modelengine:entity/voidtiger"},"elements":[{"from":[11.142858,9.3714285,10.685715],"to":[11.714286,10.742857,12.057143],"rotation":{"angle":-45.0,"axis":"x","origin":[10.514286,8.114285,10.0]},"faces":{"east":{"uv":[14.0,10.0,15.25,11.25],"rotation":0,"texture":"#0","tintindex":0},"south":{"uv":[14.0,10.0,15.25,11.25],"rotation":0,"texture":"#0","tintindex":0},"north":{"uv":[14.0,10.0,15.25,11.25],"rotation":0,"texture":"#0","tintindex":0},"west":{"uv":[14.0,10.0,15.25,11.25],"rotation":0,"texture":"#0","tintindex":0},"up":{"uv":[14.0,10.0,15.25,11.25],"rotation":0,"texture":"#0","tintindex":0},"down":{"uv":[14.0,10.0,15.25,11.25],"rotation":0,"texture":"#0","tintindex":0}}},{"from":[10.228572,9.314285,10.114286],"to":[11.428572,11.142858,11.942858],"rotation":{"angle":-45.0,"axis":"x","origin":[9.828571,8.6285715,10.0]},"faces":{"east":{"uv":[15.5,8.0,14.0,9.5],"rotation":0,"texture":"#0","tintindex":0},"south":{"uv":[14.625,8.0,14.0,9.5],"rotation":0,"texture":"#0","tintindex":0},"north":{"uv":[14.625,8.0,14.0,9.5],"rotation":0,"texture":"#0","tintindex":0},"west":{"uv":[15.5,8.0,14.0,9.5],"rotation":0,"texture":"#0","tintindex":0},"up":{"uv":[14.625,8.0,14.0,9.5],"rotation":0,"texture":"#0","tintindex":0},"down":{"uv":[14.625,8.0,14.0,9.5],"rotation":0,"texture":"#0","tintindex":0}}},{"from":[10.228572,7.3714285,8.971429],"to":[11.428572,10.457143,12.057143],"rotation":{"angle":-45.0,"axis":"x","origin":[9.828571,7.8285713,10.0]},"faces":{"east":{"uv":[14.0,8.0,15.5,9.5],"rotation":0,"texture":"#0","tintindex":0},"south":{"uv":[14.0,8.0,14.625,9.5],"rotation":0,"texture":"#0","tintindex":0},"north":{"uv":[14.0,8.0,14.625,9.5],"rotation":0,"texture":"#0","tintindex":0},"west":{"uv":[14.0,8.0,15.5,9.5],"rotation":0,"texture":"#0","tintindex":0},"up":{"uv":[14.0,8.0,14.625,9.5],"rotation":0,"texture":"#0","tintindex":0},"down":{"uv":[14.0,8.0,14.625,9.5],"rotation":0,"texture":"#0","tintindex":0}}},{"from":[10.228572,8.514286,8.971429],"to":[11.028572,11.6,12.057143],"rotation":{"angle":-45.0,"axis":"x","origin":[9.485714,8.971429,10.0]},"faces":{"east":{"uv":[14.0,8.0,15.5,9.5],"rotation":0,"texture":"#0","tintindex":0},"south":{"uv":[14.0,8.0,14.625,9.5],"rotation":0,"texture":"#0","tintindex":0},"north":{"uv":[14.0,8.0,14.625,9.5],"rotation":0,"texture":"#0","tintindex":0},"west":{"uv":[14.0,8.0,15.5,9.5],"rotation":0,"texture":"#0","tintindex":0},"up":{"uv":[14.0,8.0,14.625,9.5],"rotation":0,"texture":"#0","tintindex":0},"down":{"uv":[14.0,8.0,14.625,9.5],"rotation":0,"texture":"#0","tintindex":0}}},{"from":[9.3714285,9.085714,9.2],"to":[10.228001,12.228572,12.4],"rotation":{"angle":-45.0,"axis":"x","origin":[9.314285,9.314285,9.942858]},"faces":{"east":{"uv":[14.0,12.0,15.5,13.5],"rotation":0,"texture":"#0","tintindex":0},"south":{"uv":[14.0,12.0,14.375,13.5],"rotation":0,"texture":"#0","tintindex":0},"north":{"uv":[14.0,12.0,15.5,13.5],"rotation":0,"texture":"#0","tintindex":0},"west":{"uv":[14.0,12.0,15.5,13.5],"rotation":0,"texture":"#0","tintindex":0},"up":{"uv":[14.0,12.0,14.375,13.5],"rotation":0,"texture":"#0","tintindex":0},"down":{"uv":[14.0,12.0,15.5,13.5],"rotation":0,"texture":"#0","tintindex":0}}},{"from":[8.4,9.428572,9.2],"to":[9.3714285,12.571428,12.4],"rotation":{"angle":-45.0,"axis":"x","origin":[8.685715,9.657143,9.942858]},"faces":{"east":{"uv":[14.0,12.0,15.5,13.5],"rotation":0,"texture":"#0","tintindex":0},"south":{"uv":[14.0,12.0,14.375,13.5],"rotation":0,"texture":"#0","tintindex":0},"north":{"uv":[14.0,12.0,15.5,13.5],"rotation":0,"texture":"#0","tintindex":0},"west":{"uv":[14.0,12.0,15.5,13.5],"rotation":0,"texture":"#0","tintindex":0},"up":{"uv":[14.0,12.0,14.375,13.5],"rotation":0,"texture":"#0","tintindex":0},"down":{"uv":[14.0,12.0,15.5,13.5],"rotation":0,"texture":"#0","tintindex":0}}},{"from":[9.3714285,8.914286,7.3714285],"to":[10.228572,10.857143,11.828571],"rotation":{"angle":0.0,"axis":"y","origin":[8.6285715,7.6571426,8.0]},"faces":{"east":{"uv":[14.0,12.0,15.5,13.5],"rotation":0,"texture":"#0","tintindex":0},"south":{"uv":[14.0,12.0,14.375,13.0],"rotation":0,"texture":"#0","tintindex":0},"north":{"uv":[14.0,12.0,14.375,13.0],"rotation":0,"texture":"#0","tintindex":0},"west":{"uv":[14.0,12.0,15.5,13.5],"rotation":0,"texture":"#0","tintindex":0},"up":{"uv":[14.0,12.0,15.5,13.5],"rotation":0,"texture":"#0","tintindex":0},"down":{"uv":[14.0,12.0,15.5,13.5],"rotation":0,"texture":"#0","tintindex":0}}},{"from":[8.4,9.257143,7.3714285],"to":[9.3714285,11.2,11.828571],"rotation":{"angle":0.0,"axis":"y","origin":[8.0,8.0,8.0]},"faces":{"east":{"uv":[14.0,12.0,15.5,13.5],"rotation":0,"texture":"#0","tintindex":0},"south":{"uv":[14.0,12.0,14.375,13.0],"rotation":0,"texture":"#0","tintindex":0},"north":{"uv":[14.0,12.0,14.375,13.0],"rotation":0,"texture":"#0","tintindex":0},"west":{"uv":[14.0,12.0,15.5,13.5],"rotation":0,"texture":"#0","tintindex":0},"up":{"uv":[14.0,12.0,15.5,13.5],"rotation":0,"texture":"#0","tintindex":0},"down":{"uv":[14.0,12.0,15.5,13.5],"rotation":0,"texture":"#0","tintindex":0}}}],"display":{"head":{"translation":[0.0,-6.4,0.0],"scale":[4.0,4.0,4.0]}}}