{"textures":{"0":"modelengine:entity/voidtiger"},"elements":[{"from":[10.085714,7.857143,7.7285714],"to":[11.0,8.542857,11.642858],"rotation":{"angle":-22.5,"axis":"x","origin":[10.514286,9.0,7.6857142]},"faces":{"east":{"uv":[14.0,12.0,16.0,12.375],"rotation":0,"texture":"#0","tintindex":0},"south":{"uv":[14.0,12.0,14.375,12.375],"rotation":0,"texture":"#0","tintindex":0},"north":{"uv":[14.0,12.0,14.375,12.375],"rotation":0,"texture":"#0","tintindex":0},"west":{"uv":[14.0,12.0,16.0,12.375],"rotation":0,"texture":"#0","tintindex":0},"up":{"uv":[14.0,12.0,16.0,12.375],"rotation":90,"texture":"#0","tintindex":0},"down":{"uv":[14.0,12.0,16.0,12.375],"rotation":90,"texture":"#0","tintindex":0}}},{"from":[4.8285713,7.857143,7.7285714],"to":[5.742857,8.542857,11.642858],"rotation":{"angle":-22.5,"axis":"x","origin":[5.2571425,9.0,7.6857142]},"faces":{"east":{"uv":[14.0,12.0,16.0,12.375],"rotation":0,"texture":"#0","tintindex":0},"south":{"uv":[14.0,12.0,14.375,12.375],"rotation":0,"texture":"#0","tintindex":0},"north":{"uv":[14.0,12.0,14.375,12.375],"rotation":0,"texture":"#0","tintindex":0},"west":{"uv":[14.0,12.0,16.0,12.375],"rotation":0,"texture":"#0","tintindex":0},"up":{"uv":[14.0,12.0,16.0,12.375],"rotation":90,"texture":"#0","tintindex":0},"down":{"uv":[14.0,12.0,16.0,12.375],"rotation":90,"texture":"#0","tintindex":0}}},{"from":[10.542857,8.2,7.042857],"to":[11.006286,8.885715,8.557143],"rotation":{"angle":22.5,"axis":"x","origin":[10.971429,9.0,7.6857142]},"faces":{"east":{"uv":[15.125,12.0,16.0,12.375],"rotation":0,"texture":"#0","tintindex":0},"south":{"uv":[14.0,12.0,14.375,12.375],"rotation":0,"texture":"#0","tintindex":0},"north":{"uv":[14.0,12.0,14.375,12.375],"rotation":0,"texture":"#0","tintindex":0},"west":{"uv":[15.125,12.0,16.0,12.375],"rotation":0,"texture":"#0","tintindex":0},"up":{"uv":[15.125,12.0,16.0,12.375],"rotation":90,"texture":"#0","tintindex":0},"down":{"uv":[15.125,12.0,16.0,12.375],"rotation":90,"texture":"#0","tintindex":0}}},{"from":[4.8291426,8.2,7.042857],"to":[5.2862854,8.885715,8.557143],"rotation":{"angle":22.5,"axis":"x","origin":[5.2571425,9.0,7.6857142]},"faces":{"east":{"uv":[15.125,12.0,16.0,12.375],"rotation":0,"texture":"#0","tintindex":0},"south":{"uv":[14.0,12.0,14.375,12.375],"rotation":0,"texture":"#0","tintindex":0},"north":{"uv":[14.0,12.0,14.375,12.375],"rotation":0,"texture":"#0","tintindex":0},"west":{"uv":[15.125,12.0,16.0,12.375],"rotation":0,"texture":"#0","tintindex":0},"up":{"uv":[15.125,12.0,16.0,12.375],"rotation":90,"texture":"#0","tintindex":0},"down":{"uv":[15.125,12.0,16.0,12.375],"rotation":90,"texture":"#0","tintindex":0}}},{"from":[10.542857,8.6,5.6714287],"to":[11.0,10.6,6.5],"rotation":{"angle":-22.5,"axis":"x","origin":[10.342857,11.314286,6.542857]},"faces":{"east":{"uv":[14.0,12.0,15.25,12.5],"rotation":90,"texture":"#0","tintindex":0},"south":{"uv":[14.0,12.0,15.625,12.375],"rotation":90,"texture":"#0","tintindex":0},"north":{"uv":[14.0,12.0,15.625,12.375],"rotation":90,"texture":"#0","tintindex":0},"west":{"uv":[14.0,12.0,15.25,12.5],"rotation":90,"texture":"#0","tintindex":0},"up":{"uv":[14.0,12.0,16.0,12.375],"rotation":90,"texture":"#0","tintindex":0},"down":{"uv":[14.0,12.0,16.0,12.375],"rotation":90,"texture":"#0","tintindex":0}}},{"from":[4.8285713,8.6,5.6714287],"to":[5.285714,10.6,6.5],"rotation":{"angle":-22.5,"axis":"x","origin":[4.6285715,11.314286,6.542857]},"faces":{"east":{"uv":[14.0,12.0,15.25,12.5],"rotation":90,"texture":"#0","tintindex":0},"south":{"uv":[14.0,12.0,15.625,12.375],"rotation":90,"texture":"#0","tintindex":0},"north":{"uv":[14.0,12.0,15.625,12.375],"rotation":90,"texture":"#0","tintindex":0},"west":{"uv":[14.0,12.0,15.25,12.5],"rotation":90,"texture":"#0","tintindex":0},"up":{"uv":[14.0,12.0,16.0,12.375],"rotation":90,"texture":"#0","tintindex":0},"down":{"uv":[14.0,12.0,16.0,12.375],"rotation":90,"texture":"#0","tintindex":0}}},{"from":[7.9142857,10.2,6.4142857],"to":[11.114285,11.4,7.242857],"rotation":{"angle":22.5,"axis":"x","origin":[4.6285715,11.314286,6.542857]},"faces":{"east":{"uv":[15.5,12.0,16.0,12.75],"rotation":0,"texture":"#0","tintindex":0},"south":{"uv":[14.0,12.0,16.0,12.75],"rotation":0,"texture":"#0","tintindex":0},"north":{"uv":[14.0,12.0,16.0,12.75],"rotation":0,"texture":"#0","tintindex":0},"west":{"uv":[15.5,12.0,16.0,12.75],"rotation":0,"texture":"#0","tintindex":0},"up":{"uv":[14.0,12.0,16.0,12.5],"rotation":0,"texture":"#0","tintindex":0},"down":{"uv":[14.0,12.0,16.0,12.5],"rotation":0,"texture":"#0","tintindex":0}}},{"from":[4.714286,10.2,6.4142857],"to":[7.9142857,11.4,7.242857],"rotation":{"angle":22.5,"axis":"x","origin":[1.4857144,11.314286,6.542857]},"faces":{"east":{"uv":[15.5,12.0,16.0,12.75],"rotation":0,"texture":"#0","tintindex":0},"south":{"uv":[14.0,12.0,16.0,12.75],"rotation":0,"texture":"#0","tintindex":0},"north":{"uv":[14.0,12.0,16.0,12.75],"rotation":0,"texture":"#0","tintindex":0},"west":{"uv":[15.5,12.0,16.0,12.75],"rotation":0,"texture":"#0","tintindex":0},"up":{"uv":[14.0,12.0,16.0,12.5],"rotation":0,"texture":"#0","tintindex":0},"down":{"uv":[14.0,12.0,16.0,12.5],"rotation":0,"texture":"#0","tintindex":0}}},{"from":[6.3142858,9.6285715,11.5],"to":[9.685715,11.171429,12.328571],"rotation":{"angle":0.0,"axis":"y","origin":[8.0,8.171429,13.714286]},"faces":{"east":{"uv":[14.0,8.0,14.5,8.875],"rotation":0,"texture":"#0","tintindex":0},"south":{"uv":[14.0,8.0,16.0,8.875],"rotation":0,"texture":"#0","tintindex":0},"north":{"uv":[14.0,8.0,16.0,8.875],"rotation":0,"texture":"#0","tintindex":0},"west":{"uv":[14.0,8.0,14.5,8.875],"rotation":0,"texture":"#0","tintindex":0},"up":{"uv":[14.0,8.0,16.0,8.5],"rotation":0,"texture":"#0","tintindex":0},"down":{"uv":[14.0,8.0,16.0,8.5],"rotation":0,"texture":"#0","tintindex":0}}},{"from":[4.714286,9.514286,11.5],"to":[7.9142857,10.3714285,12.328571],"rotation":{"angle":-22.5,"axis":"x","origin":[5.5714283,10.057143,11.914286]},"faces":{"east":{"uv":[15.375,12.0,16.0,12.625],"rotation":0,"texture":"#0","tintindex":0},"south":{"uv":[14.0,12.0,16.0,12.75],"rotation":0,"texture":"#0","tintindex":0},"north":{"uv":[14.0,12.0,16.0,12.75],"rotation":0,"texture":"#0","tintindex":0},"west":{"uv":[15.375,12.0,16.0,12.625],"rotation":0,"texture":"#0","tintindex":0},"up":{"uv":[14.0,12.0,16.0,12.5],"rotation":0,"texture":"#0","tintindex":0},"down":{"uv":[14.0,12.0,16.0,12.5],"rotation":0,"texture":"#0","tintindex":0}}},{"from":[7.885714,9.514286,11.5],"to":[11.085714,10.3714285,12.328571],"rotation":{"angle":-22.5,"axis":"x","origin":[8.6285715,10.057143,11.914286]},"faces":{"east":{"uv":[15.375,12.0,16.0,12.625],"rotation":0,"texture":"#0","tintindex":0},"south":{"uv":[14.0,12.0,16.0,12.75],"rotation":0,"texture":"#0","tintindex":0},"north":{"uv":[14.0,12.0,16.0,12.75],"rotation":0,"texture":"#0","tintindex":0},"west":{"uv":[15.375,12.0,16.0,12.625],"rotation":0,"texture":"#0","tintindex":0},"up":{"uv":[14.0,12.0,16.0,12.5],"rotation":0,"texture":"#0","tintindex":0},"down":{"uv":[14.0,12.0,16.0,12.5],"rotation":0,"texture":"#0","tintindex":0}}},{"from":[6.3142858,10.542857,6.1857142],"to":[9.685715,12.085714,7.0142856],"rotation":{"angle":0.0,"axis":"y","origin":[8.0,11.314286,6.542857]},"faces":{"east":{"uv":[14.0,8.0,14.5,8.875],"rotation":0,"texture":"#0","tintindex":0},"south":{"uv":[14.0,8.0,16.0,8.875],"rotation":0,"texture":"#0","tintindex":0},"north":{"uv":[14.0,8.0,16.0,8.875],"rotation":0,"texture":"#0","tintindex":0},"west":{"uv":[14.0,8.0,14.5,8.875],"rotation":0,"texture":"#0","tintindex":0},"up":{"uv":[14.0,8.0,16.0,8.5],"rotation":0,"texture":"#0","tintindex":0},"down":{"uv":[14.0,8.0,16.0,8.5],"rotation":0,"texture":"#0","tintindex":0}}},{"from":[6.3142858,9.4,8.357142],"to":[9.685715,10.257143,11.528572],"rotation":{"angle":0.0,"axis":"y","origin":[8.0,7.6571426,10.571428]},"faces":{"east":{"uv":[14.0,14.0,16.0,14.625],"rotation":0,"texture":"#0","tintindex":0},"south":{"uv":[14.0,14.0,16.0,16.0],"rotation":0,"texture":"#0","tintindex":0},"north":{"uv":[14.0,14.0,16.0,16.0],"rotation":0,"texture":"#0","tintindex":0},"west":{"uv":[14.0,14.0,16.0,14.625],"rotation":0,"texture":"#0","tintindex":0},"up":{"uv":[14.0,14.0,16.0,16.0],"rotation":0,"texture":"#0","tintindex":0},"down":{"uv":[14.0,14.0,16.0,16.0],"rotation":0,"texture":"#0","tintindex":0}}},{"from":[5.685714,8.485714,8.414286],"to":[10.314286,9.742857,11.585714],"rotation":{"angle":0.0,"axis":"y","origin":[8.0,8.0,8.0]},"faces":{"east":{"uv":[14.0,14.375,16.0,15.5],"rotation":0,"texture":"#0","tintindex":0},"south":{"uv":[14.0,14.0,16.0,16.0],"rotation":0,"texture":"#0","tintindex":0},"north":{"uv":[14.0,14.0,16.0,16.0],"rotation":0,"texture":"#0","tintindex":0},"west":{"uv":[14.0,14.375,16.0,15.5],"rotation":0,"texture":"#0","tintindex":0},"up":{"uv":[14.0,14.0,16.0,16.0],"rotation":0,"texture":"#0","tintindex":0},"down":{"uv":[14.0,14.0,16.0,16.0],"rotation":0,"texture":"#0","tintindex":0}}},{"from":[5.2285714,8.6,6.0714283],"to":[10.6,9.857143,8.042857],"rotation":{"angle":22.5,"axis":"x","origin":[8.0,8.0,8.0]},"faces":{"east":{"uv":[14.0,14.375,16.0,15.5],"rotation":0,"texture":"#0","tintindex":0},"south":{"uv":[14.0,14.0,16.0,16.0],"rotation":0,"texture":"#0","tintindex":0},"north":{"uv":[14.0,14.0,16.0,16.0],"rotation":0,"texture":"#0","tintindex":0},"west":{"uv":[14.0,14.375,16.0,15.5],"rotation":0,"texture":"#0","tintindex":0},"up":{"uv":[14.0,14.0,16.0,16.0],"rotation":0,"texture":"#0","tintindex":0},"down":{"uv":[14.0,14.0,16.0,16.0],"rotation":0,"texture":"#0","tintindex":0}}},{"from":[6.314857,9.742857,6.0714283],"to":[9.692572,10.6,8.957143],"rotation":{"angle":22.5,"axis":"x","origin":[8.0,8.0,8.0]},"faces":{"east":{"uv":[14.0,14.0,16.0,14.625],"rotation":0,"texture":"#0","tintindex":0},"south":{"uv":[14.0,14.0,16.0,16.0],"rotation":0,"texture":"#0","tintindex":0},"north":{"uv":[14.0,14.0,16.0,16.0],"rotation":0,"texture":"#0","tintindex":0},"west":{"uv":[14.0,14.0,16.0,14.625],"rotation":0,"texture":"#0","tintindex":0},"up":{"uv":[14.0,14.0,16.0,16.0],"rotation":0,"texture":"#0","tintindex":0},"down":{"uv":[14.0,14.0,16.0,16.0],"rotation":0,"texture":"#0","tintindex":0}}}],"display":{"head":{"translation":[0.0,-6.4,0.0],"scale":[4.0,4.0,4.0]}}}