{"textures":{"0":"modelengine:entity/voidtiger"},"elements":[{"from":[5.771428,4.8,2.371428],"to":[10.285714,10.0,8.971429],"rotation":{"angle":0.0,"axis":"y","origin":[5.428571,4.0571427,7.6]},"faces":{"east":{"uv":[8.875,1.5,10.5,3.0],"rotation":0,"texture":"#0","tintindex":0},"south":{"uv":[7.125,0.0,8.5,1.5],"rotation":0,"texture":"#0","tintindex":0},"north":{"uv":[5.75,0.0,7.125,1.5],"rotation":0,"texture":"#0","tintindex":0},"west":{"uv":[9.75,0.0,11.375,1.5],"rotation":0,"texture":"#0","tintindex":0},"up":{"uv":[7.125,4.25,8.5,1.625],"rotation":0,"texture":"#0","tintindex":0},"down":{"uv":[5.75,1.375,7.125,4.0],"rotation":0,"texture":"#0","tintindex":0}}},{"from":[5.3142858,4.1714287,-3.6571436],"to":[10.571428,9.828571,2.0571427],"rotation":{"angle":22.5,"axis":"x","origin":[4.685714,3.5428567,3.771428]},"faces":{"east":{"uv":[10.375,1.5,8.75,3.0],"rotation":0,"texture":"#0","tintindex":0},"south":{"uv":[5.75,0.0,7.125,1.25],"rotation":0,"texture":"#0","tintindex":0},"north":{"uv":[5.75,0.0,7.125,1.125],"rotation":0,"texture":"#0","tintindex":0},"west":{"uv":[8.75,1.5,10.375,3.0],"rotation":0,"texture":"#0","tintindex":0},"up":{"uv":[7.125,4.125,8.5,2.875],"rotation":0,"texture":"#0","tintindex":0},"down":{"uv":[5.75,3.375,7.125,1.875],"rotation":0,"texture":"#0","tintindex":0}}},{"from":[6.0571427,5.2016664,7.549673],"to":[9.942858,9.830238,9.721102],"rotation":{"angle":0.0,"axis":"y","origin":[7.457143,7.030238,7.0925303]},"faces":{"east":{"uv":[8.75,0.0,9.5,1.5],"rotation":0,"texture":"#0","tintindex":0},"south":{"uv":[7.125,0.0,8.5,1.5],"rotation":0,"texture":"#0","tintindex":0},"north":{"uv":[5.75,0.0,7.125,1.5],"rotation":0,"texture":"#0","tintindex":0},"west":{"uv":[8.75,1.5,9.75,3.0],"rotation":0,"texture":"#0","tintindex":0},"up":{"uv":[7.125,4.25,8.5,3.5],"rotation":0,"texture":"#0","tintindex":0},"down":{"uv":[5.75,1.625,7.125,4.25],"rotation":0,"texture":"#0","tintindex":0}}}],"display":{"head":{"translation":[0.0,-6.4,0.0],"scale":[4.0,4.0,4.0]}}}