{"textures":{"0":"modelengine:entity/nocsy_cat6"},"elements":[{"from":[7.8,7.6285715,8.085714],"to":[8.771429,8.6,10.771429],"rotation":{"angle":0.0,"axis":"y","origin":[8.0,8.0,9.428572]},"faces":{"east":{"uv":[9.0,8.0,10.25,8.5],"rotation":0,"texture":"#0","tintindex":0},"south":{"uv":[9.25,11.5,9.75,12.0],"rotation":0,"texture":"#0","tintindex":0},"north":{"uv":[8.5,11.5,9.0,12.0],"rotation":0,"texture":"#0","tintindex":0},"west":{"uv":[9.5,6.25,10.75,6.75],"rotation":0,"texture":"#0","tintindex":0},"up":{"uv":[4.0,6.75,3.5,5.5],"rotation":0,"texture":"#0","tintindex":0},"down":{"uv":[8.0,9.5,7.5,10.75],"rotation":0,"texture":"#0","tintindex":0}}}],"display":{"head":{"translation":[0.0,-6.4,0.0],"scale":[4.0,4.0,4.0]}}}