{"textures":{"0":"modelengine:entity/nocsy_drakonin_baby4"},"elements":[{"from":[6.888376,7.0705366,7.46578],"to":[8.031234,8.213394,9.751494],"rotation":{"angle":22.5,"axis":"z","origin":[7.682576,7.514231,9.191969]},"faces":{"east":{"uv":[9.625,1.5,10.125,1.75],"rotation":0,"texture":"#0","tintindex":0},"south":{"uv":[10.5,6.125,10.75,6.375],"rotation":0,"texture":"#0","tintindex":0},"north":{"uv":[10.5,5.75,10.75,6.0],"rotation":0,"texture":"#0","tintindex":0},"west":{"uv":[1.875,9.625,2.375,9.875],"rotation":0,"texture":"#0","tintindex":0},"up":{"uv":[2.75,10.125,2.5,9.625],"rotation":0,"texture":"#0","tintindex":0},"down":{"uv":[9.875,7.125,9.625,7.625],"rotation":0,"texture":"#0","tintindex":0}}},{"from":[6.4852304,7.4414997,8.328783],"to":[7.6280875,8.584357,10.614498],"rotation":{"angle":-22.5,"axis":"x","origin":[6.2508583,7.142337,9.483543]},"faces":{"east":{"uv":[9.625,3.625,10.125,3.875],"rotation":0,"texture":"#0","tintindex":0},"south":{"uv":[10.5,7.125,10.75,7.375],"rotation":0,"texture":"#0","tintindex":0},"north":{"uv":[6.75,10.5,7.0,10.75],"rotation":0,"texture":"#0","tintindex":0},"west":{"uv":[9.625,4.375,10.125,4.625],"rotation":0,"texture":"#0","tintindex":0},"up":{"uv":[9.875,9.0,9.625,8.5],"rotation":0,"texture":"#0","tintindex":0},"down":{"uv":[9.0,9.625,8.75,10.125],"rotation":0,"texture":"#0","tintindex":0}}},{"from":[6.777718,7.204915,10.518607],"to":[6.777718,8.747772,12.804321],"rotation":{"angle":-45.0,"axis":"x","origin":[6.6165195,7.3279924,10.024725]},"faces":{"east":{"uv":[8.5,0.0,9.0,0.375],"rotation":0,"texture":"#0","tintindex":0},"south":{"uv":[2.25,10.875,2.25,11.25],"rotation":0,"texture":"#0","tintindex":0},"north":{"uv":[1.375,10.875,1.375,11.25],"rotation":0,"texture":"#0","tintindex":0},"west":{"uv":[1.5,8.5,2.0,8.875],"rotation":0,"texture":"#0","tintindex":0},"up":{"uv":[2.375,11.375,2.375,10.875],"rotation":0,"texture":"#0","tintindex":0},"down":{"uv":[10.875,2.375,10.875,2.875],"rotation":0,"texture":"#0","tintindex":0}}},{"from":[6.0117245,7.9609437,10.427458],"to":[7.611725,7.9609437,12.713172],"rotation":{"angle":-45.0,"axis":"x","origin":[6.6165195,7.3279924,10.024725]},"faces":{"east":{"uv":[10.875,3.0,11.375,3.0],"rotation":0,"texture":"#0","tintindex":0},"south":{"uv":[10.875,3.125,11.25,3.125],"rotation":0,"texture":"#0","tintindex":0},"north":{"uv":[10.875,2.0,11.25,2.0],"rotation":0,"texture":"#0","tintindex":0},"west":{"uv":[10.875,3.25,11.375,3.25],"rotation":0,"texture":"#0","tintindex":0},"up":{"uv":[2.5,9.0,2.125,8.5],"rotation":0,"texture":"#0","tintindex":0},"down":{"uv":[3.0,8.5,2.625,9.0],"rotation":0,"texture":"#0","tintindex":0}}}],"display":{"head":{"translation":[0.0,-6.4,0.0],"scale":[4.0,4.0,4.0]}}}