{"textures":{"0":"modelengine:entity/nocsy_drakonin_baby4"},"elements":[{"from":[7.134258,6.3877306,6.5529633],"to":[8.277115,8.673445,8.838677],"rotation":{"angle":-22.5,"axis":"x","origin":[9.288544,7.759159,7.8786774]},"faces":{"east":{"uv":[7.25,6.375,7.75,6.875],"rotation":0,"texture":"#0","tintindex":0},"south":{"uv":[4.125,9.75,4.375,10.25],"rotation":0,"texture":"#0","tintindex":0},"north":{"uv":[9.75,0.375,10.0,0.875],"rotation":0,"texture":"#0","tintindex":0},"west":{"uv":[7.25,7.0,7.75,7.5],"rotation":0,"texture":"#0","tintindex":0},"up":{"uv":[4.75,10.25,4.5,9.75],"rotation":0,"texture":"#0","tintindex":0},"down":{"uv":[6.25,9.75,6.0,10.25],"rotation":0,"texture":"#0","tintindex":0}}}],"display":{"head":{"translation":[0.0,-6.4,0.0],"scale":[4.0,4.0,4.0]}}}