{"textures":{"0":"modelengine:entity/nocsy_drakonin_baby4"},"elements":[{"from":[7.2022147,6.4026194,6.32434],"to":[8.9165,8.116905,8.610054],"rotation":{"angle":0.0,"axis":"y","origin":[7.551929,9.319191,7.938054]},"faces":{"east":{"uv":[5.625,8.5,6.125,8.875],"rotation":0,"texture":"#0","tintindex":0},"south":{"uv":[9.25,8.0,9.625,8.375],"rotation":0,"texture":"#0","tintindex":0},"north":{"uv":[9.25,6.625,9.625,7.0],"rotation":0,"texture":"#0","tintindex":0},"west":{"uv":[8.625,4.75,9.125,5.125],"rotation":0,"texture":"#0","tintindex":0},"up":{"uv":[9.125,1.0,8.75,0.5],"rotation":0,"texture":"#0","tintindex":0},"down":{"uv":[3.5,8.75,3.125,9.25],"rotation":0,"texture":"#0","tintindex":0}}},{"from":[7.2079287,5.9552517,6.2810335],"to":[8.910786,6.5152516,6.8410335],"rotation":{"angle":45.0,"axis":"x","origin":[8.059358,6.80668,7.132462]},"faces":{"east":{"uv":[9.25,8.5,9.375,8.625],"rotation":0,"texture":"#0","tintindex":0},"south":{"uv":[8.125,5.375,8.5,5.5],"rotation":0,"texture":"#0","tintindex":0},"north":{"uv":[4.0,5.75,4.375,5.875],"rotation":0,"texture":"#0","tintindex":0},"west":{"uv":[9.5,6.125,9.625,6.25],"rotation":0,"texture":"#0","tintindex":0},"up":{"uv":[10.875,6.625,10.5,6.5],"rotation":0,"texture":"#0","tintindex":0},"down":{"uv":[10.875,8.125,10.5,8.25],"rotation":0,"texture":"#0","tintindex":0}}}],"display":{"head":{"translation":[0.0,-6.4,0.0],"scale":[4.0,4.0,4.0]}}}