{"textures":{"0":"modelengine:entity/nocsy_drakonin_baby4"},"elements":[{"from":[6.7511144,7.3428574,7.3091574],"to":[8.236829,8.828571,8.794871],"rotation":{"angle":-22.5,"axis":"y","origin":[8.751114,8.2,9.252014]},"faces":{"east":{"uv":[1.0,9.125,1.375,9.5],"rotation":0,"texture":"#0","tintindex":0},"south":{"uv":[2.0,9.125,2.375,9.5],"rotation":0,"texture":"#0","tintindex":0},"north":{"uv":[0.5,9.125,0.875,9.5],"rotation":0,"texture":"#0","tintindex":0},"west":{"uv":[2.5,9.125,2.875,9.5],"rotation":0,"texture":"#0","tintindex":0},"up":{"uv":[9.25,9.5,8.875,9.125],"rotation":0,"texture":"#0","tintindex":0},"down":{"uv":[9.625,0.5,9.25,0.875],"rotation":0,"texture":"#0","tintindex":0}}},{"from":[6.693971,7.2285714,4.280586],"to":[9.551114,7.2285714,7.7091575],"rotation":{"angle":-22.5,"axis":"x","origin":[7.951114,7.9142857,6.0520144]},"faces":{"east":{"uv":[10.625,4.25,11.375,4.25],"rotation":0,"texture":"#0","tintindex":0},"south":{"uv":[10.625,4.375,11.25,4.375],"rotation":0,"texture":"#0","tintindex":0},"north":{"uv":[10.625,4.125,11.25,4.125],"rotation":0,"texture":"#0","tintindex":0},"west":{"uv":[10.625,4.5,11.375,4.5],"rotation":0,"texture":"#0","tintindex":0},"up":{"uv":[6.125,4.25,5.5,3.5],"rotation":0,"texture":"#0","tintindex":0},"down":{"uv":[3.125,5.75,2.5,6.5],"rotation":0,"texture":"#0","tintindex":0}}},{"from":[6.693971,8.771429,4.280586],"to":[9.551114,8.771429,7.7091575],"rotation":{"angle":22.5,"axis":"x","origin":[7.951114,7.9142857,6.0520144]},"faces":{"east":{"uv":[10.625,4.75,11.375,4.75],"rotation":0,"texture":"#0","tintindex":0},"south":{"uv":[10.625,4.875,11.25,4.875],"rotation":0,"texture":"#0","tintindex":0},"north":{"uv":[10.625,4.625,11.25,4.625],"rotation":0,"texture":"#0","tintindex":0},"west":{"uv":[10.625,5.0,11.375,5.0],"rotation":0,"texture":"#0","tintindex":0},"up":{"uv":[3.875,6.5,3.25,5.75],"rotation":0,"texture":"#0","tintindex":0},"down":{"uv":[4.625,6.0,4.0,6.75],"rotation":0,"texture":"#0","tintindex":0}}}],"display":{"head":{"translation":[0.0,-6.4,0.0],"scale":[4.0,4.0,4.0]}}}