{"textures":{"0":"modelengine:entity/nocsy_drakonin_baby4"},"elements":[{"from":[7.1885715,6.299968,7.12048],"to":[8.331429,8.585682,8.263337],"rotation":{"angle":22.5,"axis":"x","origin":[8.165714,8.222254,7.5844803]},"faces":{"east":{"uv":[9.875,4.75,10.125,5.25],"rotation":0,"texture":"#0","tintindex":0},"south":{"uv":[4.875,9.875,5.125,10.375],"rotation":0,"texture":"#0","tintindex":0},"north":{"uv":[3.625,9.875,3.875,10.375],"rotation":0,"texture":"#0","tintindex":0},"west":{"uv":[5.25,9.875,5.5,10.375],"rotation":0,"texture":"#0","tintindex":0},"up":{"uv":[10.875,0.25,10.625,0.0],"rotation":0,"texture":"#0","tintindex":0},"down":{"uv":[10.875,0.375,10.625,0.625],"rotation":0,"texture":"#0","tintindex":0}}}],"display":{"head":{"translation":[0.0,-6.4,0.0],"scale":[4.0,4.0,4.0]}}}