{"textures":{"0":"modelengine:entity/moth"},"elements":[{"from":[5.714286,6.857143,6.857143],"to":[6.857143,10.285714,8.571428],"rotation":{"angle":-45.0,"axis":"z","origin":[5.714286,6.857143,8.0]},"faces":{"east":{"uv":[0.0,0.0,0.75,1.5],"rotation":0,"texture":"#0","tintindex":0},"south":{"uv":[0.0,0.0,0.5,1.5],"rotation":0,"texture":"#0","tintindex":0},"north":{"uv":[0.0,0.0,0.5,1.5],"rotation":0,"texture":"#0","tintindex":0},"west":{"uv":[0.0,0.0,0.75,1.5],"rotation":0,"texture":"#0","tintindex":0},"up":{"uv":[0.0,0.0,0.5,0.75],"rotation":0,"texture":"#0","tintindex":0},"down":{"uv":[0.0,0.0,0.5,0.75],"rotation":0,"texture":"#0","tintindex":0}}},{"from":[5.714286,5.714286,7.142857],"to":[6.285714,7.428571,8.285714],"rotation":{"angle":-22.5,"axis":"z","origin":[4.5714283,6.285714,8.0]},"faces":{"east":{"uv":[8.0,0.0,10.5,2.5],"rotation":0,"texture":"#0","tintindex":0},"south":{"uv":[8.0,0.0,10.5,2.5],"rotation":0,"texture":"#0","tintindex":0},"north":{"uv":[8.0,0.0,10.5,2.5],"rotation":0,"texture":"#0","tintindex":0},"west":{"uv":[8.0,0.0,10.5,2.5],"rotation":0,"texture":"#0","tintindex":0},"up":{"uv":[8.0,0.0,10.5,2.5],"rotation":0,"texture":"#0","tintindex":0},"down":{"uv":[8.0,0.0,10.5,2.5],"rotation":0,"texture":"#0","tintindex":0}}}],"display":{"head":{"translation":[0.0,-6.4,0.0],"scale":[4.0,4.0,4.0]}}}