{"textures":{"0":"modelengine:entity/moth"},"elements":[{"from":[7.142857,8.0,6.285714],"to":[17.428572,8.0,15.714286],"rotation":{"angle":22.5,"axis":"z","origin":[8.0,8.0,6.285714]},"faces":{"east":{"uv":[2.75,0.0,0.0,0.025],"rotation":0,"texture":"#0","tintindex":0},"south":{"uv":[3.0,0.0,0.0,0.025],"rotation":0,"texture":"#0","tintindex":0},"north":{"uv":[3.0,0.0,0.0,0.025],"rotation":0,"texture":"#0","tintindex":0},"west":{"uv":[2.75,0.0,0.0,0.025],"rotation":0,"texture":"#0","tintindex":0},"up":{"uv":[6.0,16.0,16.0,8.0],"rotation":0,"texture":"#0","tintindex":0},"down":{"uv":[6.0,8.0,16.0,16.0],"rotation":0,"texture":"#0","tintindex":0}}},{"from":[6.285714,8.0,7.142857],"to":[16.57143,8.0,16.57143],"rotation":{"angle":22.5,"axis":"y","origin":[7.142857,8.0,7.142857]},"faces":{"east":{"uv":[2.75,0.0,0.0,0.025],"rotation":0,"texture":"#0","tintindex":0},"south":{"uv":[3.0,0.0,0.0,0.025],"rotation":0,"texture":"#0","tintindex":0},"north":{"uv":[3.0,0.0,0.0,0.025],"rotation":0,"texture":"#0","tintindex":0},"west":{"uv":[2.75,0.0,0.0,0.025],"rotation":0,"texture":"#0","tintindex":0},"up":{"uv":[6.0,16.0,16.0,8.0],"rotation":0,"texture":"#0","tintindex":0},"down":{"uv":[6.0,8.0,16.0,16.0],"rotation":0,"texture":"#0","tintindex":0}}}],"display":{"head":{"translation":[0.0,-6.4,0.0],"scale":[4.0,4.0,4.0]}}}