{"textures":{"0":"modelengine:entity/moth"},"elements":[{"from":[-1.4285717,8.0,6.285714],"to":[8.857143,8.0,15.714286],"rotation":{"angle":-22.5,"axis":"z","origin":[8.0,8.0,6.285714]},"faces":{"east":{"uv":[0.0,0.0,2.75,0.025],"rotation":0,"texture":"#0","tintindex":0},"south":{"uv":[0.0,0.0,3.0,0.025],"rotation":0,"texture":"#0","tintindex":0},"north":{"uv":[0.0,0.0,3.0,0.025],"rotation":0,"texture":"#0","tintindex":0},"west":{"uv":[0.0,0.0,2.75,0.025],"rotation":0,"texture":"#0","tintindex":0},"up":{"uv":[16.0,16.0,6.0,8.0],"rotation":0,"texture":"#0","tintindex":0},"down":{"uv":[16.0,8.0,6.0,16.0],"rotation":0,"texture":"#0","tintindex":0}}},{"from":[-0.57142925,8.0,7.142857],"to":[9.714286,8.0,16.57143],"rotation":{"angle":-22.5,"axis":"y","origin":[8.857143,8.0,7.142857]},"faces":{"east":{"uv":[0.0,0.0,2.75,0.025],"rotation":0,"texture":"#0","tintindex":0},"south":{"uv":[0.0,0.0,3.0,0.025],"rotation":0,"texture":"#0","tintindex":0},"north":{"uv":[0.0,0.0,3.0,0.025],"rotation":0,"texture":"#0","tintindex":0},"west":{"uv":[0.0,0.0,2.75,0.025],"rotation":0,"texture":"#0","tintindex":0},"up":{"uv":[16.0,16.0,6.0,8.0],"rotation":0,"texture":"#0","tintindex":0},"down":{"uv":[16.0,8.0,6.0,16.0],"rotation":0,"texture":"#0","tintindex":0}}}],"display":{"head":{"translation":[0.0,-6.4,0.0],"scale":[4.0,4.0,4.0]}}}