{"textures":{"0":"modelengine:entity/moth"},"elements":[{"from":[6.857143,5.714286,7.428571],"to":[9.142858,8.571428,9.714286],"rotation":{"angle":-45.0,"axis":"x","origin":[5.142857,6.285714,6.857143]},"faces":{"east":{"uv":[8.25,2.75,11.75,7.25],"rotation":0,"texture":"#0","tintindex":0},"south":{"uv":[8.25,2.75,11.75,7.25],"rotation":0,"texture":"#0","tintindex":0},"north":{"uv":[8.25,2.75,11.75,7.25],"rotation":0,"texture":"#0","tintindex":0},"west":{"uv":[8.25,2.75,11.75,7.25],"rotation":0,"texture":"#0","tintindex":0},"up":{"uv":[8.25,2.75,11.75,7.25],"rotation":0,"texture":"#0","tintindex":0},"down":{"uv":[8.25,2.75,11.75,7.25],"rotation":0,"texture":"#0","tintindex":0}}},{"from":[7.142857,5.714286,6.857143],"to":[8.857143,8.571428,9.142858],"rotation":{"angle":-45.0,"axis":"x","origin":[4.5714283,6.285714,6.285714]},"faces":{"east":{"uv":[8.25,2.75,11.75,7.25],"rotation":0,"texture":"#0","tintindex":0},"south":{"uv":[8.25,2.75,11.75,7.25],"rotation":0,"texture":"#0","tintindex":0},"north":{"uv":[8.25,2.75,11.75,7.25],"rotation":0,"texture":"#0","tintindex":0},"west":{"uv":[8.25,2.75,11.75,7.25],"rotation":0,"texture":"#0","tintindex":0},"up":{"uv":[8.25,2.75,11.75,7.25],"rotation":0,"texture":"#0","tintindex":0},"down":{"uv":[8.5,2.75,12.0,7.25],"rotation":0,"texture":"#0","tintindex":0}}},{"from":[6.285714,8.0,6.857143],"to":[7.428571,9.142858,8.0],"rotation":{"angle":-45.0,"axis":"x","origin":[6.285714,8.0,6.857143]},"faces":{"east":{"uv":[11.0,1.5,12.0,2.5],"rotation":0,"texture":"#0","tintindex":0},"south":{"uv":[11.0,1.5,12.0,2.5],"rotation":0,"texture":"#0","tintindex":0},"north":{"uv":[11.0,1.5,12.0,2.5],"rotation":0,"texture":"#0","tintindex":0},"west":{"uv":[11.0,0.0,13.5,2.5],"rotation":0,"texture":"#0","tintindex":0},"up":{"uv":[11.0,1.5,12.0,2.5],"rotation":0,"texture":"#0","tintindex":0},"down":{"uv":[11.0,1.5,12.0,2.5],"rotation":0,"texture":"#0","tintindex":0}}},{"from":[8.571428,8.0,6.857143],"to":[9.714286,9.142858,8.0],"rotation":{"angle":-45.0,"axis":"x","origin":[8.571428,8.0,6.857143]},"faces":{"east":{"uv":[13.5,0.0,11.0,2.5],"rotation":0,"texture":"#0","tintindex":0},"south":{"uv":[11.0,1.5,12.0,2.5],"rotation":0,"texture":"#0","tintindex":0},"north":{"uv":[11.0,1.5,12.0,2.5],"rotation":0,"texture":"#0","tintindex":0},"west":{"uv":[11.0,1.5,12.0,2.5],"rotation":0,"texture":"#0","tintindex":0},"up":{"uv":[11.0,1.5,12.0,2.5],"rotation":0,"texture":"#0","tintindex":0},"down":{"uv":[11.0,1.5,12.0,2.5],"rotation":0,"texture":"#0","tintindex":0}}},{"from":[4.0,9.142858,6.857143],"to":[8.0,9.142858,10.285714],"rotation":{"angle":-45.0,"axis":"x","origin":[5.142857,9.142858,6.857143]},"faces":{"east":{"uv":[0.0,0.0,1.5,0.0],"rotation":0,"texture":"#0","tintindex":0},"south":{"uv":[0.0,0.0,1.75,0.0],"rotation":0,"texture":"#0","tintindex":0},"north":{"uv":[0.0,0.0,1.75,0.0],"rotation":0,"texture":"#0","tintindex":0},"west":{"uv":[0.0,0.0,1.5,0.0],"rotation":0,"texture":"#0","tintindex":0},"up":{"uv":[5.5,14.5,0.5,10.0],"rotation":0,"texture":"#0","tintindex":0},"down":{"uv":[5.5,10.0,0.5,14.5],"rotation":0,"texture":"#0","tintindex":0}}},{"from":[8.0,9.142858,6.857143],"to":[12.0,9.142858,10.285714],"rotation":{"angle":-45.0,"axis":"x","origin":[10.857143,9.142858,6.857143]},"faces":{"east":{"uv":[1.5,0.0,0.0,0.0],"rotation":0,"texture":"#0","tintindex":0},"south":{"uv":[1.75,0.0,0.0,0.0],"rotation":0,"texture":"#0","tintindex":0},"north":{"uv":[1.75,0.0,0.0,0.0],"rotation":0,"texture":"#0","tintindex":0},"west":{"uv":[1.5,0.0,0.0,0.0],"rotation":0,"texture":"#0","tintindex":0},"up":{"uv":[0.5,14.5,5.5,10.0],"rotation":0,"texture":"#0","tintindex":0},"down":{"uv":[0.5,10.0,5.5,14.5],"rotation":0,"texture":"#0","tintindex":0}}}],"display":{"head":{"translation":[0.0,-6.4,0.0],"scale":[4.0,4.0,4.0]}}}