{"textures":{"0":"modelengine:entity/moth"},"elements":[{"from":[6.857143,6.857143,5.714286],"to":[9.142858,9.142858,9.714286],"rotation":{"angle":0.0,"axis":"y","origin":[6.285714,6.857143,5.714286]},"faces":{"east":{"uv":[8.25,2.75,11.75,7.25],"rotation":0,"texture":"#0","tintindex":0},"south":{"uv":[8.25,2.75,11.75,7.25],"rotation":0,"texture":"#0","tintindex":0},"north":{"uv":[8.25,2.75,11.75,7.25],"rotation":0,"texture":"#0","tintindex":0},"west":{"uv":[8.25,2.75,11.75,7.25],"rotation":0,"texture":"#0","tintindex":0},"up":{"uv":[8.25,2.75,11.75,7.25],"rotation":0,"texture":"#0","tintindex":0},"down":{"uv":[8.25,2.75,11.75,7.25],"rotation":0,"texture":"#0","tintindex":0}}},{"from":[6.285714,7.428571,9.142858],"to":[9.714286,9.714286,12.571428],"rotation":{"angle":22.5,"axis":"x","origin":[6.285714,8.0,9.142858]},"faces":{"east":{"uv":[8.25,2.75,11.75,7.25],"rotation":0,"texture":"#0","tintindex":0},"south":{"uv":[8.25,2.75,11.75,7.25],"rotation":0,"texture":"#0","tintindex":0},"north":{"uv":[8.25,2.75,11.75,7.25],"rotation":0,"texture":"#0","tintindex":0},"west":{"uv":[8.25,2.75,11.75,7.25],"rotation":0,"texture":"#0","tintindex":0},"up":{"uv":[8.25,2.75,11.75,7.25],"rotation":0,"texture":"#0","tintindex":0},"down":{"uv":[8.25,2.75,11.75,7.25],"rotation":0,"texture":"#0","tintindex":0}}},{"from":[6.5714283,6.285714,12.0],"to":[9.428572,8.0,14.857143],"rotation":{"angle":22.5,"axis":"x","origin":[6.285714,6.857143,12.0]},"faces":{"east":{"uv":[8.25,2.75,11.75,7.25],"rotation":0,"texture":"#0","tintindex":0},"south":{"uv":[8.25,2.75,11.75,7.25],"rotation":0,"texture":"#0","tintindex":0},"north":{"uv":[8.25,2.75,11.75,7.25],"rotation":0,"texture":"#0","tintindex":0},"west":{"uv":[8.25,2.75,11.75,7.25],"rotation":0,"texture":"#0","tintindex":0},"up":{"uv":[8.25,2.75,11.75,7.25],"rotation":0,"texture":"#0","tintindex":0},"down":{"uv":[8.25,2.75,11.75,7.25],"rotation":0,"texture":"#0","tintindex":0}}},{"from":[5.714286,7.428571,4.0],"to":[10.285714,10.857143,6.857143],"rotation":{"angle":22.5,"axis":"x","origin":[5.714286,8.0,4.0]},"faces":{"east":{"uv":[0.0,0.0,8.0,8.0],"rotation":0,"texture":"#0","tintindex":0},"south":{"uv":[0.0,0.0,8.0,8.0],"rotation":0,"texture":"#0","tintindex":0},"north":{"uv":[0.0,0.0,8.0,8.0],"rotation":0,"texture":"#0","tintindex":0},"west":{"uv":[0.0,0.0,8.0,8.0],"rotation":0,"texture":"#0","tintindex":0},"up":{"uv":[0.0,0.0,8.0,8.0],"rotation":0,"texture":"#0","tintindex":0},"down":{"uv":[0.0,0.0,8.0,8.0],"rotation":0,"texture":"#0","tintindex":0}}}],"display":{"head":{"translation":[0.0,-6.4,0.0],"scale":[4.0,4.0,4.0]}}}