{"textures":{"0":"modelengine:entity/nocsy_cat_fallen"},"elements":[{"from":[7.0571427,5.7726254,7.3454614],"to":[8.6,8.45834,8.888319],"rotation":{"angle":0.0,"axis":"y","origin":[7.8285713,6.342857,8.285714]},"faces":{"east":{"uv":[5.5,1.875,5.875,2.5],"rotation":0,"texture":"#0","tintindex":0},"south":{"uv":[2.25,5.5,2.625,6.125],"rotation":0,"texture":"#0","tintindex":0},"north":{"uv":[1.75,5.5,2.125,6.125],"rotation":0,"texture":"#0","tintindex":0},"west":{"uv":[2.75,5.5,3.125,6.125],"rotation":0,"texture":"#0","tintindex":0},"up":{"uv":[4.5,7.375,4.125,7.0],"rotation":0,"texture":"#0","tintindex":0},"down":{"uv":[7.375,4.5,7.0,4.875],"rotation":0,"texture":"#0","tintindex":0}}},{"from":[6.9714284,6.25834,7.259747],"to":[8.685715,8.544054,8.974033],"rotation":{"angle":0.0,"axis":"y","origin":[7.8285713,6.342857,8.285714]},"faces":{"east":{"uv":[6.25,0.0,6.625,0.5],"rotation":0,"texture":"#0","tintindex":0},"south":{"uv":[6.25,0.625,6.625,1.125],"rotation":0,"texture":"#0","tintindex":0},"north":{"uv":[6.125,5.875,6.5,6.375],"rotation":0,"texture":"#0","tintindex":0},"west":{"uv":[1.5,6.25,1.875,6.75],"rotation":0,"texture":"#0","tintindex":0},"up":{"uv":[5.0,7.375,4.625,7.0],"rotation":0,"texture":"#0","tintindex":0},"down":{"uv":[7.375,5.0,7.0,5.375],"rotation":0,"texture":"#0","tintindex":0}}}],"display":{"head":{"translation":[0.0,-6.4,0.0],"scale":[4.0,4.0,4.0]}}}