{"textures":{"0":"modelengine:entity/nocsy_cat_fallen"},"elements":[{"from":[6.5714283,6.2845144,5.475932],"to":[9.428572,9.141658,11.190218],"rotation":{"angle":0.0,"axis":"y","origin":[8.857143,2.6273713,8.904504]},"faces":{"east":{"uv":[1.375,0.0,2.625,0.625],"rotation":0,"texture":"#0","tintindex":0},"south":{"uv":[4.75,1.625,5.375,2.25],"rotation":0,"texture":"#0","tintindex":0},"north":{"uv":[4.5,0.875,5.125,1.5],"rotation":0,"texture":"#0","tintindex":0},"west":{"uv":[1.375,0.75,2.625,1.375],"rotation":0,"texture":"#0","tintindex":0},"up":{"uv":[2.0,2.75,1.375,1.5],"rotation":0,"texture":"#0","tintindex":0},"down":{"uv":[2.75,1.5,2.125,2.75],"rotation":0,"texture":"#0","tintindex":0}}},{"from":[6.5142856,6.2273717,5.41879],"to":[9.485714,9.1988,11.247361],"rotation":{"angle":0.0,"axis":"y","origin":[8.857143,2.6273713,8.904504]},"faces":{"east":{"uv":[0.0,2.25,1.25,2.875],"rotation":0,"texture":"#0","tintindex":0},"south":{"uv":[2.625,4.75,3.25,5.375],"rotation":0,"texture":"#0","tintindex":0},"north":{"uv":[4.75,2.375,5.375,3.0],"rotation":0,"texture":"#0","tintindex":0},"west":{"uv":[2.75,0.0,4.0,0.625],"rotation":0,"texture":"#0","tintindex":0},"up":{"uv":[3.5,2.0,2.875,0.75],"rotation":0,"texture":"#0","tintindex":0},"down":{"uv":[2.0,2.875,1.375,4.125],"rotation":0,"texture":"#0","tintindex":0}}}],"display":{"head":{"translation":[0.0,-6.4,0.0],"scale":[4.0,4.0,4.0]}}}