{"textures":{"0":"modelengine:entity/nocsy_cat_fallen"},"elements":[{"from":[7.3142858,7.0583396,7.3116813],"to":[9.028571,8.772625,9.025967],"rotation":{"angle":0.0,"axis":"y","origin":[8.171429,7.142857,8.0]},"faces":{"east":{"uv":[1.875,6.875,2.25,7.25],"rotation":0,"texture":"#0","tintindex":0},"south":{"uv":[2.375,6.875,2.75,7.25],"rotation":0,"texture":"#0","tintindex":0},"north":{"uv":[1.375,6.875,1.75,7.25],"rotation":0,"texture":"#0","tintindex":0},"west":{"uv":[2.875,6.875,3.25,7.25],"rotation":0,"texture":"#0","tintindex":0},"up":{"uv":[0.375,7.375,0.0,7.0],"rotation":0,"texture":"#0","tintindex":0},"down":{"uv":[0.875,7.0,0.5,7.375],"rotation":0,"texture":"#0","tintindex":0}}},{"from":[7.4,6.572625,7.3973956],"to":[8.942857,8.686912,8.940253],"rotation":{"angle":0.0,"axis":"y","origin":[8.171429,7.142857,8.0]},"faces":{"east":{"uv":[6.0,5.25,6.375,5.75],"rotation":0,"texture":"#0","tintindex":0},"south":{"uv":[5.625,6.0,6.0,6.5],"rotation":0,"texture":"#0","tintindex":0},"north":{"uv":[6.0,4.625,6.375,5.125],"rotation":0,"texture":"#0","tintindex":0},"west":{"uv":[6.125,2.5,6.5,3.0],"rotation":0,"texture":"#0","tintindex":0},"up":{"uv":[7.375,2.375,7.0,2.0],"rotation":0,"texture":"#0","tintindex":0},"down":{"uv":[7.375,3.0,7.0,3.375],"rotation":0,"texture":"#0","tintindex":0}}}],"display":{"head":{"translation":[0.0,-6.4,0.0],"scale":[4.0,4.0,4.0]}}}