{"textures":{"0":"modelengine:entity/nocsy_cat_fallen"},"elements":[{"from":[7.142857,7.0346484,7.2448263],"to":[8.857143,8.1775055,8.959112],"rotation":{"angle":0.0,"axis":"y","origin":[10.571428,5.2060766,10.159112]},"faces":{"east":{"uv":[5.125,7.5,5.5,7.75],"rotation":0,"texture":"#0","tintindex":0},"south":{"uv":[7.5,5.125,7.875,5.375],"rotation":0,"texture":"#0","tintindex":0},"north":{"uv":[7.5,4.75,7.875,5.0],"rotation":0,"texture":"#0","tintindex":0},"west":{"uv":[6.0,7.5,6.375,7.75],"rotation":0,"texture":"#0","tintindex":0},"up":{"uv":[6.875,5.0,6.5,4.625],"rotation":0,"texture":"#0","tintindex":0},"down":{"uv":[5.5,6.5,5.125,6.875],"rotation":0,"texture":"#0","tintindex":0}}}],"display":{"head":{"translation":[0.0,-6.4,0.0],"scale":[4.0,4.0,4.0]}}}