{"textures":{"0":"modelengine:entity/nocsy_cat_fallen"},"elements":[{"from":[7.2285714,7.1505823,7.2428083],"to":[8.771429,8.6934395,10.499951],"rotation":{"angle":0.0,"axis":"y","origin":[8.285714,3.1220107,4.8713794]},"faces":{"east":{"uv":[4.75,3.125,5.5,3.5],"rotation":0,"texture":"#0","tintindex":0},"south":{"uv":[6.5,3.125,6.875,3.5],"rotation":0,"texture":"#0","tintindex":0},"north":{"uv":[6.5,2.0,6.875,2.375],"rotation":0,"texture":"#0","tintindex":0},"west":{"uv":[4.75,3.625,5.5,4.0],"rotation":0,"texture":"#0","tintindex":0},"up":{"uv":[1.25,3.75,0.875,3.0],"rotation":0,"texture":"#0","tintindex":0},"down":{"uv":[3.75,4.75,3.375,5.5],"rotation":0,"texture":"#0","tintindex":0}}},{"from":[7.142857,7.0910053,9.076376],"to":[8.857143,8.805291,9.647804],"rotation":{"angle":0.0,"axis":"y","origin":[7.714286,7.9481483,11.933519]},"faces":{"east":{"uv":[3.625,1.625,3.75,2.0],"rotation":0,"texture":"#0","tintindex":0},"south":{"uv":[4.125,6.5,4.5,6.875],"rotation":0,"texture":"#0","tintindex":0},"north":{"uv":[6.5,3.625,6.875,4.0],"rotation":0,"texture":"#0","tintindex":0},"west":{"uv":[6.625,7.875,6.75,8.25],"rotation":0,"texture":"#0","tintindex":0},"up":{"uv":[7.25,8.0,6.875,7.875],"rotation":0,"texture":"#0","tintindex":0},"down":{"uv":[7.75,7.875,7.375,8.0],"rotation":0,"texture":"#0","tintindex":0}}}],"display":{"head":{"translation":[0.0,-6.4,0.0],"scale":[4.0,4.0,4.0]}}}