{"textures":{"0":"modelengine:entity/nocsy_cat_fallen"},"elements":[{"from":[7.3428574,7.3428574,7.6285715],"to":[8.657143,8.657143,11.228572],"rotation":{"angle":0.0,"axis":"y","origin":[7.714286,8.0,9.428572]},"faces":{"east":{"uv":[5.375,0.5,6.125,0.75],"rotation":0,"texture":"#0","tintindex":0},"south":{"uv":[1.875,7.625,2.125,7.875],"rotation":0,"texture":"#0","tintindex":0},"north":{"uv":[1.75,4.25,2.0,4.5],"rotation":0,"texture":"#0","tintindex":0},"west":{"uv":[3.25,5.625,4.0,5.875],"rotation":0,"texture":"#0","tintindex":0},"up":{"uv":[5.875,4.125,5.625,3.375],"rotation":0,"texture":"#0","tintindex":0},"down":{"uv":[4.375,5.625,4.125,6.375],"rotation":0,"texture":"#0","tintindex":0}}},{"from":[7.142857,7.142857,9.428572],"to":[8.857143,8.857143,10.0],"rotation":{"angle":0.0,"axis":"y","origin":[7.714286,8.0,9.428572]},"faces":{"east":{"uv":[7.875,7.875,8.0,8.25],"rotation":0,"texture":"#0","tintindex":0},"south":{"uv":[4.625,6.5,5.0,6.875],"rotation":0,"texture":"#0","tintindex":0},"north":{"uv":[6.5,4.125,6.875,4.5],"rotation":0,"texture":"#0","tintindex":0},"west":{"uv":[1.375,8.0,1.5,8.375],"rotation":0,"texture":"#0","tintindex":0},"up":{"uv":[2.0,8.125,1.625,8.0],"rotation":0,"texture":"#0","tintindex":0},"down":{"uv":[2.875,8.0,2.5,8.125],"rotation":0,"texture":"#0","tintindex":0}}}],"display":{"head":{"translation":[0.0,-6.4,0.0],"scale":[4.0,4.0,4.0]}}}