{"textures":{"0":"modelengine:entity/nocsy_cat_fallen"},"elements":[{"from":[7.8,7.6285715,8.085714],"to":[8.771429,8.6,10.771429],"rotation":{"angle":0.0,"axis":"y","origin":[8.0,8.0,9.428572]},"faces":{"east":{"uv":[6.375,1.25,7.0,1.5],"rotation":0,"texture":"#0","tintindex":0},"south":{"uv":[7.625,5.875,7.875,6.125],"rotation":0,"texture":"#0","tintindex":0},"north":{"uv":[3.5,7.625,3.75,7.875],"rotation":0,"texture":"#0","tintindex":0},"west":{"uv":[6.5,1.625,7.125,1.875],"rotation":0,"texture":"#0","tintindex":0},"up":{"uv":[4.375,0.625,4.125,0.0],"rotation":0,"texture":"#0","tintindex":0},"down":{"uv":[1.25,6.375,1.0,7.0],"rotation":0,"texture":"#0","tintindex":0}}}],"display":{"head":{"translation":[0.0,-6.4,0.0],"scale":[4.0,4.0,4.0]}}}