{"textures":{"0":"modelengine:entity/toffy_capybara"},"elements":[{"from":[6.285714,6.857143,2.2857141],"to":[9.714286,10.857143,8.571428],"rotation":{"angle":0.0,"axis":"y","origin":[8.0,1.1428566,11.428572]},"faces":{"east":{"uv":[2.75,6.5,5.5,8.25],"rotation":0,"texture":"#0","tintindex":0},"south":{"uv":[4.5,8.5,6.0,10.25],"rotation":0,"texture":"#0","tintindex":0},"north":{"uv":[8.25,0.0,9.75,1.75],"rotation":0,"texture":"#0","tintindex":0},"west":{"uv":[5.75,6.5,8.5,8.25],"rotation":0,"texture":"#0","tintindex":0},"up":{"uv":[9.5,5.25,8.0,2.5],"rotation":0,"texture":"#0","tintindex":0},"down":{"uv":[4.25,8.5,2.75,11.25],"rotation":0,"texture":"#0","tintindex":0}}},{"from":[5.714286,9.714286,7.428571],"to":[6.857143,11.428572,8.0],"rotation":{"angle":22.5,"axis":"z","origin":[6.285714,10.857143,7.714286]},"faces":{"east":{"uv":[7.5,2.5,7.75,3.25],"rotation":0,"texture":"#0","tintindex":0},"south":{"uv":[2.0,9.0,2.5,9.75],"rotation":0,"texture":"#0","tintindex":0},"north":{"uv":[8.0,5.5,8.5,6.25],"rotation":0,"texture":"#0","tintindex":0},"west":{"uv":[5.25,10.5,5.5,11.25],"rotation":0,"texture":"#0","tintindex":0},"up":{"uv":[8.75,2.25,8.25,2.0],"rotation":0,"texture":"#0","tintindex":0},"down":{"uv":[9.5,2.0,9.0,2.25],"rotation":0,"texture":"#0","tintindex":0}}},{"from":[9.142858,9.714286,7.428571],"to":[10.285714,11.428572,8.0],"rotation":{"angle":-22.5,"axis":"z","origin":[9.714286,10.857143,7.714286]},"faces":{"east":{"uv":[5.75,10.5,6.0,11.25],"rotation":0,"texture":"#0","tintindex":0},"south":{"uv":[4.5,10.5,5.0,11.25],"rotation":0,"texture":"#0","tintindex":0},"north":{"uv":[2.0,10.0,2.5,10.75],"rotation":0,"texture":"#0","tintindex":0},"west":{"uv":[10.75,1.5,11.0,2.25],"rotation":0,"texture":"#0","tintindex":0},"up":{"uv":[10.5,1.75,10.0,1.5],"rotation":0,"texture":"#0","tintindex":0},"down":{"uv":[11.25,2.5,10.75,2.75],"rotation":0,"texture":"#0","tintindex":0}}}],"display":{"head":{"translation":[0.0,-6.4,0.0],"scale":[4.0,4.0,4.0]}}}