{"textures":{"0":"modelengine:entity/toffy_capybara"},"elements":[{"from":[7.142857,5.142857,7.142857],"to":[8.857143,8.0,8.857143],"rotation":{"angle":0.0,"axis":"y","origin":[6.0,5.142857,4.8571424]},"faces":{"east":{"uv":[6.5,2.5,7.25,3.75],"rotation":0,"texture":"#0","tintindex":0},"south":{"uv":[6.25,8.5,7.0,9.75],"rotation":0,"texture":"#0","tintindex":0},"north":{"uv":[5.5,2.5,6.25,3.75],"rotation":0,"texture":"#0","tintindex":0},"west":{"uv":[7.25,8.5,8.0,9.75],"rotation":0,"texture":"#0","tintindex":0},"up":{"uv":[8.0,10.75,7.25,10.0],"rotation":0,"texture":"#0","tintindex":0},"down":{"uv":[9.0,10.0,8.25,10.75],"rotation":0,"texture":"#0","tintindex":0}}}],"display":{"head":{"translation":[0.0,-6.4,0.0],"scale":[4.0,4.0,4.0]}}}