{"textures":{"0":"modelengine:entity/toffy_capybara"},"elements":[{"from":[7.142857,5.142857,7.142857],"to":[8.857143,8.0,8.857143],"rotation":{"angle":0.0,"axis":"y","origin":[6.0,5.142857,11.142858]},"faces":{"east":{"uv":[9.25,8.5,10.0,9.75],"rotation":0,"texture":"#0","tintindex":0},"south":{"uv":[9.75,2.0,10.5,3.25],"rotation":0,"texture":"#0","tintindex":0},"north":{"uv":[1.0,9.0,1.75,10.25],"rotation":0,"texture":"#0","tintindex":0},"west":{"uv":[9.75,3.5,10.5,4.75],"rotation":0,"texture":"#0","tintindex":0},"up":{"uv":[11.0,9.75,10.25,9.0],"rotation":0,"texture":"#0","tintindex":0},"down":{"uv":[11.0,10.0,10.25,10.75],"rotation":0,"texture":"#0","tintindex":0}}}],"display":{"head":{"translation":[0.0,-6.4,0.0],"scale":[4.0,4.0,4.0]}}}