{"textures":{"0":"modelengine:entity/toffy_capybara"},"elements":[{"from":[7.142857,5.142857,7.142857],"to":[8.857143,8.0,8.857143],"rotation":{"angle":0.0,"axis":"y","origin":[10.0,5.142857,11.142858]},"faces":{"east":{"uv":[9.75,6.5,10.5,7.75],"rotation":0,"texture":"#0","tintindex":0},"south":{"uv":[10.0,0.0,10.75,1.25],"rotation":0,"texture":"#0","tintindex":0},"north":{"uv":[9.75,5.0,10.5,6.25],"rotation":0,"texture":"#0","tintindex":0},"west":{"uv":[6.25,10.0,7.0,11.25],"rotation":0,"texture":"#0","tintindex":0},"up":{"uv":[0.75,11.25,0.0,10.5],"rotation":0,"texture":"#0","tintindex":0},"down":{"uv":[1.75,10.5,1.0,11.25],"rotation":0,"texture":"#0","tintindex":0}}}],"display":{"head":{"translation":[0.0,-6.4,0.0],"scale":[4.0,4.0,4.0]}}}