{"textures":{"0":"modelengine:entity/toffy_capybara"},"elements":[{"from":[7.142857,5.142857,7.142857],"to":[8.857143,8.0,8.857143],"rotation":{"angle":0.0,"axis":"y","origin":[10.0,5.142857,4.8571424]},"faces":{"east":{"uv":[8.75,5.5,9.5,6.75],"rotation":0,"texture":"#0","tintindex":0},"south":{"uv":[8.75,7.0,9.5,8.25],"rotation":0,"texture":"#0","tintindex":0},"north":{"uv":[8.25,8.5,9.0,9.75],"rotation":0,"texture":"#0","tintindex":0},"west":{"uv":[0.0,9.0,0.75,10.25],"rotation":0,"texture":"#0","tintindex":0},"up":{"uv":[10.0,10.75,9.25,10.0],"rotation":0,"texture":"#0","tintindex":0},"down":{"uv":[11.0,8.0,10.25,8.75],"rotation":0,"texture":"#0","tintindex":0}}}],"display":{"head":{"translation":[0.0,-6.4,0.0],"scale":[4.0,4.0,4.0]}}}