{"textures":{"0":"modelengine:entity/toffy_capybara"},"elements":[{"from":[5.142857,5.714286,4.0],"to":[10.857143,10.857143,12.571428],"rotation":{"angle":0.0,"axis":"y","origin":[8.0,2.8571424,8.0]},"faces":{"east":{"uv":[0.0,4.0,3.75,6.25],"rotation":0,"texture":"#0","tintindex":0},"south":{"uv":[0.0,6.5,2.5,8.75],"rotation":0,"texture":"#0","tintindex":0},"north":{"uv":[5.5,0.0,8.0,2.25],"rotation":0,"texture":"#0","tintindex":0},"west":{"uv":[4.0,4.0,7.75,6.25],"rotation":0,"texture":"#0","tintindex":0},"up":{"uv":[2.5,3.75,0.0,0.0],"rotation":0,"texture":"#0","tintindex":0},"down":{"uv":[5.25,0.0,2.75,3.75],"rotation":0,"texture":"#0","tintindex":0}}}],"display":{"head":{"translation":[0.0,-6.4,0.0],"scale":[4.0,4.0,4.0]}}}