{"textures":{"0":"modelengine:entity/python"},"elements":[{"from":[6.743086,6.7453303,8.031371],"to":[9.256914,9.259159,12.430572],"rotation":{"angle":0.0,"axis":"y","origin":[8.0,7.5309014,14.952256]},"faces":{"east":{"uv":[6.25,0.0,7.5,0.75],"rotation":0,"texture":"#0","tintindex":0},"south":{"uv":[7.5,8.25,8.25,9.0],"rotation":0,"texture":"#0","tintindex":0},"north":{"uv":[0.0,8.25,0.75,9.0],"rotation":0,"texture":"#0","tintindex":0},"west":{"uv":[6.5,6.25,7.75,7.0],"rotation":0,"texture":"#0","tintindex":0},"up":{"uv":[0.75,8.0,0.0,6.75],"rotation":0,"texture":"#0","tintindex":0},"down":{"uv":[7.5,2.0,6.75,3.25],"rotation":0,"texture":"#0","tintindex":0}}}],"display":{"head":{"translation":[0.0,-6.4,0.0],"scale":[4.0,4.0,4.0]}}}