{"textures":{"0":"modelengine:entity/python"},"elements":[{"from":[7.0573144,7.0573144,8.029371],"to":[8.942686,8.942686,12.428572],"rotation":{"angle":0.0,"axis":"y","origin":[8.0,7.528657,-7.045746]},"faces":{"east":{"uv":[3.5,7.0,4.75,7.625],"rotation":0,"texture":"#0","tintindex":0},"south":{"uv":[3.75,9.0,4.375,9.625],"rotation":0,"texture":"#0","tintindex":0},"north":{"uv":[2.75,9.0,3.375,9.625],"rotation":0,"texture":"#0","tintindex":0},"west":{"uv":[7.25,1.0,8.5,1.625],"rotation":0,"texture":"#0","tintindex":0},"up":{"uv":[1.625,8.25,1.0,7.0],"rotation":0,"texture":"#0","tintindex":0},"down":{"uv":[7.125,7.25,6.5,8.5],"rotation":0,"texture":"#0","tintindex":0}}}],"display":{"head":{"translation":[0.0,-6.4,0.0],"scale":[4.0,4.0,4.0]}}}