{"textures":{"0":"modelengine:entity/python"},"elements":[{"from":[6.743086,6.7462277,8.002],"to":[9.256914,9.2600565,12.4012],"rotation":{"angle":0.0,"axis":"y","origin":[8.0,7.5317993,6.124484]},"faces":{"east":{"uv":[0.0,0.0,1.375,0.75],"rotation":0,"texture":"#0","tintindex":0},"south":{"uv":[7.75,0.0,8.5,0.75],"rotation":0,"texture":"#0","tintindex":0},"north":{"uv":[7.5,7.25,8.25,8.0],"rotation":0,"texture":"#0","tintindex":0},"west":{"uv":[0.0,1.0,1.375,1.75],"rotation":0,"texture":"#0","tintindex":0},"up":{"uv":[2.5,1.375,1.75,0.0],"rotation":0,"texture":"#0","tintindex":0},"down":{"uv":[2.5,1.75,1.75,3.125],"rotation":0,"texture":"#0","tintindex":0}}}],"display":{"head":{"translation":[0.0,-6.4,0.0],"scale":[4.0,4.0,4.0]}}}