{"textures":{"0":"modelengine:entity/python"},"elements":[{"from":[6.821643,6.8111687,7.9726286],"to":[9.178357,9.167883,12.371829],"rotation":{"angle":0.0,"axis":"y","origin":[8.0,7.533894,-2.703288]},"faces":{"east":{"uv":[3.75,3.75,5.125,4.5],"rotation":0,"texture":"#0","tintindex":0},"south":{"uv":[8.0,5.75,8.75,6.5],"rotation":0,"texture":"#0","tintindex":0},"north":{"uv":[5.25,8.0,6.0,8.75],"rotation":0,"texture":"#0","tintindex":0},"west":{"uv":[0.0,4.0,1.375,4.75],"rotation":0,"texture":"#0","tintindex":0},"up":{"uv":[3.5,5.875,2.75,4.5],"rotation":0,"texture":"#0","tintindex":0},"down":{"uv":[5.5,2.0,4.75,3.375],"rotation":0,"texture":"#0","tintindex":0}}}],"display":{"head":{"translation":[0.0,-6.4,0.0],"scale":[4.0,4.0,4.0]}}}