{"textures":{"0":"modelengine:entity/python"},"elements":[{"from":[6.743086,6.7448316,8.060743],"to":[9.256914,9.25866,12.459944],"rotation":{"angle":0.0,"axis":"y","origin":[8.0,7.5304027,23.780027]},"faces":{"east":{"uv":[5.5,1.0,6.875,1.75],"rotation":0,"texture":"#0","tintindex":0},"south":{"uv":[8.5,7.75,9.25,8.5],"rotation":0,"texture":"#0","tintindex":0},"north":{"uv":[8.5,6.75,9.25,7.5],"rotation":0,"texture":"#0","tintindex":0},"west":{"uv":[5.5,3.75,6.875,4.5],"rotation":0,"texture":"#0","tintindex":0},"up":{"uv":[6.25,6.125,5.5,4.75],"rotation":0,"texture":"#0","tintindex":0},"down":{"uv":[6.5,2.0,5.75,3.375],"rotation":0,"texture":"#0","tintindex":0}}}],"display":{"head":{"translation":[0.0,-6.4,0.0],"scale":[4.0,4.0,4.0]}}}