{"textures":{"0":"modelengine:entity/python"},"elements":[{"from":[6.743086,6.7450495,7.9746284],"to":[9.256914,9.258879,12.373829],"rotation":{"angle":0.0,"axis":"y","origin":[8.0,7.530621,19.294712]},"faces":{"east":{"uv":[4.5,0.0,5.875,0.75],"rotation":0,"texture":"#0","tintindex":0},"south":{"uv":[8.5,3.0,9.25,3.75],"rotation":0,"texture":"#0","tintindex":0},"north":{"uv":[1.0,8.5,1.75,9.25],"rotation":0,"texture":"#0","tintindex":0},"west":{"uv":[3.75,4.75,5.125,5.5],"rotation":0,"texture":"#0","tintindex":0},"up":{"uv":[0.75,6.375,0.0,5.0],"rotation":0,"texture":"#0","tintindex":0},"down":{"uv":[1.75,5.25,1.0,6.625],"rotation":0,"texture":"#0","tintindex":0}}}],"display":{"head":{"translation":[0.0,-6.4,0.0],"scale":[4.0,4.0,4.0]}}}