{"textures":{"0":"modelengine:entity/python"},"elements":[{"from":[6.743086,6.745704,7.945257],"to":[9.256914,9.259533,12.344458],"rotation":{"angle":0.0,"axis":"y","origin":[8.0,7.5312757,10.466942]},"faces":{"east":{"uv":[0.0,2.0,1.375,2.75],"rotation":0,"texture":"#0","tintindex":0},"south":{"uv":[7.75,4.75,8.5,5.5],"rotation":0,"texture":"#0","tintindex":0},"north":{"uv":[7.75,2.0,8.5,2.75],"rotation":0,"texture":"#0","tintindex":0},"west":{"uv":[2.75,0.0,4.125,0.75],"rotation":0,"texture":"#0","tintindex":0},"up":{"uv":[3.5,2.375,2.75,1.0],"rotation":0,"texture":"#0","tintindex":0},"down":{"uv":[3.5,2.75,2.75,4.125],"rotation":0,"texture":"#0","tintindex":0}}}],"display":{"head":{"translation":[0.0,-6.4,0.0],"scale":[4.0,4.0,4.0]}}}