{"textures":{"0":"modelengine:entity/python"},"elements":[{"from":[6.743086,6.7470136,8.058743],"to":[9.256914,9.260842,12.457943],"rotation":{"angle":0.0,"axis":"y","origin":[8.0,7.532585,1.7820268]},"faces":{"east":{"uv":[0.0,3.0,1.375,3.75],"rotation":0,"texture":"#0","tintindex":0},"south":{"uv":[4.25,8.0,5.0,8.75],"rotation":0,"texture":"#0","tintindex":0},"north":{"uv":[3.25,8.0,4.0,8.75],"rotation":0,"texture":"#0","tintindex":0},"west":{"uv":[3.75,1.0,5.125,1.75],"rotation":0,"texture":"#0","tintindex":0},"up":{"uv":[2.5,4.875,1.75,3.5],"rotation":0,"texture":"#0","tintindex":0},"down":{"uv":[4.5,2.0,3.75,3.375],"rotation":0,"texture":"#0","tintindex":0}}}],"display":{"head":{"translation":[0.0,-6.4,0.0],"scale":[4.0,4.0,4.0]}}}