{"textures":{"0":"modelengine:entity/python"},"elements":[{"from":[7.371543,7.371543,7.9432573],"to":[8.628457,8.628457,12.342457],"rotation":{"angle":0.0,"axis":"y","origin":[8.0,7.528657,-11.531059]},"faces":{"east":{"uv":[8.5,4.0,9.75,4.375],"rotation":0,"texture":"#0","tintindex":0},"south":{"uv":[4.75,9.5,5.125,9.875],"rotation":0,"texture":"#0","tintindex":0},"north":{"uv":[2.0,5.25,2.375,5.625],"rotation":0,"texture":"#0","tintindex":0},"west":{"uv":[8.75,2.0,10.0,2.375],"rotation":0,"texture":"#0","tintindex":0},"up":{"uv":[2.375,10.0,2.0,8.75],"rotation":0,"texture":"#0","tintindex":0},"down":{"uv":[6.625,8.75,6.25,10.0],"rotation":0,"texture":"#0","tintindex":0}}}],"display":{"head":{"translation":[0.0,-6.4,0.0],"scale":[4.0,4.0,4.0]}}}