{"textures":{"0":"modelengine:entity/python"},"elements":[{"from":[6.5859714,6.4858856,4.220544],"to":[9.414028,9.313943,7.991287],"rotation":{"angle":0.0,"axis":"y","origin":[8.0,7.428571,23.710571]},"faces":{"east":{"uv":[3.75,5.75,4.875,6.625],"rotation":0,"texture":"#0","tintindex":0},"south":{"uv":[2.0,7.5,2.875,8.375],"rotation":0,"texture":"#0","tintindex":0},"north":{"uv":[7.25,3.5,8.125,4.375],"rotation":0,"texture":"#0","tintindex":0},"west":{"uv":[2.0,6.25,3.125,7.125],"rotation":0,"texture":"#0","tintindex":0},"up":{"uv":[7.375,5.875,6.5,4.75],"rotation":0,"texture":"#0","tintindex":0},"down":{"uv":[6.125,6.5,5.25,7.625],"rotation":0,"texture":"#0","tintindex":0}}},{"from":[7.0573144,7.428571,1.7067156],"to":[8.942686,8.371257,4.220544],"rotation":{"angle":0.0,"axis":"y","origin":[8.0,7.428571,23.710571]},"faces":{"east":{"uv":[4.75,9.0,5.5,9.25],"rotation":0,"texture":"#0","tintindex":0},"south":{"uv":[1.0,9.5,1.625,9.75],"rotation":0,"texture":"#0","tintindex":0},"north":{"uv":[7.0,9.25,7.625,9.5],"rotation":0,"texture":"#0","tintindex":0},"west":{"uv":[9.0,5.75,9.75,6.0],"rotation":0,"texture":"#0","tintindex":0},"up":{"uv":[9.375,0.75,8.75,0.0],"rotation":0,"texture":"#0","tintindex":0},"down":{"uv":[9.375,1.0,8.75,1.75],"rotation":0,"texture":"#0","tintindex":0}}},{"from":[7.1044483,6.4858856,1.7224269],"to":[7.1044483,7.428571,2.350884],"rotation":{"angle":0.0,"axis":"y","origin":[8.0,7.428571,23.710571]},"faces":{"east":{"uv":[8.25,6.75,8.0,7.0],"rotation":0,"texture":"#0","tintindex":0},"south":{"uv":[3.5,6.25,3.5,6.5],"rotation":0,"texture":"#0","tintindex":0},"north":{"uv":[5.25,5.75,5.25,6.0],"rotation":0,"texture":"#0","tintindex":0},"west":{"uv":[8.0,6.75,8.25,7.0],"rotation":0,"texture":"#0","tintindex":0},"up":{"uv":[5.0,7.25,5.0,7.0],"rotation":0,"texture":"#0","tintindex":0},"down":{"uv":[3.25,7.5,3.25,7.75],"rotation":0,"texture":"#0","tintindex":0}}},{"from":[8.895552,6.4858856,1.7224269],"to":[8.895552,7.428571,2.350884],"rotation":{"angle":0.0,"axis":"y","origin":[8.0,7.428571,23.710571]},"faces":{"east":{"uv":[8.25,6.75,8.0,7.0],"rotation":0,"texture":"#0","tintindex":0},"south":{"uv":[3.5,6.25,3.5,6.5],"rotation":0,"texture":"#0","tintindex":0},"north":{"uv":[5.25,5.75,5.25,6.0],"rotation":0,"texture":"#0","tintindex":0},"west":{"uv":[8.0,6.75,8.25,7.0],"rotation":0,"texture":"#0","tintindex":0},"up":{"uv":[5.0,7.25,5.0,7.0],"rotation":0,"texture":"#0","tintindex":0},"down":{"uv":[3.25,7.5,3.25,7.75],"rotation":0,"texture":"#0","tintindex":0}}}],"display":{"head":{"translation":[0.0,-6.4,0.0],"scale":[4.0,4.0,4.0]}}}