{"textures":{"0":"modelengine:entity/python"},"elements":[{"from":[7.0573144,7.1000857,5.457371],"to":[8.942686,8.042771,7.9712],"rotation":{"angle":0.0,"axis":"y","origin":[8.0,8.042771,27.461227]},"faces":{"east":{"uv":[9.0,6.25,9.75,6.5],"rotation":0,"texture":"#0","tintindex":0},"south":{"uv":[9.5,3.25,10.125,3.5],"rotation":0,"texture":"#0","tintindex":0},"north":{"uv":[9.5,2.75,10.125,3.0],"rotation":0,"texture":"#0","tintindex":0},"west":{"uv":[0.0,9.25,0.75,9.5],"rotation":0,"texture":"#0","tintindex":0},"up":{"uv":[9.375,5.5,8.75,4.75],"rotation":0,"texture":"#0","tintindex":0},"down":{"uv":[9.125,8.75,8.5,9.5],"rotation":0,"texture":"#0","tintindex":0}}}],"display":{"head":{"translation":[0.0,-6.4,0.0],"scale":[4.0,4.0,4.0]}}}