{"textures":{"0":"modelengine:entity/nocsy_drakonin_baby7"},"elements":[{"from":[6.5714283,4.458394,6.2264843],"to":[9.428572,7.315537,10.226484],"rotation":{"angle":0.0,"axis":"y","origin":[7.897143,5.528,8.146432]},"faces":{"east":{"uv":[3.5,7.5,4.375,8.125],"rotation":0,"texture":"#0","tintindex":0},"south":{"uv":[8.5,6.0,9.125,6.625],"rotation":0,"texture":"#0","tintindex":0},"north":{"uv":[8.5,5.25,9.125,5.875],"rotation":0,"texture":"#0","tintindex":0},"west":{"uv":[4.5,7.5,5.375,8.125],"rotation":0,"texture":"#0","tintindex":0},"up":{"uv":[7.125,8.375,6.5,7.5],"rotation":0,"texture":"#0","tintindex":0},"down":{"uv":[7.875,7.5,7.25,8.375],"rotation":0,"texture":"#0","tintindex":0}}},{"from":[6.857143,3.39039,9.32654],"to":[9.142858,6.247533,11.040826],"rotation":{"angle":22.5,"axis":"x","origin":[7.52,4.5400867,12.205719]},"faces":{"east":{"uv":[6.0,9.0,6.375,9.625],"rotation":0,"texture":"#0","tintindex":0},"south":{"uv":[3.25,9.25,3.75,9.875],"rotation":0,"texture":"#0","tintindex":0},"north":{"uv":[5.375,9.0,5.875,9.625],"rotation":0,"texture":"#0","tintindex":0},"west":{"uv":[6.5,9.5,6.875,10.125],"rotation":0,"texture":"#0","tintindex":0},"up":{"uv":[3.75,10.375,3.25,10.0],"rotation":0,"texture":"#0","tintindex":0},"down":{"uv":[10.5,3.875,10.0,4.25],"rotation":0,"texture":"#0","tintindex":0}}},{"from":[6.5657144,5.073733,5.659049],"to":[9.434286,7.9423046,8.52762],"rotation":{"angle":-22.5,"axis":"x","origin":[7.7290287,6.1924095,7.489526]},"faces":{"east":{"uv":[8.625,1.5,9.25,2.125],"rotation":0,"texture":"#0","tintindex":0},"south":{"uv":[8.625,2.5,9.25,3.125],"rotation":0,"texture":"#0","tintindex":0},"north":{"uv":[8.625,0.75,9.25,1.375],"rotation":0,"texture":"#0","tintindex":0},"west":{"uv":[8.625,3.25,9.25,3.875],"rotation":0,"texture":"#0","tintindex":0},"up":{"uv":[9.25,4.625,8.625,4.0],"rotation":0,"texture":"#0","tintindex":0},"down":{"uv":[9.25,7.5,8.625,8.125],"rotation":0,"texture":"#0","tintindex":0}}}],"display":{"head":{"translation":[0.0,-6.4,0.0],"scale":[4.0,4.0,4.0]}}}