{"textures":{"0":"modelengine:entity/nocsy_drakonin_baby7"},"elements":[{"from":[6.5714283,7.640972,6.392003],"to":[9.428572,10.498116,9.249146],"rotation":{"angle":0.0,"axis":"y","origin":[8.302857,8.898342,7.846291]},"faces":{"east":{"uv":[7.25,8.75,7.875,9.375],"rotation":0,"texture":"#0","tintindex":0},"south":{"uv":[8.0,8.75,8.625,9.375],"rotation":0,"texture":"#0","tintindex":0},"north":{"uv":[6.5,8.75,7.125,9.375],"rotation":0,"texture":"#0","tintindex":0},"west":{"uv":[8.75,8.75,9.375,9.375],"rotation":0,"texture":"#0","tintindex":0},"up":{"uv":[2.375,9.625,1.75,9.0],"rotation":0,"texture":"#0","tintindex":0},"down":{"uv":[3.125,9.0,2.5,9.625],"rotation":0,"texture":"#0","tintindex":0}}},{"from":[6.7912273,5.314531,6.392003],"to":[6.7912273,7.0288167,9.249146],"rotation":{"angle":-22.5,"axis":"z","origin":[8.219799,7.8859596,7.8205748]},"faces":{"east":{"uv":[7.0,9.5,7.625,9.875],"rotation":0,"texture":"#0","tintindex":0},"south":{"uv":[4.75,10.875,4.75,11.25],"rotation":0,"texture":"#0","tintindex":0},"north":{"uv":[5.5,7.5,5.5,7.875],"rotation":0,"texture":"#0","tintindex":0},"west":{"uv":[7.75,9.5,8.375,9.875],"rotation":0,"texture":"#0","tintindex":0},"up":{"uv":[7.0,13.0,7.0,12.375],"rotation":0,"texture":"#0","tintindex":0},"down":{"uv":[11.5,12.5,11.5,13.125],"rotation":0,"texture":"#0","tintindex":0}}},{"from":[6.5714283,5.7989645,8.591995],"to":[9.428572,6.941822,8.591995],"rotation":{"angle":-22.5,"axis":"x","origin":[8.0,8.941822,7.1634235]},"faces":{"east":{"uv":[3.125,10.125,3.125,10.375],"rotation":0,"texture":"#0","tintindex":0},"south":{"uv":[10.875,10.25,11.5,10.5],"rotation":0,"texture":"#0","tintindex":0},"north":{"uv":[10.875,9.5,11.5,9.75],"rotation":0,"texture":"#0","tintindex":0},"west":{"uv":[5.75,12.0,5.75,12.25],"rotation":0,"texture":"#0","tintindex":0},"up":{"uv":[10.625,1.875,10.0,1.875],"rotation":0,"texture":"#0","tintindex":0},"down":{"uv":[10.875,9.125,10.25,9.125],"rotation":0,"texture":"#0","tintindex":0}}},{"from":[6.3159943,7.0695434,7.8013787],"to":[6.3159943,11.069544,10.087093],"rotation":{"angle":-22.5,"axis":"y","origin":[7.344566,9.069544,8.258522]},"faces":{"east":{"uv":[8.0,7.5,8.5,8.375],"rotation":0,"texture":"#0","tintindex":0},"south":{"uv":[5.75,12.75,5.75,13.625],"rotation":0,"texture":"#0","tintindex":0},"north":{"uv":[6.5,12.625,6.5,13.5],"rotation":0,"texture":"#0","tintindex":0},"west":{"uv":[3.5,8.25,4.0,9.125],"rotation":0,"texture":"#0","tintindex":0},"up":{"uv":[5.875,13.25,5.875,12.75],"rotation":0,"texture":"#0","tintindex":0},"down":{"uv":[6.0,12.75,6.0,13.25],"rotation":0,"texture":"#0","tintindex":0}}},{"from":[9.208773,5.314531,6.392003],"to":[9.208773,7.0288167,9.249146],"rotation":{"angle":22.5,"axis":"z","origin":[7.7802014,7.8859596,7.8205748]},"faces":{"east":{"uv":[8.5,9.5,9.125,9.875],"rotation":0,"texture":"#0","tintindex":0},"south":{"uv":[6.625,12.75,6.625,13.125],"rotation":0,"texture":"#0","tintindex":0},"north":{"uv":[2.375,12.125,2.375,12.5],"rotation":0,"texture":"#0","tintindex":0},"west":{"uv":[9.5,8.75,10.125,9.125],"rotation":0,"texture":"#0","tintindex":0},"up":{"uv":[6.75,13.375,6.75,12.75],"rotation":0,"texture":"#0","tintindex":0},"down":{"uv":[6.875,12.75,6.875,13.375],"rotation":0,"texture":"#0","tintindex":0}}},{"from":[9.684006,7.0695434,7.8013787],"to":[9.684006,11.069544,10.087093],"rotation":{"angle":22.5,"axis":"y","origin":[8.655434,9.069544,8.258522]},"faces":{"east":{"uv":[4.125,8.25,4.625,9.125],"rotation":0,"texture":"#0","tintindex":0},"south":{"uv":[7.25,12.75,7.25,13.625],"rotation":0,"texture":"#0","tintindex":0},"north":{"uv":[7.125,12.75,7.125,13.625],"rotation":0,"texture":"#0","tintindex":0},"west":{"uv":[4.75,8.25,5.25,9.125],"rotation":0,"texture":"#0","tintindex":0},"up":{"uv":[7.375,13.25,7.375,12.75],"rotation":0,"texture":"#0","tintindex":0},"down":{"uv":[7.5,12.75,7.5,13.25],"rotation":0,"texture":"#0","tintindex":0}}},{"from":[6.5714283,10.72445,7.8587403],"to":[9.428572,10.72445,9.573027],"rotation":{"angle":-22.5,"axis":"x","origin":[8.0,9.72445,8.25874]},"faces":{"east":{"uv":[9.375,8.125,9.75,8.125],"rotation":0,"texture":"#0","tintindex":0},"south":{"uv":[12.75,6.375,13.375,6.375],"rotation":0,"texture":"#0","tintindex":0},"north":{"uv":[11.0,2.75,11.625,2.75],"rotation":0,"texture":"#0","tintindex":0},"west":{"uv":[10.0,9.875,10.375,9.875],"rotation":0,"texture":"#0","tintindex":0},"up":{"uv":[9.875,9.875,9.25,9.5],"rotation":0,"texture":"#0","tintindex":0},"down":{"uv":[0.625,9.75,0.0,10.125],"rotation":0,"texture":"#0","tintindex":0}}},{"from":[6.5714283,10.497543,9.249146],"to":[9.428572,10.497543,10.963432],"rotation":{"angle":0.0,"axis":"y","origin":[8.0,11.011829,9.306289]},"faces":{"east":{"uv":[5.875,10.75,6.25,10.75],"rotation":0,"texture":"#0","tintindex":0},"south":{"uv":[8.375,12.75,9.0,12.75],"rotation":0,"texture":"#0","tintindex":0},"north":{"uv":[7.625,12.75,8.25,12.75],"rotation":0,"texture":"#0","tintindex":0},"west":{"uv":[9.125,12.75,9.5,12.75],"rotation":0,"texture":"#0","tintindex":0},"up":{"uv":[1.375,10.125,0.75,9.75],"rotation":0,"texture":"#0","tintindex":0},"down":{"uv":[2.125,9.75,1.5,10.125],"rotation":0,"texture":"#0","tintindex":0}}},{"from":[6.5294285,8.040972,6.332575],"to":[6.5294285,10.326687,6.904003],"rotation":{"angle":0.0,"axis":"y","origin":[8.0,9.012628,7.846291]},"faces":{"east":{"uv":[2.125,12.5,2.25,13.0],"rotation":0,"texture":"#0","tintindex":0},"south":{"uv":[9.75,12.75,9.75,13.25],"rotation":0,"texture":"#0","tintindex":0},"north":{"uv":[9.625,12.75,9.625,13.25],"rotation":0,"texture":"#0","tintindex":0},"west":{"uv":[3.75,12.5,3.875,13.0],"rotation":0,"texture":"#0","tintindex":0},"up":{"uv":[5.5,8.125,5.5,8.0],"rotation":0,"texture":"#0","tintindex":0},"down":{"uv":[11.0,4.5,11.0,4.625],"rotation":0,"texture":"#0","tintindex":0}}},{"from":[6.7002854,8.269544,6.318289],"to":[7.843143,9.412401,6.318289],"rotation":{"angle":0.0,"axis":"y","origin":[6.0936537,9.012628,7.6702304]},"faces":{"east":{"uv":[9.875,12.75,9.875,13.0],"rotation":0,"texture":"#0","tintindex":0},"south":{"uv":[4.375,12.5,4.625,12.75],"rotation":0,"texture":"#0","tintindex":0},"north":{"uv":[4.0,12.5,4.25,12.75],"rotation":0,"texture":"#0","tintindex":0},"west":{"uv":[10.0,12.75,10.0,13.0],"rotation":0,"texture":"#0","tintindex":0},"up":{"uv":[10.75,10.25,10.5,10.25],"rotation":0,"texture":"#0","tintindex":0},"down":{"uv":[11.875,8.625,11.625,8.625],"rotation":0,"texture":"#0","tintindex":0}}},{"from":[6.528857,8.040972,6.332575],"to":[7.9574285,10.326687,6.332575],"rotation":{"angle":0.0,"axis":"y","origin":[6.4365106,9.012628,7.6702304]},"faces":{"east":{"uv":[10.375,12.75,10.375,13.25],"rotation":0,"texture":"#0","tintindex":0},"south":{"uv":[6.375,10.25,6.75,10.75],"rotation":0,"texture":"#0","tintindex":0},"north":{"uv":[4.375,10.25,4.75,10.75],"rotation":0,"texture":"#0","tintindex":0},"west":{"uv":[10.5,12.75,10.5,13.25],"rotation":0,"texture":"#0","tintindex":0},"up":{"uv":[11.0,12.75,10.625,12.75],"rotation":0,"texture":"#0","tintindex":0},"down":{"uv":[13.125,10.625,12.75,10.625],"rotation":0,"texture":"#0","tintindex":0}}},{"from":[6.528857,9.377295,6.5434957],"to":[7.9574285,11.548723,6.5434957],"rotation":{"angle":22.5,"axis":"x","origin":[6.9574285,10.405866,7.0149245]},"faces":{"east":{"uv":[10.375,12.75,10.375,13.25],"rotation":0,"texture":"#0","tintindex":0},"south":{"uv":[6.0,13.375,5.625,13.875],"rotation":0,"texture":"#0","tintindex":0},"north":{"uv":[5.625,13.375,6.0,13.875],"rotation":0,"texture":"#0","tintindex":0},"west":{"uv":[10.5,12.75,10.5,13.25],"rotation":0,"texture":"#0","tintindex":0},"up":{"uv":[11.0,12.75,10.625,12.75],"rotation":0,"texture":"#0","tintindex":0},"down":{"uv":[13.125,10.625,12.75,10.625],"rotation":0,"texture":"#0","tintindex":0}}},{"from":[6.528857,9.377295,6.5434957],"to":[6.528857,11.548723,8.257782],"rotation":{"angle":22.5,"axis":"x","origin":[6.9574285,10.405866,7.0149245]},"faces":{"east":{"uv":[5.625,13.375,6.0,13.875],"rotation":0,"texture":"#0","tintindex":0},"south":{"uv":[10.375,12.75,10.375,13.25],"rotation":0,"texture":"#0","tintindex":0},"north":{"uv":[10.5,12.75,10.5,13.25],"rotation":0,"texture":"#0","tintindex":0},"west":{"uv":[6.0,13.375,5.625,13.875],"rotation":0,"texture":"#0","tintindex":0},"up":{"uv":[11.0,12.75,10.625,12.75],"rotation":90,"texture":"#0","tintindex":0},"down":{"uv":[13.125,10.625,12.75,10.625],"rotation":270,"texture":"#0","tintindex":0}}},{"from":[7.486,9.377295,6.5434957],"to":[7.486,11.548723,8.257782],"rotation":{"angle":22.5,"axis":"x","origin":[6.9574285,10.405866,7.0149245]},"faces":{"east":{"uv":[5.625,13.375,6.0,13.875],"rotation":0,"texture":"#0","tintindex":0},"south":{"uv":[10.375,12.75,10.375,13.25],"rotation":0,"texture":"#0","tintindex":0},"north":{"uv":[10.5,12.75,10.5,13.25],"rotation":0,"texture":"#0","tintindex":0},"west":{"uv":[6.0,13.375,5.625,13.875],"rotation":0,"texture":"#0","tintindex":0},"up":{"uv":[11.0,12.75,10.625,12.75],"rotation":90,"texture":"#0","tintindex":0},"down":{"uv":[13.125,10.625,12.75,10.625],"rotation":270,"texture":"#0","tintindex":0}}},{"from":[8.514,9.377295,6.5434957],"to":[8.514,11.548723,8.257782],"rotation":{"angle":22.5,"axis":"x","origin":[9.042572,10.405866,7.0149245]},"faces":{"east":{"uv":[5.625,13.375,6.0,13.875],"rotation":0,"texture":"#0","tintindex":0},"south":{"uv":[10.375,12.75,10.375,13.25],"rotation":0,"texture":"#0","tintindex":0},"north":{"uv":[10.5,12.75,10.5,13.25],"rotation":0,"texture":"#0","tintindex":0},"west":{"uv":[6.0,13.375,5.625,13.875],"rotation":0,"texture":"#0","tintindex":0},"up":{"uv":[11.0,12.75,10.625,12.75],"rotation":90,"texture":"#0","tintindex":0},"down":{"uv":[13.125,10.625,12.75,10.625],"rotation":270,"texture":"#0","tintindex":0}}},{"from":[8.042571,9.377295,6.5434957],"to":[9.471143,11.548723,6.5434957],"rotation":{"angle":22.5,"axis":"x","origin":[9.042572,10.405866,7.0149245]},"faces":{"east":{"uv":[10.5,12.75,10.5,13.25],"rotation":0,"texture":"#0","tintindex":0},"south":{"uv":[5.625,13.375,6.0,13.875],"rotation":0,"texture":"#0","tintindex":0},"north":{"uv":[6.0,13.375,5.625,13.875],"rotation":0,"texture":"#0","tintindex":0},"west":{"uv":[10.375,12.75,10.375,13.25],"rotation":0,"texture":"#0","tintindex":0},"up":{"uv":[10.625,12.75,11.0,12.75],"rotation":0,"texture":"#0","tintindex":0},"down":{"uv":[12.75,10.625,13.125,10.625],"rotation":0,"texture":"#0","tintindex":0}}},{"from":[9.471143,9.377295,6.5434957],"to":[9.471143,11.548723,8.257782],"rotation":{"angle":22.5,"axis":"x","origin":[9.042572,10.405866,7.0149245]},"faces":{"east":{"uv":[5.625,13.375,6.0,13.875],"rotation":0,"texture":"#0","tintindex":0},"south":{"uv":[10.375,12.75,10.375,13.25],"rotation":0,"texture":"#0","tintindex":0},"north":{"uv":[10.5,12.75,10.5,13.25],"rotation":0,"texture":"#0","tintindex":0},"west":{"uv":[6.0,13.375,5.625,13.875],"rotation":0,"texture":"#0","tintindex":0},"up":{"uv":[11.0,12.75,10.625,12.75],"rotation":90,"texture":"#0","tintindex":0},"down":{"uv":[13.125,10.625,12.75,10.625],"rotation":270,"texture":"#0","tintindex":0}}},{"from":[6.7574286,9.169543,6.3040032],"to":[6.928857,9.340972,6.3040032],"rotation":{"angle":0.0,"axis":"y","origin":[6.0936537,9.012628,7.6702304]},"faces":{"east":{"uv":[11.625,4.625,11.625,4.75],"rotation":0,"texture":"#0","tintindex":0},"south":{"uv":[2.0,10.25,2.125,10.375],"rotation":0,"texture":"#0","tintindex":0},"north":{"uv":[4.875,9.875,5.0,10.0],"rotation":0,"texture":"#0","tintindex":0},"west":{"uv":[6.25,11.75,6.25,11.875],"rotation":0,"texture":"#0","tintindex":0},"up":{"uv":[3.625,7.375,3.5,7.375],"rotation":0,"texture":"#0","tintindex":0},"down":{"uv":[5.5,8.875,5.375,8.875],"rotation":0,"texture":"#0","tintindex":0}}},{"from":[8.842571,9.169543,6.318289],"to":[9.014,9.340972,6.318289],"rotation":{"angle":0.0,"axis":"y","origin":[9.906346,9.012628,7.6702304]},"faces":{"east":{"uv":[1.875,11.875,1.875,12.0],"rotation":0,"texture":"#0","tintindex":0},"south":{"uv":[11.0,1.75,11.125,1.875],"rotation":0,"texture":"#0","tintindex":0},"north":{"uv":[10.75,2.25,10.875,2.375],"rotation":0,"texture":"#0","tintindex":0},"west":{"uv":[12.125,6.875,12.125,7.0],"rotation":0,"texture":"#0","tintindex":0},"up":{"uv":[10.5,4.375,10.375,4.375],"rotation":0,"texture":"#0","tintindex":0},"down":{"uv":[10.875,1.875,10.75,1.875],"rotation":0,"texture":"#0","tintindex":0}}},{"from":[8.042571,8.040972,6.3468604],"to":[9.471143,10.326687,6.3468604],"rotation":{"angle":0.0,"axis":"y","origin":[9.56349,9.012628,7.6702304]},"faces":{"east":{"uv":[11.625,12.75,11.625,13.25],"rotation":0,"texture":"#0","tintindex":0},"south":{"uv":[7.375,10.375,7.75,10.875],"rotation":0,"texture":"#0","tintindex":0},"north":{"uv":[6.875,10.375,7.25,10.875],"rotation":0,"texture":"#0","tintindex":0},"west":{"uv":[11.75,12.75,11.75,13.25],"rotation":0,"texture":"#0","tintindex":0},"up":{"uv":[13.125,10.75,12.75,10.75],"rotation":0,"texture":"#0","tintindex":0},"down":{"uv":[13.125,10.875,12.75,10.875],"rotation":0,"texture":"#0","tintindex":0}}},{"from":[8.1568575,8.269544,6.3325744],"to":[9.299714,9.412401,6.3325744],"rotation":{"angle":0.0,"axis":"y","origin":[9.906346,9.012628,7.6702304]},"faces":{"east":{"uv":[11.875,12.75,11.875,13.0],"rotation":0,"texture":"#0","tintindex":0},"south":{"uv":[4.75,12.5,5.0,12.75],"rotation":0,"texture":"#0","tintindex":0},"north":{"uv":[12.5,4.5,12.75,4.75],"rotation":0,"texture":"#0","tintindex":0},"west":{"uv":[12.75,12.5,12.75,12.75],"rotation":0,"texture":"#0","tintindex":0},"up":{"uv":[12.125,3.75,11.875,3.75],"rotation":0,"texture":"#0","tintindex":0},"down":{"uv":[12.625,2.375,12.375,2.375],"rotation":0,"texture":"#0","tintindex":0}}},{"from":[9.4705715,8.040972,6.3468604],"to":[9.4705715,10.326687,6.918289],"rotation":{"angle":0.0,"axis":"y","origin":[8.0,9.012628,7.846291]},"faces":{"east":{"uv":[5.125,12.5,5.25,13.0],"rotation":0,"texture":"#0","tintindex":0},"south":{"uv":[0.125,12.875,0.125,13.375],"rotation":0,"texture":"#0","tintindex":0},"north":{"uv":[0.0,12.875,0.0,13.375],"rotation":0,"texture":"#0","tintindex":0},"west":{"uv":[12.5,5.875,12.625,6.375],"rotation":0,"texture":"#0","tintindex":0},"up":{"uv":[12.25,0.5,12.25,0.375],"rotation":0,"texture":"#0","tintindex":0},"down":{"uv":[12.25,3.125,12.25,3.25],"rotation":0,"texture":"#0","tintindex":0}}},{"from":[7.142857,8.215534,5.000726],"to":[8.857143,9.358392,6.715012],"rotation":{"angle":0.0,"axis":"y","origin":[8.0,8.472677,5.4292974]},"faces":{"east":{"uv":[12.25,0.0,12.625,0.25],"rotation":0,"texture":"#0","tintindex":0},"south":{"uv":[12.25,2.75,12.625,3.0],"rotation":0,"texture":"#0","tintindex":0},"north":{"uv":[12.0,12.125,12.375,12.375],"rotation":0,"texture":"#0","tintindex":0},"west":{"uv":[2.875,12.25,3.25,12.5],"rotation":0,"texture":"#0","tintindex":0},"up":{"uv":[9.5,11.375,9.125,11.0],"rotation":0,"texture":"#0","tintindex":0},"down":{"uv":[10.0,11.0,9.625,11.375],"rotation":0,"texture":"#0","tintindex":0}}},{"from":[7.428571,7.872677,5.000726],"to":[8.571428,8.444106,5.000726],"rotation":{"angle":0.0,"axis":"y","origin":[8.0,8.472677,5.4292974]},"faces":{"east":{"uv":[11.125,12.25,11.125,12.375],"rotation":0,"texture":"#0","tintindex":0},"south":{"uv":[12.75,2.75,13.0,2.875],"rotation":0,"texture":"#0","tintindex":0},"north":{"uv":[12.75,2.25,13.0,2.375],"rotation":0,"texture":"#0","tintindex":0},"west":{"uv":[6.125,12.375,6.125,12.5],"rotation":0,"texture":"#0","tintindex":0},"up":{"uv":[13.125,4.625,12.875,4.625],"rotation":0,"texture":"#0","tintindex":0},"down":{"uv":[13.125,4.75,12.875,4.75],"rotation":0,"texture":"#0","tintindex":0}}},{"from":[8.740572,6.386963,4.598441],"to":[8.740572,6.958391,5.7412987],"rotation":{"angle":-45.0,"axis":"x","origin":[12.569143,8.158391,3.8555841]},"faces":{"east":{"uv":[12.75,3.0,13.0,3.125],"rotation":0,"texture":"#0","tintindex":0},"south":{"uv":[12.875,6.5,12.875,6.625],"rotation":0,"texture":"#0","tintindex":0},"north":{"uv":[12.5,4.875,12.5,5.0],"rotation":0,"texture":"#0","tintindex":0},"west":{"uv":[3.125,12.75,3.375,12.875],"rotation":0,"texture":"#0","tintindex":0},"up":{"uv":[7.625,13.125,7.625,12.875],"rotation":0,"texture":"#0","tintindex":0},"down":{"uv":[7.75,12.875,7.75,13.125],"rotation":0,"texture":"#0","tintindex":0}}},{"from":[7.259428,6.386963,4.598441],"to":[7.259428,6.958391,5.7412987],"rotation":{"angle":-45.0,"axis":"x","origin":[3.4308567,8.158391,3.8555841]},"faces":{"east":{"uv":[12.75,3.25,13.0,3.375],"rotation":0,"texture":"#0","tintindex":0},"south":{"uv":[8.0,12.875,8.0,13.0],"rotation":0,"texture":"#0","tintindex":0},"north":{"uv":[7.875,12.875,7.875,13.0],"rotation":0,"texture":"#0","tintindex":0},"west":{"uv":[12.75,3.75,13.0,3.875],"rotation":0,"texture":"#0","tintindex":0},"up":{"uv":[8.125,13.125,8.125,12.875],"rotation":0,"texture":"#0","tintindex":0},"down":{"uv":[8.25,12.875,8.25,13.125],"rotation":0,"texture":"#0","tintindex":0}}},{"from":[7.428571,7.8007627,5.40413],"to":[8.571428,8.94362,7.118416],"rotation":{"angle":0.0,"axis":"y","origin":[7.5942855,8.218133,6.4789896]},"faces":{"east":{"uv":[12.25,3.75,12.625,4.0],"rotation":0,"texture":"#0","tintindex":0},"south":{"uv":[12.625,4.875,12.875,5.125],"rotation":0,"texture":"#0","tintindex":0},"north":{"uv":[2.75,12.625,3.0,12.875],"rotation":0,"texture":"#0","tintindex":0},"west":{"uv":[12.25,4.125,12.625,4.375],"rotation":0,"texture":"#0","tintindex":0},"up":{"uv":[12.5,7.25,12.25,6.875],"rotation":0,"texture":"#0","tintindex":0},"down":{"uv":[7.375,12.25,7.125,12.625],"rotation":0,"texture":"#0","tintindex":0}}}],"display":{"head":{"translation":[0.0,-6.4,0.0],"scale":[4.0,4.0,4.0]}}}