{"textures":{"0":"modelengine:entity/nocsy_drakonin_baby7"},"elements":[{"from":[7.134258,6.3877306,6.5529633],"to":[8.277115,8.673445,8.838677],"rotation":{"angle":-22.5,"axis":"x","origin":[9.288544,7.759159,7.8786774]},"faces":{"east":{"uv":[9.375,2.5,9.875,3.0],"rotation":0,"texture":"#0","tintindex":0},"south":{"uv":[11.625,11.75,11.875,12.25],"rotation":0,"texture":"#0","tintindex":0},"north":{"uv":[11.75,6.5,12.0,7.0],"rotation":0,"texture":"#0","tintindex":0},"west":{"uv":[9.375,3.125,9.875,3.625],"rotation":0,"texture":"#0","tintindex":0},"up":{"uv":[12.125,0.5,11.875,0.0],"rotation":0,"texture":"#0","tintindex":0},"down":{"uv":[1.75,11.875,1.5,12.375],"rotation":0,"texture":"#0","tintindex":0}}}],"display":{"head":{"translation":[0.0,-6.4,0.0],"scale":[4.0,4.0,4.0]}}}