{"textures":{"0":"modelengine:entity/nocsy_drakonin_baby7"},"elements":[{"from":[7.6685715,6.2369223,7.117333],"to":[8.811429,8.522636,8.26019],"rotation":{"angle":22.5,"axis":"x","origin":[7.8342857,8.159208,7.6956186]},"faces":{"east":{"uv":[0.75,11.75,1.0,12.25],"rotation":0,"texture":"#0","tintindex":0},"south":{"uv":[1.125,11.75,1.375,12.25],"rotation":0,"texture":"#0","tintindex":0},"north":{"uv":[0.375,11.75,0.625,12.25],"rotation":0,"texture":"#0","tintindex":0},"west":{"uv":[3.5,11.75,3.75,12.25],"rotation":0,"texture":"#0","tintindex":0},"up":{"uv":[12.875,5.5,12.625,5.25],"rotation":0,"texture":"#0","tintindex":0},"down":{"uv":[5.625,12.625,5.375,12.875],"rotation":0,"texture":"#0","tintindex":0}}}],"display":{"head":{"translation":[0.0,-6.4,0.0],"scale":[4.0,4.0,4.0]}}}