{"textures":{"0":"modelengine:entity/nocsy_drakonin_baby7"},"elements":[{"from":[7.722885,6.616302,6.5529633],"to":[8.865743,8.330587,8.267249],"rotation":{"angle":-22.5,"axis":"x","origin":[6.7114563,7.9877305,7.8786774]},"faces":{"east":{"uv":[0.0,11.25,0.375,11.625],"rotation":0,"texture":"#0","tintindex":0},"south":{"uv":[12.25,9.25,12.5,9.625],"rotation":0,"texture":"#0","tintindex":0},"north":{"uv":[8.25,12.25,8.5,12.625],"rotation":0,"texture":"#0","tintindex":0},"west":{"uv":[0.5,11.25,0.875,11.625],"rotation":0,"texture":"#0","tintindex":0},"up":{"uv":[12.5,10.125,12.25,9.75],"rotation":0,"texture":"#0","tintindex":0},"down":{"uv":[10.625,12.25,10.375,12.625],"rotation":0,"texture":"#0","tintindex":0}}}],"display":{"head":{"translation":[0.0,-6.4,0.0],"scale":[4.0,4.0,4.0]}}}