{"textures":{"0":"modelengine:entity/nocsy_drakonin_baby7"},"elements":[{"from":[7.4101615,7.448248,7.337143],"to":[9.124447,8.591105,8.48],"rotation":{"angle":0.0,"axis":"y","origin":[7.7987328,7.162425,7.268519]},"faces":{"east":{"uv":[3.375,12.375,3.625,12.625],"rotation":0,"texture":"#0","tintindex":0},"south":{"uv":[12.0,8.875,12.375,9.125],"rotation":0,"texture":"#0","tintindex":0},"north":{"uv":[8.875,12.0,9.25,12.25],"rotation":0,"texture":"#0","tintindex":0},"west":{"uv":[5.75,12.375,6.0,12.625],"rotation":0,"texture":"#0","tintindex":0},"up":{"uv":[9.75,12.25,9.375,12.0],"rotation":0,"texture":"#0","tintindex":0},"down":{"uv":[9.75,12.0,9.375,12.25],"rotation":0,"texture":"#0","tintindex":0}}},{"from":[8.553019,7.5625334,7.4514284],"to":[10.610162,8.476819,8.365714],"rotation":{"angle":0.0,"axis":"y","origin":[7.2273045,7.162425,7.268519]},"faces":{"east":{"uv":[6.625,12.375,6.875,12.625],"rotation":0,"texture":"#0","tintindex":0},"south":{"uv":[11.625,7.5,12.125,7.75],"rotation":0,"texture":"#0","tintindex":0},"north":{"uv":[11.625,4.25,12.125,4.5],"rotation":0,"texture":"#0","tintindex":0},"west":{"uv":[8.625,12.375,8.875,12.625],"rotation":0,"texture":"#0","tintindex":0},"up":{"uv":[12.125,8.125,11.625,7.875],"rotation":0,"texture":"#0","tintindex":0},"down":{"uv":[12.125,7.875,11.625,8.125],"rotation":0,"texture":"#0","tintindex":0}}},{"from":[9.991365,7.568248,6.863727],"to":[12.608508,8.471106,7.7665844],"rotation":{"angle":45.0,"axis":"y","origin":[11.014223,8.019676,7.3151555]},"faces":{"east":{"uv":[9.0,12.375,9.25,12.625],"rotation":0,"texture":"#0","tintindex":0},"south":{"uv":[5.875,10.875,6.5,11.125],"rotation":0,"texture":"#0","tintindex":0},"north":{"uv":[3.5,10.875,4.125,11.125],"rotation":0,"texture":"#0","tintindex":0},"west":{"uv":[9.375,12.375,9.625,12.625],"rotation":0,"texture":"#0","tintindex":0},"up":{"uv":[11.5,7.75,10.875,7.5],"rotation":0,"texture":"#0","tintindex":0},"down":{"uv":[11.5,7.5,10.875,7.75],"rotation":0,"texture":"#0","tintindex":0}}},{"from":[8.602544,7.9625335,6.8081794],"to":[12.031116,8.019676,17.665323],"rotation":{"angle":0.0,"axis":"y","origin":[12.688258,8.019676,7.9510365]},"faces":{"east":{"uv":[9.25,5.5,11.625,5.625],"rotation":0,"texture":"#0","tintindex":0},"south":{"uv":[12.0,11.0,12.75,11.125],"rotation":0,"texture":"#0","tintindex":0},"north":{"uv":[10.375,12.0,11.125,12.125],"rotation":0,"texture":"#0","tintindex":0},"west":{"uv":[9.25,5.75,11.625,5.875],"rotation":0,"texture":"#0","tintindex":0},"up":{"uv":[3.375,8.875,2.625,6.5],"rotation":0,"texture":"#0","tintindex":0},"down":{"uv":[7.25,5.0,6.5,7.375],"rotation":0,"texture":"#0","tintindex":0}}},{"from":[8.602544,7.848248,3.3796082],"to":[12.031116,8.076819,17.665323],"rotation":{"angle":0.0,"axis":"y","origin":[12.688258,8.019676,7.9510365]},"faces":{"east":{"uv":[8.5,7.25,11.625,7.375],"rotation":0,"texture":"#0","tintindex":0},"south":{"uv":[12.0,11.5,12.75,11.625],"rotation":0,"texture":"#0","tintindex":0},"north":{"uv":[12.0,11.25,12.75,11.375],"rotation":0,"texture":"#0","tintindex":0},"west":{"uv":[8.625,0.0,11.75,0.125],"rotation":0,"texture":"#0","tintindex":0},"up":{"uv":[0.75,9.625,0.0,6.5],"rotation":0,"texture":"#0","tintindex":0},"down":{"uv":[1.625,6.5,0.875,9.625],"rotation":0,"texture":"#0","tintindex":0}}}],"display":{"head":{"translation":[0.0,-6.4,0.0],"scale":[4.0,4.0,4.0]}}}