{"textures":{"0":"modelengine:entity/nocsy_drakonin_baby7"},"elements":[{"from":[7.1885715,6.299968,7.12048],"to":[8.331429,8.585682,8.263337],"rotation":{"angle":22.5,"axis":"x","origin":[8.165714,8.222254,7.5844803]},"faces":{"east":{"uv":[2.5,12.0,2.75,12.5],"rotation":0,"texture":"#0","tintindex":0},"south":{"uv":[5.375,12.0,5.625,12.5],"rotation":0,"texture":"#0","tintindex":0},"north":{"uv":[12.0,1.875,12.25,2.375],"rotation":0,"texture":"#0","tintindex":0},"west":{"uv":[6.25,12.0,6.5,12.5],"rotation":0,"texture":"#0","tintindex":0},"up":{"uv":[12.875,8.25,12.625,8.0],"rotation":0,"texture":"#0","tintindex":0},"down":{"uv":[12.875,9.25,12.625,9.5],"rotation":0,"texture":"#0","tintindex":0}}}],"display":{"head":{"translation":[0.0,-6.4,0.0],"scale":[4.0,4.0,4.0]}}}