{"textures":{"0":"modelengine:entity/nocsy_drakonin_baby7"},"elements":[{"from":[7.722885,6.3877306,6.5529633],"to":[8.865743,8.673445,8.838677],"rotation":{"angle":-22.5,"axis":"x","origin":[6.7114563,7.759159,7.8786774]},"faces":{"east":{"uv":[9.375,3.75,9.875,4.25],"rotation":0,"texture":"#0","tintindex":0},"south":{"uv":[11.875,9.625,12.125,10.125],"rotation":0,"texture":"#0","tintindex":0},"north":{"uv":[5.0,11.875,5.25,12.375],"rotation":0,"texture":"#0","tintindex":0},"west":{"uv":[9.375,7.5,9.875,8.0],"rotation":0,"texture":"#0","tintindex":0},"up":{"uv":[12.25,1.125,12.0,0.625],"rotation":0,"texture":"#0","tintindex":0},"down":{"uv":[12.25,1.25,12.0,1.75],"rotation":0,"texture":"#0","tintindex":0}}}],"display":{"head":{"translation":[0.0,-6.4,0.0],"scale":[4.0,4.0,4.0]}}}