{"textures":{"0":"modelengine:entity/toffynocsy_owl_ninjastar"},"elements":[{"from":[8.0,6.0,6.0],"to":[8.0,10.0,10.0],"rotation":{"angle":0.0,"axis":"y","origin":[8.0,7.714286,17.428572]},"faces":{"east":{"uv":[0.0,0.0,7.0,7.0],"rotation":0,"texture":"#0","tintindex":0},"south":{"uv":[8.0,8.0,8.0,15.0],"rotation":0,"texture":"#0","tintindex":0},"north":{"uv":[8.0,0.0,8.0,7.0],"rotation":0,"texture":"#0","tintindex":0},"west":{"uv":[0.0,8.0,7.0,15.0],"rotation":0,"texture":"#0","tintindex":0},"up":{"uv":[9.0,7.0,9.0,0.0],"rotation":0,"texture":"#0","tintindex":0},"down":{"uv":[9.0,8.0,9.0,15.0],"rotation":0,"texture":"#0","tintindex":0}}}],"display":{"head":{"translation":[0.0,-6.4,0.0],"scale":[4.0,4.0,4.0]}}}