{"textures":{"0":"modelengine:entity/nocsy_baby_werewolf"},"elements":[{"from":[6.5714283,7.0857143,6.5714283],"to":[9.428572,10.514286,9.428572],"rotation":{"angle":0.0,"axis":"y","origin":[7.142857,12.0,5.771428]},"faces":{"east":{"uv":[0.0,4.75,0.625,5.5],"rotation":0,"texture":"#0","tintindex":0},"south":{"uv":[0.75,4.75,1.375,5.5],"rotation":0,"texture":"#0","tintindex":0},"north":{"uv":[3.0,4.5,3.625,5.25],"rotation":0,"texture":"#0","tintindex":0},"west":{"uv":[1.5,4.75,2.125,5.5],"rotation":0,"texture":"#0","tintindex":0},"up":{"uv":[2.875,5.375,2.25,4.75],"rotation":0,"texture":"#0","tintindex":0},"down":{"uv":[5.5,1.5,4.875,2.125],"rotation":0,"texture":"#0","tintindex":0}}},{"from":[6.0,7.110452,6.462685],"to":[10.0,9.967595,6.462685],"rotation":{"angle":22.5,"axis":"x","origin":[8.0,9.967595,7.8912563]},"faces":{"east":{"uv":[2.625,8.125,2.625,8.75],"rotation":0,"texture":"#0","tintindex":0},"south":{"uv":[3.875,2.0,4.75,2.625],"rotation":0,"texture":"#0","tintindex":0},"north":{"uv":[3.0,3.75,3.875,4.375],"rotation":0,"texture":"#0","tintindex":0},"west":{"uv":[2.75,8.125,2.75,8.75],"rotation":0,"texture":"#0","tintindex":0},"up":{"uv":[8.875,6.0,8.0,6.0],"rotation":0,"texture":"#0","tintindex":0},"down":{"uv":[9.0,2.75,8.125,2.75],"rotation":0,"texture":"#0","tintindex":0}}},{"from":[6.0,7.0232387,9.099435],"to":[10.0,9.880382,9.099435],"rotation":{"angle":-22.5,"axis":"x","origin":[8.0,11.023239,7.670863]},"faces":{"east":{"uv":[2.875,8.125,2.875,8.75],"rotation":0,"texture":"#0","tintindex":0},"south":{"uv":[0.0,4.0,0.875,4.625],"rotation":0,"texture":"#0","tintindex":0},"north":{"uv":[3.875,2.75,4.75,3.375],"rotation":0,"texture":"#0","tintindex":0},"west":{"uv":[3.0,8.125,3.0,8.75],"rotation":0,"texture":"#0","tintindex":0},"up":{"uv":[4.0,8.125,3.125,8.125],"rotation":0,"texture":"#0","tintindex":0},"down":{"uv":[9.0,3.375,8.125,3.375],"rotation":0,"texture":"#0","tintindex":0}}},{"from":[7.142857,10.285714,7.142857],"to":[8.857143,11.428572,8.857143],"rotation":{"angle":0.0,"axis":"y","origin":[7.142857,12.0,5.771428]},"faces":{"east":{"uv":[7.5,5.125,7.875,5.375],"rotation":0,"texture":"#0","tintindex":0},"south":{"uv":[7.5,5.5,7.875,5.75],"rotation":0,"texture":"#0","tintindex":0},"north":{"uv":[7.375,6.875,7.75,7.125],"rotation":0,"texture":"#0","tintindex":0},"west":{"uv":[5.75,7.5,6.125,7.75],"rotation":0,"texture":"#0","tintindex":0},"up":{"uv":[7.125,5.0,6.75,4.625],"rotation":0,"texture":"#0","tintindex":0},"down":{"uv":[0.75,6.875,0.375,7.25],"rotation":0,"texture":"#0","tintindex":0}}}],"display":{"head":{"translation":[0.0,-6.4,0.0],"scale":[4.0,4.0,4.0]}}}