{"textures":{"0":"modelengine:entity/nocsy_baby_werewolf"},"elements":[{"from":[6.0,8.019048,5.295238],"to":[10.0,12.019048,9.2952385],"rotation":{"angle":0.0,"axis":"y","origin":[7.142857,9.161905,6.438095]},"faces":{"east":{"uv":[2.0,1.0,2.875,1.875],"rotation":0,"texture":"#0","tintindex":0},"south":{"uv":[2.0,2.0,2.875,2.875],"rotation":0,"texture":"#0","tintindex":0},"north":{"uv":[2.0,0.0,2.875,0.875],"rotation":0,"texture":"#0","tintindex":0},"west":{"uv":[0.0,3.0,0.875,3.875],"rotation":0,"texture":"#0","tintindex":0},"up":{"uv":[3.875,0.875,3.0,0.0],"rotation":0,"texture":"#0","tintindex":0},"down":{"uv":[1.875,3.0,1.0,3.875],"rotation":0,"texture":"#0","tintindex":0}}},{"from":[5.8285713,10.153119,5.109643],"to":[7.3714285,10.724547,6.0810714],"rotation":{"angle":22.5,"axis":"x","origin":[8.0,10.395976,5.581071]},"faces":{"east":{"uv":[6.375,4.875,6.625,5.0],"rotation":0,"texture":"#0","tintindex":0},"south":{"uv":[7.75,0.75,8.125,0.875],"rotation":0,"texture":"#0","tintindex":0},"north":{"uv":[7.5,5.875,7.875,6.0],"rotation":0,"texture":"#0","tintindex":0},"west":{"uv":[4.0,7.0,4.25,7.125],"rotation":0,"texture":"#0","tintindex":0},"up":{"uv":[6.625,7.75,6.25,7.5],"rotation":0,"texture":"#0","tintindex":0},"down":{"uv":[7.875,7.25,7.5,7.5],"rotation":0,"texture":"#0","tintindex":0}}},{"from":[8.6285715,10.153119,5.109643],"to":[10.171429,10.724547,6.0810714],"rotation":{"angle":22.5,"axis":"x","origin":[8.0,10.395976,5.581071]},"faces":{"east":{"uv":[0.0,7.125,0.25,7.25],"rotation":0,"texture":"#0","tintindex":0},"south":{"uv":[7.75,4.5,8.125,4.625],"rotation":0,"texture":"#0","tintindex":0},"north":{"uv":[7.75,2.875,8.125,3.0],"rotation":0,"texture":"#0","tintindex":0},"west":{"uv":[7.375,3.875,7.625,4.0],"rotation":0,"texture":"#0","tintindex":0},"up":{"uv":[8.0,0.25,7.625,0.0],"rotation":0,"texture":"#0","tintindex":0},"down":{"uv":[8.0,2.125,7.625,2.375],"rotation":0,"texture":"#0","tintindex":0}}},{"from":[5.942857,9.276191,5.2238092],"to":[7.0857143,10.419047,5.795238],"rotation":{"angle":0.0,"axis":"y","origin":[6.285714,10.019048,5.2238092]},"faces":{"east":{"uv":[3.75,4.5,3.875,4.75],"rotation":0,"texture":"#0","tintindex":0},"south":{"uv":[7.75,2.5,8.0,2.75],"rotation":0,"texture":"#0","tintindex":0},"north":{"uv":[2.25,7.75,2.5,8.0],"rotation":0,"texture":"#0","tintindex":0},"west":{"uv":[0.375,6.375,0.5,6.625],"rotation":0,"texture":"#0","tintindex":0},"up":{"uv":[4.75,7.875,4.5,7.75],"rotation":0,"texture":"#0","tintindex":0},"down":{"uv":[1.375,7.875,1.125,8.0],"rotation":0,"texture":"#0","tintindex":0}}},{"from":[6.142857,9.961905,5.1666665],"to":[6.428571,10.24762,5.1666665],"rotation":{"angle":0.0,"axis":"y","origin":[6.285714,10.019048,5.2238092]},"faces":{"east":{"uv":[4.375,8.125,4.375,8.25],"rotation":0,"texture":"#0","tintindex":0},"south":{"uv":[0.0,8.125,0.125,8.25],"rotation":0,"texture":"#0","tintindex":0},"north":{"uv":[7.5,8.0,7.625,8.125],"rotation":0,"texture":"#0","tintindex":0},"west":{"uv":[5.875,8.125,5.875,8.25],"rotation":0,"texture":"#0","tintindex":0},"up":{"uv":[6.125,8.125,6.0,8.125],"rotation":0,"texture":"#0","tintindex":0},"down":{"uv":[6.375,8.125,6.25,8.125],"rotation":0,"texture":"#0","tintindex":0}}},{"from":[6.2285714,9.333333,5.180952],"to":[6.9714284,10.190476,5.180952],"rotation":{"angle":0.0,"axis":"y","origin":[6.285714,10.019048,5.2238092]},"faces":{"east":{"uv":[8.125,6.375,8.125,6.5],"rotation":0,"texture":"#0","tintindex":0},"south":{"uv":[0.25,8.125,0.375,8.25],"rotation":0,"texture":"#0","tintindex":0},"north":{"uv":[8.125,0.0,8.25,0.125],"rotation":0,"texture":"#0","tintindex":0},"west":{"uv":[6.5,8.125,6.5,8.25],"rotation":0,"texture":"#0","tintindex":0},"up":{"uv":[8.25,6.625,8.125,6.625],"rotation":0,"texture":"#0","tintindex":0},"down":{"uv":[8.25,6.75,8.125,6.75],"rotation":0,"texture":"#0","tintindex":0}}},{"from":[9.0,9.961905,5.1666665],"to":[9.285714,10.24762,5.1666665],"rotation":{"angle":0.0,"axis":"y","origin":[9.714286,10.019048,5.2238092]},"faces":{"east":{"uv":[6.625,8.125,6.625,8.25],"rotation":0,"texture":"#0","tintindex":0},"south":{"uv":[0.5,8.125,0.625,8.25],"rotation":0,"texture":"#0","tintindex":0},"north":{"uv":[8.125,0.25,8.25,0.375],"rotation":0,"texture":"#0","tintindex":0},"west":{"uv":[8.125,6.875,8.125,7.0],"rotation":0,"texture":"#0","tintindex":0},"up":{"uv":[8.25,7.625,8.125,7.625],"rotation":0,"texture":"#0","tintindex":0},"down":{"uv":[8.25,7.75,8.125,7.75],"rotation":0,"texture":"#0","tintindex":0}}},{"from":[9.028571,9.333333,5.180952],"to":[9.771429,10.190476,5.180952],"rotation":{"angle":0.0,"axis":"y","origin":[9.714286,10.019048,5.2238092]},"faces":{"east":{"uv":[7.875,8.125,7.875,8.25],"rotation":0,"texture":"#0","tintindex":0},"south":{"uv":[0.75,8.125,0.875,8.25],"rotation":0,"texture":"#0","tintindex":0},"north":{"uv":[8.125,0.5,8.25,0.625],"rotation":0,"texture":"#0","tintindex":0},"west":{"uv":[8.125,7.875,8.125,8.0],"rotation":0,"texture":"#0","tintindex":0},"up":{"uv":[8.125,8.125,8.0,8.125],"rotation":0,"texture":"#0","tintindex":0},"down":{"uv":[8.375,0.75,8.25,0.75],"rotation":0,"texture":"#0","tintindex":0}}},{"from":[8.914286,9.276191,5.2238092],"to":[10.057143,10.419047,5.795238],"rotation":{"angle":0.0,"axis":"y","origin":[9.714286,10.019048,5.2238092]},"faces":{"east":{"uv":[5.875,6.5,6.0,6.75],"rotation":0,"texture":"#0","tintindex":0},"south":{"uv":[3.0,7.75,3.25,8.0],"rotation":0,"texture":"#0","tintindex":0},"north":{"uv":[2.625,7.75,2.875,8.0],"rotation":0,"texture":"#0","tintindex":0},"west":{"uv":[6.75,5.125,6.875,5.375],"rotation":0,"texture":"#0","tintindex":0},"up":{"uv":[6.375,8.0,6.125,7.875],"rotation":0,"texture":"#0","tintindex":0},"down":{"uv":[8.125,6.125,7.875,6.25],"rotation":0,"texture":"#0","tintindex":0}}},{"from":[6.0,12.40686,5.1268897],"to":[10.0,12.40686,9.12689],"rotation":{"angle":-22.5,"axis":"x","origin":[8.0,12.978289,6.8411756]},"faces":{"east":{"uv":[8.25,1.0,9.125,1.0],"rotation":0,"texture":"#0","tintindex":0},"south":{"uv":[8.25,1.125,9.125,1.125],"rotation":0,"texture":"#0","tintindex":0},"north":{"uv":[8.25,0.875,9.125,0.875],"rotation":0,"texture":"#0","tintindex":0},"west":{"uv":[8.25,2.0,9.125,2.0],"rotation":0,"texture":"#0","tintindex":0},"up":{"uv":[3.875,1.875,3.0,1.0],"rotation":0,"texture":"#0","tintindex":0},"down":{"uv":[2.875,3.0,2.0,3.875],"rotation":0,"texture":"#0","tintindex":0}}},{"from":[5.4302883,5.396236,5.295238],"to":[5.4302883,8.253379,9.2952385],"rotation":{"angle":-22.5,"axis":"z","origin":[8.85886,7.4533787,6.438095]},"faces":{"east":{"uv":[4.0,0.0,4.875,0.625],"rotation":0,"texture":"#0","tintindex":0},"south":{"uv":[3.25,8.25,3.25,8.875],"rotation":0,"texture":"#0","tintindex":0},"north":{"uv":[3.125,8.25,3.125,8.875],"rotation":0,"texture":"#0","tintindex":0},"west":{"uv":[4.0,0.75,4.875,1.375],"rotation":0,"texture":"#0","tintindex":0},"up":{"uv":[3.375,9.125,3.375,8.25],"rotation":0,"texture":"#0","tintindex":0},"down":{"uv":[3.5,8.25,3.5,9.125],"rotation":0,"texture":"#0","tintindex":0}}},{"from":[10.569712,5.396236,5.295238],"to":[10.569712,8.253379,9.2952385],"rotation":{"angle":22.5,"axis":"z","origin":[7.14114,7.4533787,6.438095]},"faces":{"east":{"uv":[1.0,4.0,1.875,4.625],"rotation":0,"texture":"#0","tintindex":0},"south":{"uv":[3.75,8.25,3.75,8.875],"rotation":0,"texture":"#0","tintindex":0},"north":{"uv":[3.625,8.25,3.625,8.875],"rotation":0,"texture":"#0","tintindex":0},"west":{"uv":[1.875,4.0,1.0,4.625],"rotation":0,"texture":"#0","tintindex":0},"up":{"uv":[3.875,9.125,3.875,8.25],"rotation":0,"texture":"#0","tintindex":0},"down":{"uv":[4.0,8.25,4.0,9.125],"rotation":0,"texture":"#0","tintindex":0}}},{"from":[5.9974194,5.46162,9.848792],"to":[9.997419,8.318763,9.848792],"rotation":{"angle":-22.5,"axis":"x","origin":[8.854563,7.518763,6.591649]},"faces":{"east":{"uv":[4.125,8.25,4.125,8.875],"rotation":0,"texture":"#0","tintindex":0},"south":{"uv":[4.0,4.25,4.875,4.875],"rotation":0,"texture":"#0","tintindex":0},"north":{"uv":[4.0,3.5,4.875,4.125],"rotation":0,"texture":"#0","tintindex":0},"west":{"uv":[4.25,8.25,4.25,8.875],"rotation":0,"texture":"#0","tintindex":0},"up":{"uv":[9.125,2.125,8.25,2.125],"rotation":0,"texture":"#0","tintindex":0},"down":{"uv":[9.125,2.25,8.25,2.25],"rotation":0,"texture":"#0","tintindex":0}}},{"from":[3.1551466,9.179134,7.580952],"to":[7.155147,15.4648485,7.7238097],"rotation":{"angle":22.5,"axis":"z","origin":[6.0694327,12.550563,7.580952]},"faces":{"east":{"uv":[4.875,5.875,5.0,7.25],"rotation":0,"texture":"#0","tintindex":0},"south":{"uv":[1.0,0.0,1.875,1.375],"rotation":0,"texture":"#0","tintindex":0},"north":{"uv":[0.0,0.0,0.875,1.375],"rotation":0,"texture":"#0","tintindex":0},"west":{"uv":[2.375,6.25,2.5,7.625],"rotation":0,"texture":"#0","tintindex":0},"up":{"uv":[7.75,3.25,6.875,3.125],"rotation":0,"texture":"#0","tintindex":0},"down":{"uv":[8.125,1.0,7.25,1.125],"rotation":0,"texture":"#0","tintindex":0}}},{"from":[8.844853,9.179134,7.580952],"to":[12.844853,15.4648485,7.7238097],"rotation":{"angle":-22.5,"axis":"z","origin":[9.930568,12.550563,7.580952]},"faces":{"east":{"uv":[2.625,6.25,2.75,7.625],"rotation":0,"texture":"#0","tintindex":0},"south":{"uv":[1.0,1.5,1.875,2.875],"rotation":0,"texture":"#0","tintindex":0},"north":{"uv":[0.0,1.5,0.875,2.875],"rotation":0,"texture":"#0","tintindex":0},"west":{"uv":[3.75,6.25,3.875,7.625],"rotation":0,"texture":"#0","tintindex":0},"up":{"uv":[8.25,1.375,7.375,1.25],"rotation":0,"texture":"#0","tintindex":0},"down":{"uv":[8.25,1.5,7.375,1.625],"rotation":0,"texture":"#0","tintindex":0}}},{"from":[6.857143,8.419047,3.9809523],"to":[9.142858,10.133333,5.695238],"rotation":{"angle":0.0,"axis":"y","origin":[6.857143,8.87619,6.838095]},"faces":{"east":{"uv":[2.875,7.25,3.25,7.625],"rotation":0,"texture":"#0","tintindex":0},"south":{"uv":[6.25,1.25,6.75,1.625],"rotation":0,"texture":"#0","tintindex":0},"north":{"uv":[1.125,6.25,1.625,6.625],"rotation":0,"texture":"#0","tintindex":0},"west":{"uv":[4.0,7.25,4.375,7.625],"rotation":0,"texture":"#0","tintindex":0},"up":{"uv":[2.25,6.625,1.75,6.25],"rotation":0,"texture":"#0","tintindex":0},"down":{"uv":[6.75,1.75,6.25,2.125],"rotation":0,"texture":"#0","tintindex":0}}},{"from":[7.0857143,7.7904763,4.4952383],"to":[7.0857143,8.361905,5.0666666],"rotation":{"angle":-45.0,"axis":"x","origin":[6.857143,8.133333,4.2666664]},"faces":{"east":{"uv":[1.0,8.125,1.125,8.25],"rotation":0,"texture":"#0","tintindex":0},"south":{"uv":[8.25,2.875,8.25,3.0],"rotation":0,"texture":"#0","tintindex":0},"north":{"uv":[8.25,2.375,8.25,2.5],"rotation":0,"texture":"#0","tintindex":0},"west":{"uv":[1.25,8.125,1.375,8.25],"rotation":0,"texture":"#0","tintindex":0},"up":{"uv":[4.5,8.375,4.5,8.25],"rotation":0,"texture":"#0","tintindex":0},"down":{"uv":[8.25,4.5,8.25,4.625],"rotation":0,"texture":"#0","tintindex":0}}},{"from":[8.914286,7.7904763,4.4952383],"to":[8.914286,8.361905,5.0666666],"rotation":{"angle":-45.0,"axis":"x","origin":[9.142858,8.133333,4.2666664]},"faces":{"east":{"uv":[1.5,8.125,1.625,8.25],"rotation":0,"texture":"#0","tintindex":0},"south":{"uv":[4.75,8.25,4.75,8.375],"rotation":0,"texture":"#0","tintindex":0},"north":{"uv":[4.625,8.25,4.625,8.375],"rotation":0,"texture":"#0","tintindex":0},"west":{"uv":[1.75,8.125,1.875,8.25],"rotation":0,"texture":"#0","tintindex":0},"up":{"uv":[8.25,4.875,8.25,4.75],"rotation":0,"texture":"#0","tintindex":0},"down":{"uv":[4.875,8.25,4.875,8.375],"rotation":0,"texture":"#0","tintindex":0}}},{"from":[7.428571,9.104762,3.8095236],"to":[8.571428,10.24762,4.9523807],"rotation":{"angle":0.0,"axis":"y","origin":[8.0,9.67619,4.380952]},"faces":{"east":{"uv":[7.75,3.375,8.0,3.625],"rotation":0,"texture":"#0","tintindex":0},"south":{"uv":[3.75,7.75,4.0,8.0],"rotation":0,"texture":"#0","tintindex":0},"north":{"uv":[3.375,7.75,3.625,8.0],"rotation":0,"texture":"#0","tintindex":0},"west":{"uv":[7.75,3.75,8.0,4.0],"rotation":0,"texture":"#0","tintindex":0},"up":{"uv":[4.375,8.0,4.125,7.75],"rotation":0,"texture":"#0","tintindex":0},"down":{"uv":[8.0,4.125,7.75,4.375],"rotation":0,"texture":"#0","tintindex":0}}}],"display":{"head":{"translation":[0.0,-6.4,0.0],"scale":[4.0,4.0,4.0]}}}