{"textures":{"0":"modelengine:entity/nocsy_baby_werewolf"},"elements":[{"from":[6.857143,2.6285715,8.228572],"to":[10.285714,3.771428,11.657143],"rotation":{"angle":0.0,"axis":"y","origin":[8.0,8.0,8.0]},"faces":{"east":{"uv":[2.875,6.0,3.625,6.25],"rotation":0,"texture":"#0","tintindex":0},"south":{"uv":[6.125,5.5,6.875,5.75],"rotation":0,"texture":"#0","tintindex":0},"north":{"uv":[5.875,5.125,6.625,5.375],"rotation":0,"texture":"#0","tintindex":0},"west":{"uv":[6.125,5.875,6.875,6.125],"rotation":0,"texture":"#0","tintindex":0},"up":{"uv":[3.75,2.75,3.0,2.0],"rotation":0,"texture":"#0","tintindex":0},"down":{"uv":[3.75,2.875,3.0,3.625],"rotation":0,"texture":"#0","tintindex":0}}}],"display":{"head":{"translation":[0.0,-6.4,0.0],"scale":[4.0,4.0,4.0]}}}