{"textures":{"0":"modelengine:entity/nocsy_baby_werewolf"},"elements":[{"from":[7.428571,6.857143,7.428571],"to":[8.571428,8.571428,8.571428],"rotation":{"angle":0.0,"axis":"y","origin":[8.546943,15.010302,6.0571427]},"faces":{"east":{"uv":[2.0,6.75,2.25,7.125],"rotation":0,"texture":"#0","tintindex":0},"south":{"uv":[3.375,6.75,3.625,7.125],"rotation":0,"texture":"#0","tintindex":0},"north":{"uv":[1.875,5.625,2.125,6.0],"rotation":0,"texture":"#0","tintindex":0},"west":{"uv":[2.0,7.25,2.25,7.625],"rotation":0,"texture":"#0","tintindex":0},"up":{"uv":[1.375,7.75,1.125,7.5],"rotation":0,"texture":"#0","tintindex":0},"down":{"uv":[5.125,7.625,4.875,7.875],"rotation":0,"texture":"#0","tintindex":0}}}],"display":{"head":{"translation":[0.0,-6.4,0.0],"scale":[4.0,4.0,4.0]}}}