{"textures":{"0":"modelengine:entity/nocsy_baby_werewolf"},"elements":[{"from":[6.857143,6.428571,6.285714],"to":[9.142858,8.714286,9.142858],"rotation":{"angle":0.0,"axis":"y","origin":[8.457143,13.514286,6.0571427]},"faces":{"east":{"uv":[5.0,0.875,5.625,1.375],"rotation":0,"texture":"#0","tintindex":0},"south":{"uv":[5.625,1.5,6.125,2.0],"rotation":0,"texture":"#0","tintindex":0},"north":{"uv":[1.25,5.625,1.75,6.125],"rotation":0,"texture":"#0","tintindex":0},"west":{"uv":[3.75,5.0,4.375,5.5],"rotation":0,"texture":"#0","tintindex":0},"up":{"uv":[5.5,5.0,5.0,4.375],"rotation":0,"texture":"#0","tintindex":0},"down":{"uv":[5.0,5.125,4.5,5.75],"rotation":0,"texture":"#0","tintindex":0}}}],"display":{"head":{"translation":[0.0,-6.4,0.0],"scale":[4.0,4.0,4.0]}}}