{"textures":{"0":"modelengine:entity/nocsy_baby_werewolf"},"elements":[{"from":[7.6394534,5.2608404,7.428571],"to":[8.7823105,8.117983,8.571428],"rotation":{"angle":0.0,"axis":"y","origin":[9.353739,9.603698,6.0571427]},"faces":{"east":{"uv":[4.0,6.25,4.25,6.875],"rotation":0,"texture":"#0","tintindex":0},"south":{"uv":[6.125,6.25,6.375,6.875],"rotation":0,"texture":"#0","tintindex":0},"north":{"uv":[6.25,3.375,6.5,4.0],"rotation":0,"texture":"#0","tintindex":0},"west":{"uv":[0.0,6.375,0.25,7.0],"rotation":0,"texture":"#0","tintindex":0},"up":{"uv":[7.375,7.875,7.125,7.625],"rotation":0,"texture":"#0","tintindex":0},"down":{"uv":[7.75,7.625,7.5,7.875],"rotation":0,"texture":"#0","tintindex":0}}}],"display":{"head":{"translation":[0.0,-6.4,0.0],"scale":[4.0,4.0,4.0]}}}