{"textures":{"0":"modelengine:entity/nocsy_baby_werewolf"},"elements":[{"from":[7.142857,7.6448264,6.6796374],"to":[8.857143,8.216255,8.393923],"rotation":{"angle":0.0,"axis":"y","origin":[6.5714283,8.742857,8.914286]},"faces":{"east":{"uv":[7.875,1.75,8.25,1.875],"rotation":0,"texture":"#0","tintindex":0},"south":{"uv":[7.875,3.125,8.25,3.25],"rotation":0,"texture":"#0","tintindex":0},"north":{"uv":[7.75,4.75,8.125,4.875],"rotation":0,"texture":"#0","tintindex":0},"west":{"uv":[5.625,7.875,6.0,8.0],"rotation":0,"texture":"#0","tintindex":0},"up":{"uv":[7.625,4.5,7.25,4.125],"rotation":0,"texture":"#0","tintindex":0},"down":{"uv":[7.625,4.625,7.25,5.0],"rotation":0,"texture":"#0","tintindex":0}}}],"display":{"head":{"translation":[0.0,-6.4,0.0],"scale":[4.0,4.0,4.0]}}}