{"textures":{"0":"modelengine:entity/nocsy_baby_werewolf"},"elements":[{"from":[7.2176895,5.2608404,7.428571],"to":[8.360547,8.117983,8.571428],"rotation":{"angle":0.0,"axis":"y","origin":[6.6462607,9.603698,6.0571427]},"faces":{"east":{"uv":[5.125,6.5,5.375,7.125],"rotation":0,"texture":"#0","tintindex":0},"south":{"uv":[5.5,6.5,5.75,7.125],"rotation":0,"texture":"#0","tintindex":0},"north":{"uv":[4.375,6.5,4.625,7.125],"rotation":0,"texture":"#0","tintindex":0},"west":{"uv":[6.5,6.25,6.75,6.875],"rotation":0,"texture":"#0","tintindex":0},"up":{"uv":[8.0,0.625,7.75,0.375],"rotation":0,"texture":"#0","tintindex":0},"down":{"uv":[1.0,7.75,0.75,8.0],"rotation":0,"texture":"#0","tintindex":0}}}],"display":{"head":{"translation":[0.0,-6.4,0.0],"scale":[4.0,4.0,4.0]}}}