{"textures":{"0":"modelengine:entity/nocsy_baby_werewolf"},"elements":[{"from":[6.857143,6.428571,6.285714],"to":[9.142858,8.714286,9.142858],"rotation":{"angle":0.0,"axis":"y","origin":[7.542857,13.514286,6.0571427]},"faces":{"east":{"uv":[4.375,5.0,3.75,5.5],"rotation":0,"texture":"#0","tintindex":0},"south":{"uv":[6.125,1.5,5.625,2.0],"rotation":0,"texture":"#0","tintindex":0},"north":{"uv":[1.75,5.625,1.25,6.125],"rotation":0,"texture":"#0","tintindex":0},"west":{"uv":[5.625,0.875,5.0,1.375],"rotation":0,"texture":"#0","tintindex":0},"up":{"uv":[5.0,5.0,5.5,4.375],"rotation":0,"texture":"#0","tintindex":0},"down":{"uv":[4.5,5.125,5.0,5.75],"rotation":0,"texture":"#0","tintindex":0}}}],"display":{"head":{"translation":[0.0,-6.4,0.0],"scale":[4.0,4.0,4.0]}}}