{"textures":{"0":"modelengine:entity/nocsy_baby_werewolf"},"elements":[{"from":[7.428571,6.857143,7.428571],"to":[8.571428,8.571428,8.571428],"rotation":{"angle":0.0,"axis":"y","origin":[7.4530573,15.010302,6.0571427]},"faces":{"east":{"uv":[4.5,7.25,4.75,7.625],"rotation":0,"texture":"#0","tintindex":0},"south":{"uv":[7.375,2.625,7.625,3.0],"rotation":0,"texture":"#0","tintindex":0},"north":{"uv":[3.375,7.25,3.625,7.625],"rotation":0,"texture":"#0","tintindex":0},"west":{"uv":[7.375,3.375,7.625,3.75],"rotation":0,"texture":"#0","tintindex":0},"up":{"uv":[5.5,7.875,5.25,7.625],"rotation":0,"texture":"#0","tintindex":0},"down":{"uv":[7.0,7.625,6.75,7.875],"rotation":0,"texture":"#0","tintindex":0}}}],"display":{"head":{"translation":[0.0,-6.4,0.0],"scale":[4.0,4.0,4.0]}}}