{"textures":{"0":"modelengine:entity/nocsy_baby_werewolf"},"elements":[{"from":[7.142857,6.285714,7.428571],"to":[8.857143,8.0,10.285714],"rotation":{"angle":0.0,"axis":"y","origin":[7.142857,12.8,4.342857]},"faces":{"east":{"uv":[4.0,1.5,4.625,1.875],"rotation":0,"texture":"#0","tintindex":0},"south":{"uv":[1.5,6.75,1.875,7.125],"rotation":0,"texture":"#0","tintindex":0},"north":{"uv":[6.75,0.75,7.125,1.125],"rotation":0,"texture":"#0","tintindex":0},"west":{"uv":[5.625,4.125,6.25,4.5],"rotation":0,"texture":"#0","tintindex":0},"up":{"uv":[6.125,1.25,5.75,0.625],"rotation":0,"texture":"#0","tintindex":0},"down":{"uv":[6.125,2.125,5.75,2.75],"rotation":0,"texture":"#0","tintindex":0}}}],"display":{"head":{"translation":[0.0,-6.4,0.0],"scale":[4.0,4.0,4.0]}}}