{"textures":{"0":"modelengine:entity/nocsy_baby_werewolf"},"elements":[{"from":[7.142857,7.129913,7.082366],"to":[8.857143,8.844198,9.939508],"rotation":{"angle":0.0,"axis":"y","origin":[8.0,7.987056,8.510938]},"faces":{"east":{"uv":[5.625,4.625,6.25,5.0],"rotation":0,"texture":"#0","tintindex":0},"south":{"uv":[6.75,4.125,7.125,4.5],"rotation":0,"texture":"#0","tintindex":0},"north":{"uv":[2.875,6.75,3.25,7.125],"rotation":0,"texture":"#0","tintindex":0},"west":{"uv":[5.75,2.875,6.375,3.25],"rotation":0,"texture":"#0","tintindex":0},"up":{"uv":[5.5,6.375,5.125,5.75],"rotation":0,"texture":"#0","tintindex":0},"down":{"uv":[6.0,5.75,5.625,6.375],"rotation":0,"texture":"#0","tintindex":0}}}],"display":{"head":{"translation":[0.0,-6.4,0.0],"scale":[4.0,4.0,4.0]}}}