{"textures":{"0":"modelengine:entity/nocsy_baby_werewolf"},"elements":[{"from":[6.857143,6.78959,7.4179544],"to":[9.142858,9.075304,10.846526],"rotation":{"angle":0.0,"axis":"y","origin":[8.285714,8.218162,8.846526]},"faces":{"east":{"uv":[4.875,2.25,5.625,2.75],"rotation":0,"texture":"#0","tintindex":0},"south":{"uv":[0.625,5.625,1.125,6.125],"rotation":0,"texture":"#0","tintindex":0},"north":{"uv":[5.625,0.0,6.125,0.5],"rotation":0,"texture":"#0","tintindex":0},"west":{"uv":[4.875,2.875,5.625,3.375],"rotation":0,"texture":"#0","tintindex":0},"up":{"uv":[5.5,0.75,5.0,0.0],"rotation":0,"texture":"#0","tintindex":0},"down":{"uv":[5.5,3.5,5.0,4.25],"rotation":0,"texture":"#0","tintindex":0}}}],"display":{"head":{"translation":[0.0,-6.4,0.0],"scale":[4.0,4.0,4.0]}}}