{"textures":{"0":"modelengine:entity/asterix","1":"modelengine:entity/vs_vikingshield6"},"elements":[{"from":[12.308874,14.628572,-3.6083002],"to":[14.594587,15.542857,-2.6940136],"rotation":{"angle":45.0,"axis":"y","origin":[13.252284,14.857143,2.1372313]},"faces":{"east":{"uv":[2.75,8.75,3.25,9.25],"rotation":0,"texture":"#1","tintindex":0},"south":{"uv":[7.0,3.75,8.25,4.25],"rotation":0,"texture":"#1","tintindex":0},"north":{"uv":[7.0,3.25,8.25,3.75],"rotation":0,"texture":"#1","tintindex":0},"west":{"uv":[5.0,10.0,5.5,10.5],"rotation":0,"texture":"#1","tintindex":0},"up":{"uv":[8.75,4.75,7.5,4.25],"rotation":0,"texture":"#1","tintindex":0},"down":{"uv":[8.75,4.75,7.5,5.25],"rotation":0,"texture":"#1","tintindex":0}}},{"from":[18.22456,14.628572,0.8533435],"to":[19.138845,15.542857,3.139058],"rotation":{"angle":0.0,"axis":"y","origin":[13.252284,14.857143,2.1372313]},"faces":{"east":{"uv":[7.5,5.25,8.75,5.75],"rotation":0,"texture":"#1","tintindex":0},"south":{"uv":[4.25,10.5,4.75,11.0],"rotation":0,"texture":"#1","tintindex":0},"north":{"uv":[3.75,10.5,4.25,11.0],"rotation":0,"texture":"#1","tintindex":0},"west":{"uv":[5.5,7.5,6.75,8.0],"rotation":0,"texture":"#1","tintindex":0},"up":{"uv":[4.0,6.75,3.5,5.5],"rotation":0,"texture":"#1","tintindex":0},"down":{"uv":[4.0,6.75,3.5,8.0],"rotation":0,"texture":"#1","tintindex":0}}},{"from":[17.310274,14.857143,-1.2037992],"to":[18.22456,15.314286,5.196201],"rotation":{"angle":0.0,"axis":"y","origin":[13.252284,14.857143,2.1372313]},"faces":{"east":{"uv":[7.0,2.25,10.25,2.5],"rotation":0,"texture":"#1","tintindex":0},"south":{"uv":[9.0,11.0,9.5,11.25],"rotation":0,"texture":"#1","tintindex":0},"north":{"uv":[9.25,7.5,9.75,7.75],"rotation":0,"texture":"#1","tintindex":0},"west":{"uv":[7.0,2.5,10.25,2.75],"rotation":0,"texture":"#1","tintindex":0},"up":{"uv":[13.75,4.25,13.25,0.75],"rotation":0,"texture":"#1","tintindex":0},"down":{"uv":[13.25,0.75,13.75,4.25],"rotation":0,"texture":"#1","tintindex":0}}},{"from":[16.395988,14.857143,-2.118085],"to":[17.310274,15.314286,6.110487],"rotation":{"angle":0.0,"axis":"y","origin":[13.252284,14.857143,2.1372313]},"faces":{"east":{"uv":[6.0,1.25,10.25,1.5],"rotation":0,"texture":"#1","tintindex":0},"south":{"uv":[11.25,3.25,11.75,3.5],"rotation":0,"texture":"#1","tintindex":0},"north":{"uv":[3.0,11.25,3.5,11.5],"rotation":0,"texture":"#1","tintindex":0},"west":{"uv":[6.0,1.5,10.25,1.75],"rotation":0,"texture":"#1","tintindex":0},"up":{"uv":[14.25,5.5,13.75,1.0],"rotation":0,"texture":"#1","tintindex":0},"down":{"uv":[14.25,1.0,13.75,5.5],"rotation":0,"texture":"#1","tintindex":0}}},{"from":[15.024559,14.857143,-2.5752277],"to":[16.395988,15.314286,6.56763],"rotation":{"angle":0.0,"axis":"y","origin":[13.252284,14.857143,2.1372313]},"faces":{"east":{"uv":[6.0,0.25,11.0,0.5],"rotation":0,"texture":"#1","tintindex":0},"south":{"uv":[10.75,10.25,11.5,10.5],"rotation":0,"texture":"#1","tintindex":0},"north":{"uv":[7.75,9.0,8.5,9.25],"rotation":0,"texture":"#1","tintindex":0},"west":{"uv":[6.0,0.5,11.0,0.75],"rotation":0,"texture":"#1","tintindex":0},"up":{"uv":[4.75,5.0,4.0,0.0],"rotation":0,"texture":"#1","tintindex":0},"down":{"uv":[4.75,0.0,4.0,5.0],"rotation":0,"texture":"#1","tintindex":0}}},{"from":[11.595987,14.857143,-3.0323706],"to":[15.024559,15.314286,7.0247726],"rotation":{"angle":0.0,"axis":"y","origin":[13.252284,14.857143,2.1372313]},"faces":{"east":{"uv":[5.5,5.75,11.0,6.0],"rotation":0,"texture":"#1","tintindex":0},"south":{"uv":[10.25,8.25,12.25,8.5],"rotation":0,"texture":"#1","tintindex":0},"north":{"uv":[10.25,8.0,12.25,8.25],"rotation":0,"texture":"#1","tintindex":0},"west":{"uv":[6.0,0.0,11.5,0.25],"rotation":0,"texture":"#1","tintindex":0},"up":{"uv":[2.0,5.5,0.0,0.0],"rotation":0,"texture":"#1","tintindex":0},"down":{"uv":[2.0,0.0,0.0,5.5],"rotation":0,"texture":"#1","tintindex":0}}},{"from":[12.601702,15.314286,1.0819149],"to":[14.430273,15.771429,2.9104867],"rotation":{"angle":0.0,"axis":"y","origin":[13.252284,14.857143,2.1372313]},"faces":{"east":{"uv":[10.5,7.0,11.5,7.25],"rotation":0,"texture":"#1","tintindex":0},"south":{"uv":[10.5,7.25,11.5,7.5],"rotation":0,"texture":"#1","tintindex":0},"north":{"uv":[6.5,10.5,7.5,10.75],"rotation":0,"texture":"#1","tintindex":0},"west":{"uv":[9.5,10.5,10.5,10.75],"rotation":0,"texture":"#1","tintindex":0},"up":{"uv":[7.0,3.25,6.0,2.25],"rotation":0,"texture":"#1","tintindex":0},"down":{"uv":[7.0,3.25,6.0,4.25],"rotation":0,"texture":"#1","tintindex":0}}},{"from":[11.595987,13.485715,1.3104868],"to":[15.024559,13.942858,2.6819153],"rotation":{"angle":0.0,"axis":"y","origin":[13.252284,14.857143,2.1372313]},"faces":{"east":{"uv":[11.0,5.75,11.75,6.0],"rotation":0,"texture":"#1","tintindex":0},"south":{"uv":[10.25,8.75,12.25,9.0],"rotation":0,"texture":"#1","tintindex":0},"north":{"uv":[10.25,8.5,12.25,8.75],"rotation":0,"texture":"#1","tintindex":0},"west":{"uv":[10.5,11.0,11.25,11.25],"rotation":0,"texture":"#1","tintindex":0},"up":{"uv":[7.5,5.0,5.5,4.25],"rotation":0,"texture":"#1","tintindex":0},"down":{"uv":[7.5,5.0,5.5,5.75],"rotation":0,"texture":"#1","tintindex":0}}},{"from":[14.36129,14.631408,1.3109441],"to":[16.417519,15.087636,2.681458],"rotation":{"angle":45.0,"axis":"z","origin":[16.075119,14.859522,1.996201]},"faces":{"east":{"uv":[11.0,10.5,11.75,10.75],"rotation":0,"texture":"#1","tintindex":0},"south":{"uv":[10.25,9.25,11.5,9.5],"rotation":0,"texture":"#1","tintindex":0},"north":{"uv":[10.25,9.0,11.5,9.25],"rotation":0,"texture":"#1","tintindex":0},"west":{"uv":[11.0,10.75,11.75,11.0],"rotation":0,"texture":"#1","tintindex":0},"up":{"uv":[6.75,6.75,5.5,6.0],"rotation":0,"texture":"#1","tintindex":0},"down":{"uv":[6.75,6.75,5.5,7.5],"rotation":0,"texture":"#1","tintindex":0}}},{"from":[10.203029,14.631408,1.3109441],"to":[12.259258,15.087636,2.681458],"rotation":{"angle":-45.0,"axis":"z","origin":[10.545429,14.859522,1.996201]},"faces":{"east":{"uv":[0.0,11.25,0.75,11.5],"rotation":0,"texture":"#1","tintindex":0},"south":{"uv":[10.25,9.5,11.5,9.75],"rotation":0,"texture":"#1","tintindex":0},"north":{"uv":[9.5,10.25,10.75,10.5],"rotation":0,"texture":"#1","tintindex":0},"west":{"uv":[0.75,11.25,1.5,11.5],"rotation":0,"texture":"#1","tintindex":0},"up":{"uv":[8.0,6.75,6.75,6.0],"rotation":0,"texture":"#1","tintindex":0},"down":{"uv":[8.0,6.75,6.75,7.5],"rotation":0,"texture":"#1","tintindex":0}}},{"from":[10.224559,14.857143,-2.5752277],"to":[11.595987,15.314286,6.56763],"rotation":{"angle":0.0,"axis":"y","origin":[13.252284,14.857143,2.1372313]},"faces":{"east":{"uv":[6.0,0.75,11.0,1.0],"rotation":0,"texture":"#1","tintindex":0},"south":{"uv":[2.25,11.25,3.0,11.5],"rotation":0,"texture":"#1","tintindex":0},"north":{"uv":[1.5,11.25,2.25,11.5],"rotation":0,"texture":"#1","tintindex":0},"west":{"uv":[6.0,1.0,11.0,1.25],"rotation":0,"texture":"#1","tintindex":0},"up":{"uv":[4.75,10.0,4.0,5.0],"rotation":0,"texture":"#1","tintindex":0},"down":{"uv":[4.75,5.0,4.0,10.0],"rotation":0,"texture":"#1","tintindex":0}}},{"from":[9.310273,14.857143,-2.0198708],"to":[10.224559,15.314286,5.653344],"rotation":{"angle":0.0,"axis":"y","origin":[13.252284,14.857143,2.1372313]},"faces":{"east":{"uv":[6.0,1.75,10.25,2.0],"rotation":0,"texture":"#1","tintindex":0},"south":{"uv":[11.25,3.75,11.75,4.0],"rotation":0,"texture":"#1","tintindex":0},"north":{"uv":[11.25,3.5,11.75,3.75],"rotation":0,"texture":"#1","tintindex":0},"west":{"uv":[6.0,2.0,10.25,2.25],"rotation":0,"texture":"#1","tintindex":0},"up":{"uv":[1.0,9.75,0.5,5.5],"rotation":0,"texture":"#1","tintindex":0},"down":{"uv":[1.0,5.5,0.5,9.75],"rotation":0,"texture":"#1","tintindex":0}}},{"from":[8.538845,14.857143,-1.2037992],"to":[9.310273,15.314286,4.7390585],"rotation":{"angle":0.0,"axis":"y","origin":[13.252284,14.857143,2.1372313]},"faces":{"east":{"uv":[7.0,2.75,10.25,3.0],"rotation":0,"texture":"#1","tintindex":0},"south":{"uv":[11.25,4.25,11.75,4.5],"rotation":0,"texture":"#1","tintindex":0},"north":{"uv":[11.25,4.0,11.75,4.25],"rotation":0,"texture":"#1","tintindex":0},"west":{"uv":[7.0,3.0,10.25,3.25],"rotation":0,"texture":"#1","tintindex":0},"up":{"uv":[3.0,8.75,2.5,5.5],"rotation":0,"texture":"#1","tintindex":0},"down":{"uv":[3.0,5.5,2.5,8.75],"rotation":0,"texture":"#1","tintindex":0}}},{"from":[7.647783,14.628572,0.8533435],"to":[8.562069,15.542857,3.139058],"rotation":{"angle":0.0,"axis":"y","origin":[13.252284,14.857143,2.1372313]},"faces":{"east":{"uv":[6.75,7.5,8.0,8.0],"rotation":0,"texture":"#1","tintindex":0},"south":{"uv":[10.5,10.5,11.0,11.0],"rotation":0,"texture":"#1","tintindex":0},"north":{"uv":[4.75,10.5,5.25,11.0],"rotation":0,"texture":"#1","tintindex":0},"west":{"uv":[5.5,8.0,6.75,8.5],"rotation":0,"texture":"#1","tintindex":0},"up":{"uv":[4.0,9.25,3.5,8.0],"rotation":0,"texture":"#1","tintindex":0},"down":{"uv":[8.5,6.0,8.0,7.25],"rotation":0,"texture":"#1","tintindex":0}}},{"from":[7.691475,14.629029,0.91850615],"to":[8.604846,15.5424,3.2033057],"rotation":{"angle":22.5,"axis":"y","origin":[13.252284,14.857143,2.1372313]},"faces":{"east":{"uv":[6.75,8.0,8.0,8.5],"rotation":0,"texture":"#1","tintindex":0},"south":{"uv":[0.5,10.75,1.0,11.25],"rotation":0,"texture":"#1","tintindex":0},"north":{"uv":[0.0,10.75,0.5,11.25],"rotation":0,"texture":"#1","tintindex":0},"west":{"uv":[8.0,7.25,9.25,7.75],"rotation":0,"texture":"#1","tintindex":0},"up":{"uv":[8.5,9.0,8.0,7.75],"rotation":0,"texture":"#1","tintindex":0},"down":{"uv":[6.0,8.5,5.5,9.75],"rotation":0,"texture":"#1","tintindex":0}}},{"from":[18.160313,14.629029,0.81056595],"to":[19.073683,15.5424,3.095366],"rotation":{"angle":-22.5,"axis":"y","origin":[13.252284,14.857143,2.1372313]},"faces":{"east":{"uv":[8.25,3.25,9.5,3.75],"rotation":0,"texture":"#1","tintindex":0},"south":{"uv":[1.5,10.75,2.0,11.25],"rotation":0,"texture":"#1","tintindex":0},"north":{"uv":[1.0,10.75,1.5,11.25],"rotation":0,"texture":"#1","tintindex":0},"west":{"uv":[8.25,3.75,9.5,4.25],"rotation":0,"texture":"#1","tintindex":0},"up":{"uv":[6.5,9.75,6.0,8.5],"rotation":0,"texture":"#1","tintindex":0},"down":{"uv":[9.0,6.0,8.5,7.25],"rotation":0,"texture":"#1","tintindex":0}}},{"from":[12.250457,14.628572,6.827446],"to":[14.536171,15.542857,7.741732],"rotation":{"angle":0.0,"axis":"y","origin":[13.252284,14.857143,2.1372313]},"faces":{"east":{"uv":[2.0,10.75,2.5,11.25],"rotation":0,"texture":"#1","tintindex":0},"south":{"uv":[8.5,7.75,9.75,8.25],"rotation":0,"texture":"#1","tintindex":0},"north":{"uv":[6.5,8.5,7.75,9.0],"rotation":0,"texture":"#1","tintindex":0},"west":{"uv":[2.5,10.75,3.0,11.25],"rotation":0,"texture":"#1","tintindex":0},"up":{"uv":[9.75,8.75,8.5,8.25],"rotation":0,"texture":"#1","tintindex":0},"down":{"uv":[2.75,8.75,1.5,9.25],"rotation":0,"texture":"#1","tintindex":0}}},{"from":[12.294149,14.629029,6.8926086],"to":[14.578949,15.5424,7.80598],"rotation":{"angle":22.5,"axis":"y","origin":[13.252284,14.857143,2.1372313]},"faces":{"east":{"uv":[3.0,10.75,3.5,11.25],"rotation":0,"texture":"#1","tintindex":0},"south":{"uv":[8.75,4.75,10.0,5.25],"rotation":0,"texture":"#1","tintindex":0},"north":{"uv":[8.75,4.25,10.0,4.75],"rotation":0,"texture":"#1","tintindex":0},"west":{"uv":[10.75,3.25,11.25,3.75],"rotation":0,"texture":"#1","tintindex":0},"up":{"uv":[10.0,5.75,8.75,5.25],"rotation":0,"texture":"#1","tintindex":0},"down":{"uv":[9.75,8.75,8.5,9.25],"rotation":0,"texture":"#1","tintindex":0}}},{"from":[12.308874,14.628572,6.9684763],"to":[14.594587,15.542857,7.882762],"rotation":{"angle":45.0,"axis":"y","origin":[13.252284,14.857143,2.1372313]},"faces":{"east":{"uv":[10.75,3.75,11.25,4.25],"rotation":0,"texture":"#1","tintindex":0},"south":{"uv":[6.5,9.0,7.75,9.5],"rotation":0,"texture":"#1","tintindex":0},"north":{"uv":[9.0,6.0,10.25,6.5],"rotation":0,"texture":"#1","tintindex":0},"west":{"uv":[6.5,10.75,7.0,11.25],"rotation":0,"texture":"#1","tintindex":0},"up":{"uv":[10.25,7.0,9.0,6.5],"rotation":0,"texture":"#1","tintindex":0},"down":{"uv":[2.75,9.25,1.5,9.75],"rotation":0,"texture":"#1","tintindex":0}}},{"from":[12.186209,14.629029,6.784669],"to":[14.471008,15.5424,7.69804],"rotation":{"angle":-22.5,"axis":"y","origin":[13.252284,14.857143,2.1372313]},"faces":{"east":{"uv":[7.0,10.75,7.5,11.25],"rotation":0,"texture":"#1","tintindex":0},"south":{"uv":[9.25,7.0,10.5,7.5],"rotation":0,"texture":"#1","tintindex":0},"north":{"uv":[2.75,9.25,4.0,9.75],"rotation":0,"texture":"#1","tintindex":0},"west":{"uv":[7.5,10.75,8.0,11.25],"rotation":0,"texture":"#1","tintindex":0},"up":{"uv":[9.0,9.75,7.75,9.25],"rotation":0,"texture":"#1","tintindex":0},"down":{"uv":[10.25,9.25,9.0,9.75],"rotation":0,"texture":"#1","tintindex":0}}},{"from":[12.1094265,14.628572,6.7690296],"to":[14.395142,15.542857,7.6833153],"rotation":{"angle":-45.0,"axis":"y","origin":[13.252284,14.857143,2.1372313]},"faces":{"east":{"uv":[8.0,10.75,8.5,11.25],"rotation":0,"texture":"#1","tintindex":0},"south":{"uv":[9.5,3.75,10.75,4.25],"rotation":0,"texture":"#1","tintindex":0},"north":{"uv":[9.5,3.25,10.75,3.75],"rotation":0,"texture":"#1","tintindex":0},"west":{"uv":[8.5,10.75,9.0,11.25],"rotation":0,"texture":"#1","tintindex":0},"up":{"uv":[7.75,10.0,6.5,9.5],"rotation":0,"texture":"#1","tintindex":0},"down":{"uv":[1.25,9.75,0.0,10.25],"rotation":0,"texture":"#1","tintindex":0}}},{"from":[7.5835347,14.629029,0.81056595],"to":[8.496906,15.5424,3.095366],"rotation":{"angle":-22.5,"axis":"y","origin":[13.252284,14.857143,2.1372313]},"faces":{"east":{"uv":[1.25,9.75,2.5,10.25],"rotation":0,"texture":"#1","tintindex":0},"south":{"uv":[10.75,9.75,11.25,10.25],"rotation":0,"texture":"#1","tintindex":0},"north":{"uv":[9.5,10.75,10.0,11.25],"rotation":0,"texture":"#1","tintindex":0},"west":{"uv":[2.5,9.75,3.75,10.25],"rotation":0,"texture":"#1","tintindex":0},"up":{"uv":[6.0,11.0,5.5,9.75],"rotation":0,"texture":"#1","tintindex":0},"down":{"uv":[6.5,9.75,6.0,11.0],"rotation":0,"texture":"#1","tintindex":0}}},{"from":[18.268251,14.629029,0.91850615],"to":[19.181622,15.5424,3.2033057],"rotation":{"angle":22.5,"axis":"y","origin":[13.252284,14.857143,2.1372313]},"faces":{"east":{"uv":[9.75,7.5,11.0,8.0],"rotation":0,"texture":"#1","tintindex":0},"south":{"uv":[11.0,0.25,11.5,0.75],"rotation":0,"texture":"#1","tintindex":0},"north":{"uv":[10.0,10.75,10.5,11.25],"rotation":0,"texture":"#1","tintindex":0},"west":{"uv":[7.75,9.75,9.0,10.25],"rotation":0,"texture":"#1","tintindex":0},"up":{"uv":[10.25,9.25,9.75,8.0],"rotation":0,"texture":"#1","tintindex":0},"down":{"uv":[9.5,9.75,9.0,11.0],"rotation":0,"texture":"#1","tintindex":0}}},{"from":[12.250457,14.628572,-3.7493305],"to":[14.536171,15.542857,-2.835044],"rotation":{"angle":0.0,"axis":"y","origin":[13.252284,14.857143,2.1372313]},"faces":{"east":{"uv":[11.0,0.75,11.5,1.25],"rotation":0,"texture":"#1","tintindex":0},"south":{"uv":[3.75,10.0,5.0,10.5],"rotation":0,"texture":"#1","tintindex":0},"north":{"uv":[9.5,9.75,10.75,10.25],"rotation":0,"texture":"#1","tintindex":0},"west":{"uv":[3.5,11.0,4.0,11.5],"rotation":0,"texture":"#1","tintindex":0},"up":{"uv":[11.25,4.75,10.0,4.25],"rotation":0,"texture":"#1","tintindex":0},"down":{"uv":[11.25,4.75,10.0,5.25],"rotation":0,"texture":"#1","tintindex":0}}},{"from":[12.186209,14.629029,-3.7921085],"to":[14.471008,15.5424,-2.8787355],"rotation":{"angle":-22.5,"axis":"y","origin":[13.252284,14.857143,2.1372313]},"faces":{"east":{"uv":[4.0,11.0,4.5,11.5],"rotation":0,"texture":"#1","tintindex":0},"south":{"uv":[6.5,10.0,7.75,10.5],"rotation":0,"texture":"#1","tintindex":0},"north":{"uv":[10.0,5.25,11.25,5.75],"rotation":0,"texture":"#1","tintindex":0},"west":{"uv":[4.5,11.0,5.0,11.5],"rotation":0,"texture":"#1","tintindex":0},"up":{"uv":[1.25,10.75,0.0,10.25],"rotation":0,"texture":"#1","tintindex":0},"down":{"uv":[2.5,10.25,1.25,10.75],"rotation":0,"texture":"#1","tintindex":0}}},{"from":[15.989912,14.628572,-2.2003975],"to":[18.275627,15.542857,-1.2861118],"rotation":{"angle":-45.0,"axis":"y","origin":[17.13277,14.857143,-1.7432537]},"faces":{"east":{"uv":[5.0,11.0,5.5,11.5],"rotation":0,"texture":"#1","tintindex":0},"south":{"uv":[10.25,1.75,11.5,2.25],"rotation":0,"texture":"#1","tintindex":0},"north":{"uv":[10.25,1.25,11.5,1.75],"rotation":0,"texture":"#1","tintindex":0},"west":{"uv":[5.5,11.0,6.0,11.5],"rotation":0,"texture":"#1","tintindex":0},"up":{"uv":[11.5,2.75,10.25,2.25],"rotation":0,"texture":"#1","tintindex":0},"down":{"uv":[3.75,10.25,2.5,10.75],"rotation":0,"texture":"#1","tintindex":0}}},{"from":[12.294149,14.629029,-3.6841688],"to":[14.578949,15.5424,-2.7707958],"rotation":{"angle":22.5,"axis":"y","origin":[13.252284,14.857143,2.1372313]},"faces":{"east":{"uv":[6.0,11.0,6.5,11.5],"rotation":0,"texture":"#1","tintindex":0},"south":{"uv":[10.25,6.0,11.5,6.5],"rotation":0,"texture":"#1","tintindex":0},"north":{"uv":[10.25,2.75,11.5,3.25],"rotation":0,"texture":"#1","tintindex":0},"west":{"uv":[11.0,7.5,11.5,8.0],"rotation":0,"texture":"#1","tintindex":0},"up":{"uv":[11.5,7.0,10.25,6.5],"rotation":0,"texture":"#1","tintindex":0},"down":{"uv":[9.0,10.25,7.75,10.75],"rotation":0,"texture":"#1","tintindex":0}}},{"from":[10.285714,11.142858,6.857143],"to":[12.571428,14.571428,9.142858],"rotation":{"angle":45.0,"axis":"x","origin":[10.857143,14.0,8.0]},"faces":{"east":{"uv":[11.0,13.0,10.0,14.5],"rotation":0,"texture":"#0","tintindex":0},"south":{"uv":[12.0,13.0,11.0,14.5],"rotation":0,"texture":"#0","tintindex":0},"north":{"uv":[10.0,13.0,9.0,14.5],"rotation":0,"texture":"#0","tintindex":0},"west":{"uv":[9.0,13.0,8.0,14.5],"rotation":0,"texture":"#0","tintindex":0},"up":{"uv":[9.0,13.0,10.0,12.0],"rotation":0,"texture":"#0","tintindex":0},"down":{"uv":[11.0,12.0,10.0,13.0],"rotation":0,"texture":"#0","tintindex":0}}},{"from":[10.288571,11.17443,3.3621025],"to":[12.568571,13.454431,6.78496],"rotation":{"angle":22.5,"axis":"x","origin":[11.428572,11.171573,6.787817]},"faces":{"east":{"uv":[10.0,16.0,11.0,14.5],"rotation":90,"texture":"#0","tintindex":0},"south":{"uv":[9.25,12.0,10.0,13.0],"rotation":0,"texture":"#0","tintindex":0},"north":{"uv":[11.0,12.0,10.0,13.0],"rotation":0,"texture":"#0","tintindex":0},"west":{"uv":[8.0,14.5,9.0,16.0],"rotation":90,"texture":"#0","tintindex":0},"up":{"uv":[9.0,16.0,10.0,14.5],"rotation":0,"texture":"#0","tintindex":0},"down":{"uv":[12.0,14.5,11.0,16.0],"rotation":0,"texture":"#0","tintindex":0}}},{"from":[5.714286,7.714286,6.857143],"to":[10.285714,14.571428,9.142858],"rotation":{"angle":0.0,"axis":"y","origin":[8.0,0.85714245,8.0]},"faces":{"east":{"uv":[8.0,5.0,7.0,8.0],"rotation":0,"texture":"#0","tintindex":0},"south":{"uv":[10.0,5.0,8.0,8.0],"rotation":0,"texture":"#0","tintindex":0},"north":{"uv":[7.0,5.0,5.0,8.0],"rotation":0,"texture":"#0","tintindex":0},"west":{"uv":[5.0,5.0,4.0,8.0],"rotation":0,"texture":"#0","tintindex":0},"up":{"uv":[5.0,5.0,7.0,4.0],"rotation":0,"texture":"#0","tintindex":0},"down":{"uv":[7.0,4.0,9.0,5.0],"rotation":0,"texture":"#0","tintindex":0}}}],"display":{"head":{"translation":[0.0,-6.4,0.0],"scale":[4.0,4.0,4.0]}}}