{"textures":{"0":"modelengine:entity/asterix"},"elements":[{"from":[6.857143,4.5714283,6.857143],"to":[9.142858,8.0,9.142858],"rotation":{"angle":0.0,"axis":"y","origin":[8.0,8.0,8.0]},"faces":{"east":{"uv":[7.0,13.0,6.0,14.5],"rotation":0,"texture":"#0","tintindex":0},"south":{"uv":[7.0,13.0,8.0,14.5],"rotation":0,"texture":"#0","tintindex":0},"north":{"uv":[5.0,13.0,6.0,14.5],"rotation":0,"texture":"#0","tintindex":0},"west":{"uv":[5.0,13.0,4.0,14.5],"rotation":0,"texture":"#0","tintindex":0},"up":{"uv":[6.0,13.0,5.0,12.0],"rotation":0,"texture":"#0","tintindex":0},"down":{"uv":[7.0,12.0,6.0,13.0],"rotation":0,"texture":"#0","tintindex":0}}},{"from":[6.8599997,1.1457143,6.8599997],"to":[9.14,4.568571,9.14],"rotation":{"angle":0.0,"axis":"y","origin":[8.0,4.5714283,6.857143]},"faces":{"east":{"uv":[7.0,14.5,6.0,16.0],"rotation":0,"texture":"#0","tintindex":0},"south":{"uv":[8.0,14.5,7.0,16.0],"rotation":0,"texture":"#0","tintindex":0},"north":{"uv":[6.0,14.5,5.0,16.0],"rotation":0,"texture":"#0","tintindex":0},"west":{"uv":[5.0,14.5,4.0,16.0],"rotation":0,"texture":"#0","tintindex":0},"up":{"uv":[6.0,14.5,5.0,13.5],"rotation":0,"texture":"#0","tintindex":0},"down":{"uv":[6.0,12.0,7.0,13.0],"rotation":0,"texture":"#0","tintindex":0}}}],"display":{"head":{"translation":[0.0,-6.4,0.0],"scale":[4.0,4.0,4.0]}}}