{"textures":{"2":"modelengine:entity/obelix"},"elements":[{"from":[8.0,5.142857,6.857143],"to":[10.285714,8.571428,9.142858],"rotation":{"angle":0.0,"axis":"y","origin":[8.0,8.0,8.0]},"faces":{"east":{"uv":[10.0,5.0,11.0,6.5],"rotation":0,"texture":"#2","tintindex":0},"south":{"uv":[13.0,5.0,14.0,6.5],"rotation":0,"texture":"#2","tintindex":0},"north":{"uv":[11.0,5.0,12.0,6.5],"rotation":0,"texture":"#2","tintindex":0},"west":{"uv":[12.0,5.0,13.0,6.5],"rotation":0,"texture":"#2","tintindex":0},"up":{"uv":[12.0,5.0,11.0,4.0],"rotation":0,"texture":"#2","tintindex":0},"down":{"uv":[13.0,4.0,12.0,5.0],"rotation":0,"texture":"#2","tintindex":0}}},{"from":[8.002857,1.7171426,6.8599997],"to":[10.282857,5.14,9.14],"rotation":{"angle":22.5,"axis":"x","origin":[9.142858,5.142857,9.142858]},"faces":{"east":{"uv":[10.0,6.5,11.0,8.0],"rotation":0,"texture":"#2","tintindex":0},"south":{"uv":[13.0,6.5,14.0,8.0],"rotation":0,"texture":"#2","tintindex":0},"north":{"uv":[11.0,6.5,12.0,8.0],"rotation":0,"texture":"#2","tintindex":0},"west":{"uv":[12.0,6.5,13.0,8.0],"rotation":0,"texture":"#2","tintindex":0},"up":{"uv":[12.0,5.0,11.0,4.0],"rotation":0,"texture":"#2","tintindex":0},"down":{"uv":[13.0,4.0,12.0,5.0],"rotation":0,"texture":"#2","tintindex":0}}}],"display":{"head":{"translation":[0.0,-6.4,0.0],"scale":[4.0,4.0,4.0]}}}