{"textures":{"0":"modelengine:entity/astraltiger"},"elements":[{"from":[4.966856,6.6991634,6.9162874],"to":[13.239314,8.35265,8.912173],"rotation":{"angle":0.0,"axis":"y","origin":[6.107885,6.6420207,6.7105727]},"faces":{"east":{"uv":[4.5,5.375,6.375,5.875],"rotation":0,"texture":"#0","tintindex":0},"south":{"uv":[4.5,5.375,6.375,5.875],"rotation":0,"texture":"#0","tintindex":0},"north":{"uv":[4.5,5.375,6.375,5.875],"rotation":0,"texture":"#0","tintindex":0},"west":{"uv":[4.5,5.375,6.375,5.875],"rotation":0,"texture":"#0","tintindex":0},"up":{"uv":[4.5,5.375,6.375,5.875],"rotation":0,"texture":"#0","tintindex":0},"down":{"uv":[4.5,5.375,6.375,5.875],"rotation":0,"texture":"#0","tintindex":0}}},{"from":[0.9732561,6.984421,6.140973],"to":[8.605713,8.067392,7.8516016],"rotation":{"angle":-45.0,"axis":"y","origin":[5.822628,6.6420207,4.4285154]},"faces":{"east":{"uv":[4.5,5.375,6.375,5.875],"rotation":0,"texture":"#0","tintindex":0},"south":{"uv":[4.5,5.375,6.375,5.875],"rotation":0,"texture":"#0","tintindex":0},"north":{"uv":[4.5,5.375,6.375,5.875],"rotation":0,"texture":"#0","tintindex":0},"west":{"uv":[4.5,5.375,6.375,5.875],"rotation":0,"texture":"#0","tintindex":0},"up":{"uv":[4.5,5.375,6.375,5.875],"rotation":0,"texture":"#0","tintindex":0},"down":{"uv":[4.5,5.375,6.375,5.875],"rotation":0,"texture":"#0","tintindex":0}}},{"from":[-2.5596275,7.7255297,0.8920584],"to":[11.132716,7.7255297,13.72863],"rotation":{"angle":0.0,"axis":"y","origin":[-1.0235434,7.783049,-4.8130846]},"faces":{"east":{"uv":[3.875,8.25,7.875,12.625],"rotation":0,"texture":"#0","tintindex":0},"south":{"uv":[3.875,8.25,7.875,12.625],"rotation":0,"texture":"#0","tintindex":0},"north":{"uv":[3.875,8.25,7.875,12.625],"rotation":0,"texture":"#0","tintindex":0},"west":{"uv":[3.875,8.25,7.875,12.625],"rotation":0,"texture":"#0","tintindex":0},"up":{"uv":[3.875,8.25,7.875,12.625],"rotation":0,"texture":"#0","tintindex":0},"down":{"uv":[3.875,12.625,7.875,8.25],"rotation":0,"texture":"#0","tintindex":0}}},{"from":[-16.0,7.5616474,1.6052012],"to":[-2.3076572,7.5616474,14.441773],"rotation":{"angle":0.0,"axis":"y","origin":[-1.0235434,7.783049,-4.8130846]},"faces":{"east":{"uv":[3.875,8.25,7.875,12.625],"rotation":0,"texture":"#0","tintindex":0},"south":{"uv":[3.875,8.25,7.875,12.625],"rotation":0,"texture":"#0","tintindex":0},"north":{"uv":[3.875,8.25,7.875,12.625],"rotation":0,"texture":"#0","tintindex":0},"west":{"uv":[3.875,8.25,7.875,12.625],"rotation":0,"texture":"#0","tintindex":0},"up":{"uv":[0.0,8.375,4.0,12.75],"rotation":0,"texture":"#0","tintindex":0},"down":{"uv":[0.0,12.75,4.0,8.375],"rotation":0,"texture":"#0","tintindex":0}}},{"from":[-2.44983,7.2696776,2.1473722],"to":[1.8290272,7.782135,3.5727444],"rotation":{"angle":0.0,"axis":"y","origin":[-3.8761158,6.6420207,0.7201724]},"faces":{"east":{"uv":[4.5,5.375,6.375,5.875],"rotation":0,"texture":"#0","tintindex":0},"south":{"uv":[4.5,5.375,6.375,5.875],"rotation":0,"texture":"#0","tintindex":0},"north":{"uv":[4.5,5.375,6.375,5.875],"rotation":0,"texture":"#0","tintindex":0},"west":{"uv":[4.5,5.375,6.375,5.875],"rotation":0,"texture":"#0","tintindex":0},"up":{"uv":[4.5,5.375,6.375,5.875],"rotation":0,"texture":"#0","tintindex":0},"down":{"uv":[4.5,5.375,6.375,5.875],"rotation":0,"texture":"#0","tintindex":0}}}],"display":{"head":{"translation":[-11.02652,-6.4,0.0],"scale":[4.0,4.0,4.0]}}}