{"textures":{"0":"modelengine:entity/nocsy_drakonin2"},"elements":[{"from":[7.8615685,6.01961,6.9694037],"to":[9.575854,8.305325,10.969404],"rotation":{"angle":-22.5,"axis":"z","origin":[8.547283,7.1624675,10.055119]},"faces":{"east":{"uv":[8.25,4.0625,8.6875,4.3125],"rotation":0,"texture":"#0","tintindex":0},"south":{"uv":[6.875,8.375,7.0625,8.625],"rotation":0,"texture":"#0","tintindex":0},"north":{"uv":[6.25,4.8125,6.4375,5.0625],"rotation":0,"texture":"#0","tintindex":0},"west":{"uv":[8.375,4.625,8.8125,4.875],"rotation":0,"texture":"#0","tintindex":0},"up":{"uv":[5.75,9.75,5.5625,9.3125],"rotation":0,"texture":"#0","tintindex":0},"down":{"uv":[9.5,6.125,9.3125,6.5625],"rotation":0,"texture":"#0","tintindex":0}}},{"from":[8.289829,6.8765597,9.949891],"to":[9.775544,8.362274,13.149892],"rotation":{"angle":-45.0,"axis":"x","origin":[9.089829,7.0479884,11.378463]},"faces":{"east":{"uv":[9.1875,3.125,9.5625,3.3125],"rotation":0,"texture":"#0","tintindex":0},"south":{"uv":[10.3125,3.375,10.5,3.5625],"rotation":0,"texture":"#0","tintindex":0},"north":{"uv":[10.3125,3.125,10.5,3.3125],"rotation":0,"texture":"#0","tintindex":0},"west":{"uv":[9.625,3.125,10.0,3.3125],"rotation":0,"texture":"#0","tintindex":0},"up":{"uv":[6.375,10.0625,6.1875,9.6875],"rotation":0,"texture":"#0","tintindex":0},"down":{"uv":[8.0625,9.6875,7.875,10.0625],"rotation":0,"texture":"#0","tintindex":0}}},{"from":[8.222882,8.339714,11.368811],"to":[8.222882,11.768286,12.854525],"rotation":{"angle":22.5,"axis":"z","origin":[8.483579,10.854,12.197792]},"faces":{"east":{"uv":[9.6875,8.0625,9.875,8.4375],"rotation":0,"texture":"#0","tintindex":0},"south":{"uv":[4.25,10.5,4.25,10.875],"rotation":0,"texture":"#0","tintindex":0},"north":{"uv":[4.1875,10.5,4.1875,10.875],"rotation":0,"texture":"#0","tintindex":0},"west":{"uv":[8.125,9.6875,8.3125,10.0625],"rotation":0,"texture":"#0","tintindex":0},"up":{"uv":[7.0,9.25,7.0,9.0625],"rotation":0,"texture":"#0","tintindex":0},"down":{"uv":[4.125,9.125,4.125,9.3125],"rotation":0,"texture":"#0","tintindex":0}}},{"from":[7.315703,8.339714,12.055346],"to":[8.801417,11.768286,12.055346],"rotation":{"angle":22.5,"axis":"z","origin":[8.483579,10.854,12.197792]},"faces":{"east":{"uv":[4.3125,10.5,4.3125,10.875],"rotation":0,"texture":"#0","tintindex":0},"south":{"uv":[8.9375,9.6875,9.125,10.0625],"rotation":0,"texture":"#0","tintindex":0},"north":{"uv":[8.375,9.6875,8.5625,10.0625],"rotation":0,"texture":"#0","tintindex":0},"west":{"uv":[4.375,10.5,4.375,10.875],"rotation":0,"texture":"#0","tintindex":0},"up":{"uv":[7.4375,6.9375,7.25,6.9375],"rotation":0,"texture":"#0","tintindex":0},"down":{"uv":[7.5,4.6875,7.3125,4.6875],"rotation":0,"texture":"#0","tintindex":0}}}],"display":{"head":{"translation":[0.0,-6.4,0.0],"scale":[4.0,4.0,4.0]}}}