{"textures":{"0":"modelengine:entity/nocsy_drakonin2"},"elements":[{"from":[6.285714,8.063616,7.399993],"to":[9.714286,12.063617,10.828565],"rotation":{"angle":0.0,"axis":"y","origin":[7.428571,9.805804,9.4561615]},"faces":{"east":{"uv":[4.25,7.25,4.625,7.6875],"rotation":0,"texture":"#0","tintindex":0},"south":{"uv":[4.6875,7.25,5.0625,7.6875],"rotation":0,"texture":"#0","tintindex":0},"north":{"uv":[7.0625,5.3125,7.4375,5.75],"rotation":0,"texture":"#0","tintindex":0},"west":{"uv":[5.125,7.25,5.5,7.6875],"rotation":0,"texture":"#0","tintindex":0},"up":{"uv":[5.3125,8.125,4.9375,7.75],"rotation":0,"texture":"#0","tintindex":0},"down":{"uv":[8.3125,7.1875,7.9375,7.5625],"rotation":0,"texture":"#0","tintindex":0}}},{"from":[6.2914286,11.568721,6.9874563],"to":[9.708571,13.843007,10.404599],"rotation":{"angle":-22.5,"axis":"x","origin":[8.0,12.864656,9.361072]},"faces":{"east":{"uv":[8.5625,8.75,8.9375,9.0],"rotation":0,"texture":"#0","tintindex":0},"south":{"uv":[0.625,8.8125,1.0,9.0625],"rotation":0,"texture":"#0","tintindex":0},"north":{"uv":[8.75,1.625,9.125,1.875],"rotation":0,"texture":"#0","tintindex":0},"west":{"uv":[1.0625,8.8125,1.4375,9.0625],"rotation":0,"texture":"#0","tintindex":0},"up":{"uv":[8.375,1.875,8.0,1.5],"rotation":0,"texture":"#0","tintindex":0},"down":{"uv":[8.375,2.5,8.0,2.875],"rotation":0,"texture":"#0","tintindex":0}}}],"display":{"head":{"translation":[0.0,-6.4,0.0],"scale":[4.0,4.0,4.0]}}}