{"textures":{"0":"modelengine:entity/nocsy_drakonin2"},"elements":[{"from":[6.0,4.4428897,6.7742376],"to":[10.0,8.44289,9.63138],"rotation":{"angle":22.5,"axis":"x","origin":[7.142857,5.932515,12.033907]},"faces":{"east":{"uv":[2.625,8.0,2.9375,8.4375],"rotation":0,"texture":"#0","tintindex":0},"south":{"uv":[7.0625,4.8125,7.5,5.25],"rotation":0,"texture":"#0","tintindex":0},"north":{"uv":[7.0625,2.5,7.5,2.9375],"rotation":0,"texture":"#0","tintindex":0},"west":{"uv":[3.0,8.0,3.3125,8.4375],"rotation":0,"texture":"#0","tintindex":0},"up":{"uv":[3.8125,8.3125,3.375,8.0],"rotation":0,"texture":"#0","tintindex":0},"down":{"uv":[4.3125,8.0,3.875,8.3125],"rotation":0,"texture":"#0","tintindex":0}}}],"display":{"head":{"translation":[0.0,-6.4,0.0],"scale":[4.0,4.0,4.0]}}}