{"textures":{"1":"modelengine:entity/banana"},"elements":[{"from":[7.5885715,7.690853,8.0136],"to":[8.411428,9.062282,8.836458],"rotation":{"angle":22.5,"axis":"x","origin":[8.0,8.198867,7.878265]},"faces":{"east":{"uv":[2.016,0.016,3.484,2.484],"rotation":0,"texture":"#1","tintindex":0},"south":{"uv":[0.016,3.016,1.484,5.484],"rotation":0,"texture":"#1","tintindex":0},"north":{"uv":[0.016,0.016,1.484,2.484],"rotation":0,"texture":"#1","tintindex":0},"west":{"uv":[2.016,3.016,3.484,5.484],"rotation":0,"texture":"#1","tintindex":0},"up":{"uv":[3.484,7.484,2.016,6.016],"rotation":0,"texture":"#1","tintindex":0},"down":{"uv":[7.484,3.016,6.016,4.484],"rotation":0,"texture":"#1","tintindex":0}}},{"from":[7.8628573,9.062282,8.287887],"to":[8.137143,9.610853,8.562172],"rotation":{"angle":22.5,"axis":"x","origin":[8.0,8.198867,7.878265]},"faces":{"east":{"uv":[8.016,6.516,8.484,7.484],"rotation":0,"texture":"#1","tintindex":0},"south":{"uv":[8.016,8.016,8.484,8.984],"rotation":0,"texture":"#1","tintindex":0},"north":{"uv":[5.516,7.516,5.984,8.484],"rotation":0,"texture":"#1","tintindex":0},"west":{"uv":[0.016,9.016,0.484,9.984],"rotation":0,"texture":"#1","tintindex":0},"up":{"uv":[1.484,9.484,1.016,9.016],"rotation":0,"texture":"#1","tintindex":0},"down":{"uv":[9.484,5.016,9.016,5.484],"rotation":0,"texture":"#1","tintindex":0}}},{"from":[7.6571426,7.195718,6.825739],"to":[8.342857,7.881432,8.197167],"rotation":{"angle":-22.5,"axis":"x","origin":[8.0,8.198867,7.878265]},"faces":{"east":{"uv":[4.016,3.016,5.25,5.484],"rotation":270,"texture":"#1","tintindex":0},"south":{"uv":[9.25,1.25,8.016,0.016],"rotation":0,"texture":"#1","tintindex":0},"north":{"uv":[3.25,8.016,2.016,9.25],"rotation":180,"texture":"#1","tintindex":0},"west":{"uv":[6.016,0.016,7.25,2.484],"rotation":90,"texture":"#1","tintindex":0},"up":{"uv":[4.016,0.016,5.25,2.484],"rotation":180,"texture":"#1","tintindex":0},"down":{"uv":[0.016,6.016,1.25,8.484],"rotation":0,"texture":"#1","tintindex":0}}},{"from":[7.725714,6.7868805,6.7829294],"to":[8.274285,7.3354516,7.880072],"rotation":{"angle":22.5,"axis":"x","origin":[8.0,8.198867,7.878265]},"faces":{"east":{"uv":[4.016,6.016,5.984,6.984],"rotation":0,"texture":"#1","tintindex":0},"south":{"uv":[8.016,3.516,8.984,4.484],"rotation":0,"texture":"#1","tintindex":0},"north":{"uv":[8.016,2.016,8.984,2.984],"rotation":0,"texture":"#1","tintindex":0},"west":{"uv":[6.516,5.016,8.484,5.984],"rotation":0,"texture":"#1","tintindex":0},"up":{"uv":[7.484,8.484,6.516,6.516],"rotation":0,"texture":"#1","tintindex":0},"down":{"uv":[4.984,7.516,4.016,9.484],"rotation":0,"texture":"#1","tintindex":0}}}],"display":{"head":{"translation":[0.0,-6.4,0.0],"scale":[4.0,4.0,4.0]}}}