{"textures":{"0":"modelengine:entity/monkey"},"elements":[{"from":[6.522933,7.024014,5.4364004],"to":[9.477067,10.5689745,8.390534],"rotation":{"angle":0.0,"axis":"y","origin":[8.0,6.4393587,12.895588]},"faces":{"east":{"uv":[5.03,4.03,6.25,5.47],"rotation":0,"texture":"#0","tintindex":0},"south":{"uv":[0.03,6.03,1.25,7.47],"rotation":0,"texture":"#0","tintindex":0},"north":{"uv":[5.03,2.03,6.25,3.47],"rotation":0,"texture":"#0","tintindex":0},"west":{"uv":[2.03,6.03,3.25,7.47],"rotation":0,"texture":"#0","tintindex":0},"up":{"uv":[5.25,7.25,4.03,6.03],"rotation":0,"texture":"#0","tintindex":0},"down":{"uv":[7.25,6.03,6.03,7.25],"rotation":0,"texture":"#0","tintindex":0}}},{"from":[6.8183465,7.024014,4.5501604],"to":[9.181654,8.501081,5.4364004],"rotation":{"angle":0.0,"axis":"y","origin":[8.0,6.4393587,12.895588]},"faces":{"east":{"uv":[9.53,7.53,9.97,8.25],"rotation":0,"texture":"#0","tintindex":0},"south":{"uv":[1.53,8.03,2.47,8.75],"rotation":0,"texture":"#0","tintindex":0},"north":{"uv":[0.03,8.03,0.97,8.75],"rotation":0,"texture":"#0","tintindex":0},"west":{"uv":[9.53,9.03,9.97,9.75],"rotation":0,"texture":"#0","tintindex":0},"up":{"uv":[6.97,9.97,6.03,9.53],"rotation":0,"texture":"#0","tintindex":0},"down":{"uv":[10.47,6.53,9.53,6.97],"rotation":0,"texture":"#0","tintindex":0}}},{"from":[5.9321065,8.2056675,6.322641],"to":[6.522933,9.9781475,6.9134674],"rotation":{"angle":0.0,"axis":"y","origin":[8.0,6.4393587,12.895588]},"faces":{"east":{"uv":[11.53,9.53,11.75,10.25],"rotation":0,"texture":"#0","tintindex":0},"south":{"uv":[11.53,11.03,11.75,11.75],"rotation":0,"texture":"#0","tintindex":0},"north":{"uv":[11.53,8.03,11.75,8.75],"rotation":0,"texture":"#0","tintindex":0},"west":{"uv":[2.03,12.03,2.25,12.75],"rotation":0,"texture":"#0","tintindex":0},"up":{"uv":[10.25,12.25,10.03,12.03],"rotation":0,"texture":"#0","tintindex":0},"down":{"uv":[0.25,12.53,0.03,12.75],"rotation":0,"texture":"#0","tintindex":0}}},{"from":[9.477067,8.2056675,6.322641],"to":[10.067894,9.9781475,6.9134674],"rotation":{"angle":0.0,"axis":"y","origin":[8.0,6.4393587,12.895588]},"faces":{"east":{"uv":[2.25,12.03,2.03,12.75],"rotation":0,"texture":"#0","tintindex":0},"south":{"uv":[11.75,11.03,11.53,11.75],"rotation":0,"texture":"#0","tintindex":0},"north":{"uv":[11.75,8.03,11.53,8.75],"rotation":0,"texture":"#0","tintindex":0},"west":{"uv":[11.75,9.53,11.53,10.25],"rotation":0,"texture":"#0","tintindex":0},"up":{"uv":[10.03,12.25,10.25,12.03],"rotation":0,"texture":"#0","tintindex":0},"down":{"uv":[0.03,12.53,0.25,12.75],"rotation":0,"texture":"#0","tintindex":0}}}],"display":{"head":{"translation":[0.0,-6.4,0.0],"scale":[4.0,4.0,4.0]}}}