{"textures":{"0":"modelengine:entity/monkey"},"elements":[{"from":[7.2614665,7.642597,7.8344846],"to":[8.738533,10.005904,9.311552],"rotation":{"angle":-22.5,"axis":"x","origin":[9.77248,7.7301836,12.413736]},"faces":{"east":{"uv":[7.03,1.53,7.75,2.47],"rotation":0,"texture":"#0","tintindex":0},"south":{"uv":[7.03,3.03,7.75,3.97],"rotation":0,"texture":"#0","tintindex":0},"north":{"uv":[7.03,0.03,7.75,0.97],"rotation":0,"texture":"#0","tintindex":0},"west":{"uv":[7.03,4.53,7.75,5.47],"rotation":0,"texture":"#0","tintindex":0},"up":{"uv":[0.75,10.25,0.03,9.53],"rotation":0,"texture":"#0","tintindex":0},"down":{"uv":[10.25,1.03,9.53,1.75],"rotation":0,"texture":"#0","tintindex":0}}}],"display":{"head":{"translation":[0.0,-6.4,0.0],"scale":[4.0,4.0,4.0]}}}