{"textures":{"0":"modelengine:entity/monkey"},"elements":[{"from":[7.2614665,5.5294514,7.0817122],"to":[8.738533,7.8927584,8.558779],"rotation":{"angle":22.5,"axis":"x","origin":[9.77248,7.471627,8.650946]},"faces":{"east":{"uv":[4.53,8.03,5.25,8.97],"rotation":0,"texture":"#0","tintindex":0},"south":{"uv":[6.03,8.03,6.75,8.97],"rotation":0,"texture":"#0","tintindex":0},"north":{"uv":[3.03,8.03,3.75,8.97],"rotation":0,"texture":"#0","tintindex":0},"west":{"uv":[8.03,6.03,8.75,6.97],"rotation":0,"texture":"#0","tintindex":0},"up":{"uv":[5.25,10.25,4.53,9.53],"rotation":0,"texture":"#0","tintindex":0},"down":{"uv":[10.25,5.03,9.53,5.75],"rotation":0,"texture":"#0","tintindex":0}}}],"display":{"head":{"translation":[0.0,-6.4,0.0],"scale":[4.0,4.0,4.0]}}}