{"textures":{"0":"modelengine:entity/monkey"},"elements":[{"from":[7.409173,5.2154255,8.186453],"to":[8.590827,6.987906,9.368106],"rotation":{"angle":22.5,"axis":"x","origin":[9.77248,9.365779,11.672798]},"faces":{"east":{"uv":[6.03,10.53,6.47,11.25],"rotation":0,"texture":"#0","tintindex":0},"south":{"uv":[10.53,7.53,10.97,8.25],"rotation":0,"texture":"#0","tintindex":0},"north":{"uv":[10.53,2.53,10.97,3.25],"rotation":0,"texture":"#0","tintindex":0},"west":{"uv":[10.53,9.03,10.97,9.75],"rotation":0,"texture":"#0","tintindex":0},"up":{"uv":[8.97,5.47,8.53,5.03],"rotation":0,"texture":"#0","tintindex":0},"down":{"uv":[11.47,5.03,11.03,5.47],"rotation":0,"texture":"#0","tintindex":0}}}],"display":{"head":{"translation":[0.0,-6.4,0.0],"scale":[4.0,4.0,4.0]}}}