{"textures":{"0":"modelengine:entity/monkey"},"elements":[{"from":[7.2614665,7.633158,6.990038],"to":[8.738533,8.223985,8.467105],"rotation":{"angle":0.0,"axis":"y","origin":[6.22752,10.5811205,12.178507]},"faces":{"east":{"uv":[6.75,12.03,6.03,12.25],"rotation":0,"texture":"#0","tintindex":0},"south":{"uv":[12.75,5.03,12.03,5.25],"rotation":0,"texture":"#0","tintindex":0},"north":{"uv":[12.75,0.03,12.03,0.25],"rotation":0,"texture":"#0","tintindex":0},"west":{"uv":[12.75,4.03,12.03,4.25],"rotation":0,"texture":"#0","tintindex":0},"up":{"uv":[1.53,10.25,2.25,9.53],"rotation":0,"texture":"#0","tintindex":0},"down":{"uv":[3.03,9.53,3.75,10.25],"rotation":0,"texture":"#0","tintindex":0}}}],"display":{"head":{"translation":[0.0,-6.4,0.0],"scale":[4.0,4.0,4.0]}}}