{"textures":{"0":"modelengine:entity/monkey"},"elements":[{"from":[7.409173,7.1660957,6.949396],"to":[8.590827,8.938576,8.13105],"rotation":{"angle":-22.5,"axis":"x","origin":[6.22752,9.315073,9.211451]},"faces":{"east":{"uv":[1.47,11.03,1.03,11.75],"rotation":0,"texture":"#0","tintindex":0},"south":{"uv":[0.47,11.03,0.03,11.75],"rotation":0,"texture":"#0","tintindex":0},"north":{"uv":[9.97,10.53,9.53,11.25],"rotation":0,"texture":"#0","tintindex":0},"west":{"uv":[10.97,10.53,10.53,11.25],"rotation":0,"texture":"#0","tintindex":0},"up":{"uv":[8.03,11.47,8.47,11.03],"rotation":0,"texture":"#0","tintindex":0},"down":{"uv":[11.53,2.03,11.97,2.47],"rotation":0,"texture":"#0","tintindex":0}}}],"display":{"head":{"translation":[0.0,-6.4,0.0],"scale":[4.0,4.0,4.0]}}}