{"textures":{"0":"modelengine:entity/monkey"},"elements":[{"from":[7.409173,7.299326,7.997371],"to":[8.590827,8.48098,10.951505],"rotation":{"angle":0.0,"axis":"y","origin":[8.0,6.1238437,7.4803977]},"faces":{"east":{"uv":[7.53,8.03,8.75,8.47],"rotation":0,"texture":"#0","tintindex":0},"south":{"uv":[7.03,11.03,7.47,11.47],"rotation":0,"texture":"#0","tintindex":0},"north":{"uv":[11.03,6.03,11.47,6.47],"rotation":0,"texture":"#0","tintindex":0},"west":{"uv":[8.53,0.03,9.75,0.47],"rotation":0,"texture":"#0","tintindex":0},"up":{"uv":[2.47,5.25,2.03,4.03],"rotation":0,"texture":"#0","tintindex":0},"down":{"uv":[8.97,1.03,8.53,2.25],"rotation":0,"texture":"#0","tintindex":0}}}],"display":{"head":{"translation":[0.0,-6.4,0.0],"scale":[4.0,4.0,4.0]}}}