{"textures":{"0":"modelengine:entity/monkey"},"elements":[{"from":[7.485451,7.3145075,7.9887238],"to":[8.514548,8.343605,10.942858],"rotation":{"angle":0.0,"axis":"y","origin":[7.928571,6.1046343,4.5176167]},"faces":{"east":{"uv":[8.53,3.03,9.75,3.47],"rotation":0,"texture":"#0","tintindex":0},"south":{"uv":[11.53,7.03,11.97,7.47],"rotation":0,"texture":"#0","tintindex":0},"north":{"uv":[11.53,3.03,11.97,3.47],"rotation":0,"texture":"#0","tintindex":0},"west":{"uv":[8.53,4.03,9.75,4.47],"rotation":0,"texture":"#0","tintindex":0},"up":{"uv":[7.97,10.25,7.53,9.03],"rotation":0,"texture":"#0","tintindex":0},"down":{"uv":[8.97,9.03,8.53,10.25],"rotation":0,"texture":"#0","tintindex":0}}}],"display":{"head":{"translation":[0.0,-6.4,0.0],"scale":[4.0,4.0,4.0]}}}