{"textures":{"0":"modelengine:entity/monkey"},"elements":[{"from":[7.633158,7.5617294,7.822933],"to":[8.366842,8.295413,10.777067],"rotation":{"angle":0.0,"axis":"y","origin":[8.071428,6.2336907,1.5405498]},"faces":{"east":{"uv":[11.03,1.03,12.25,1.25],"rotation":0,"texture":"#0","tintindex":0},"south":{"uv":[12.53,2.03,12.75,2.25],"rotation":0,"texture":"#0","tintindex":0},"north":{"uv":[1.03,12.53,1.25,12.75],"rotation":0,"texture":"#0","tintindex":0},"west":{"uv":[2.03,11.03,3.25,11.25],"rotation":0,"texture":"#0","tintindex":0},"up":{"uv":[4.25,12.25,4.03,11.03],"rotation":0,"texture":"#0","tintindex":0},"down":{"uv":[5.25,11.03,5.03,12.25],"rotation":0,"texture":"#0","tintindex":0}}}],"display":{"head":{"translation":[0.0,-6.4,0.0],"scale":[4.0,4.0,4.0]}}}