{"textures":{"0":"modelengine:entity/monkey"},"elements":[{"from":[6.22752,7.1609406,3.3744378],"to":[9.77248,10.410488,9.282705],"rotation":{"angle":0.0,"axis":"y","origin":[8.0,8.053352,8.765732]},"faces":{"east":{"uv":[0.03,0.03,2.47,1.47],"rotation":0,"texture":"#0","tintindex":0},"south":{"uv":[5.03,0.03,6.47,1.47],"rotation":0,"texture":"#0","tintindex":0},"north":{"uv":[0.03,4.03,1.47,5.47],"rotation":0,"texture":"#0","tintindex":0},"west":{"uv":[0.03,2.03,2.47,3.47],"rotation":0,"texture":"#0","tintindex":0},"up":{"uv":[4.47,2.47,3.03,0.03],"rotation":0,"texture":"#0","tintindex":0},"down":{"uv":[4.47,3.03,3.03,5.47],"rotation":0,"texture":"#0","tintindex":0}}}],"display":{"head":{"translation":[0.0,-6.4,0.0],"scale":[4.0,4.0,4.0]}}}