{"textures":{"0":"modelengine:entity/nocsy_drakonin_poisoncloud_animated"},"elements":[{"from":[-1.4285717,8.0,-1.4285717],"to":[17.428572,8.0,17.428572],"rotation":{"angle":0.0,"axis":"y","origin":[12.0,7.7714286,10.285714]},"faces":{"east":{"uv":[8.5,0.125,12.625,0.125],"rotation":0,"texture":"#0","tintindex":0},"south":{"uv":[8.5,0.25,12.625,0.25],"rotation":0,"texture":"#0","tintindex":0},"north":{"uv":[8.5,0.0,12.625,0.0],"rotation":0,"texture":"#0","tintindex":0},"west":{"uv":[8.5,0.375,12.625,0.375],"rotation":0,"texture":"#0","tintindex":0},"up":{"uv":[4.125,4.125,0.0,0.0],"rotation":0,"texture":"#0","tintindex":0},"down":{"uv":[4.125,4.25,0.0,8.375],"rotation":0,"texture":"#0","tintindex":0}}}],"display":{"head":{"translation":[0.0,-6.4,0.0],"scale":[4.0,4.0,4.0]}}}